{"Episode_Termination/time_out":0,"Loss/value_function":1.8938463672995567,"_timestamp":1.7586470351764765e+09,"Episode_Termination/fell_over":1,"Metrics/twist/error_vel_yaw":0.07650148868560791,"Episode_Reward/track_ang_vel_z_exp":0.032476142048835754,"Train/mean_episode_length":71.66666666666667,"Loss/learning_rate":1e-05,"Train/mean_reward":-12.748417218526205,"Episode_Reward/pose_l2":-0.43555745482444763,"Episode_Reward/power":-0.1030944436788559,"Metrics/twist/error_vel_xy":0.11576645821332932,"Episode_Reward/dof_pos_limits":0,"Policy/mean_noise_std":1.0016578435897827,"Episode_Reward/action_rate_l2":-0.03419892489910126,"Loss/surrogate":-0.11114595457911491,"_wandb":{"runtime":2},"Loss/entropy":36.93332233428955,"Episode_Reward/ang_vel_xy_l2":-0.011989566497504711,"_runtime":2.029515848,"Perf/total_fps":162,"Perf/collection time":0.10834217071533203,"_step":8,"Episode_Reward/track_lin_vel_xy_exp":0.018641233444213867,"Perf/learning_time":0.039434194564819336}