mtllib material.mtl
usemtl mtl_tibia
v 0.01700000 -0.00000001 0.02530000
v 0.01700000 -0.00000001 0.00850000
v 0.02250000 -0.00000001 0.00850000
v 0.03453996 0.00000000 0.02540850
v 0.03306245 -0.00000000 0.02550000
v 0.02399999 0.00000001 0.00809808
v 0.02819178 -0.00000000 0.02550000
v 0.03633146 -0.00000000 0.02504626
v 0.02509808 -0.00000001 0.00700000
v 0.03743882 0.00000001 0.02467360
v 0.02348456 -0.00000001 0.02550000
v 0.02102326 -0.00000000 0.02550000
v 0.01720000 -0.00000000 0.02550000
v 0.01700488 0.00000001 0.02534390
v 0.01720000 -0.00000000 -0.02550000
v 0.01998458 0.00000001 -0.02550000
v 0.02250000 -0.00000001 -0.00850000
v 0.04457807 0.00000001 0.01687500
v 0.04379527 -0.00000000 0.01886671
v 0.04228757 -0.00000001 0.02117453
v 0.04190762 -0.00000000 0.02160933
v 0.04007643 -0.00000001 0.02323688
v 0.03936633 0.00000000 0.02371081
v 0.04666271 0.00000001 0.00635283
v 0.04621683 -0.00000001 0.00966259
v 0.02550001 0.00000001 0.00550000
v 0.02527164 -0.00000000 -0.00664805
v 0.02462132 -0.00000000 -0.00762132
v 0.04007640 -0.00000000 -0.02323691
v 0.04565721 -0.00000001 0.01262278
v 0.02348507 -0.00000000 -0.02550000
v 0.02771844 -0.00000000 -0.02550000
v 0.02364805 -0.00000001 -0.00827164
v 0.03306245 -0.00000000 -0.02550000
v 0.03453989 -0.00000000 -0.02540850
v 0.03533091 0.00000001 -0.02528349
v 0.01713381 0.00000001 0.02548872
v 0.01707506 0.00000001 0.02545617
v 0.01703042 0.00000000 0.02540601
v 0.04666271 0.00000001 -0.00635287
v 0.02550001 0.00000001 -0.00550000
v 0.04570736 0.00000001 -0.01238734
v 0.04114655 0.00000001 -0.02236825
v 0.04228754 0.00000000 -0.02117456
v 0.04323271 0.00000000 -0.01986926
v 0.04392473 0.00000000 -0.01859956
v 0.04457807 0.00000001 -0.01687500
v 0.04678379 0.00000000 -0.00508907
v 0.04700001 -0.00000001 -0.00000002
v 0.04695562 -0.00000000 0.00230674
v 0.03743878 -0.00000000 -0.02467362
v 0.03843359 -0.00000000 -0.02423071
v 0.01704383 0.00000000 -0.02542494
v 0.01709400 0.00000000 -0.02546959
v 0.01701126 -0.00000001 -0.02536620
v 0.01715609 -0.00000001 -0.02549512
v 0.01700000 -0.00000001 -0.02530000
v 0.01700000 -0.00000001 -0.00850000
v 0.03249579 0.04409999 0.02123774
v 0.03454366 0.04439303 0.01958759
v 0.03291210 0.05174713 0.01891471
v 0.02083241 0.01429735 0.02526409
v 0.02711267 0.01452503 0.02494931
v 0.02629465 0.02883865 0.02437261
v 0.02711290 0.01452504 -0.02494931
v 0.04324028 0.02287142 -0.01416520
v 0.04413200 0.02301415 -0.01134211
v 0.04492892 0.01580668 -0.01177121
v 0.04458767 0.00819244 -0.01517254
v 0.04352133 0.00807505 -0.01804090
v 0.04294371 0.01551435 -0.01747802
v 0.03961322 0.00781876 -0.02264434
v 0.04183967 0.00794919 -0.02058228
v 0.04538177 0.02322906 -0.00563576
v 0.04613793 0.01601408 -0.00587544
v 0.02577676 0.05794742 -0.02196332
v 0.02359605 0.05763841 -0.02273098
v 0.02238738 0.06472328 -0.02183614
v 0.03267207 0.06742533 0.00413152
v 0.02967878 0.07398570 0.00384743
v 0.02913451 0.07370725 0.00794180
v 0.00481161 0.10499723 0.01391154
v 0.00872522 0.09849285 0.01531019
v 0.01048743 0.09887747 0.01335366
v 0.01373422 0.07694153 -0.02235640
v 0.01564763 0.07810204 -0.02103340
v 0.01748114 0.07118335 -0.02220920
v 0.00338957 0.10292433 -0.01659433
v 0.00317345 0.10350063 -0.01640701
v 0.00327639 0.10461466 -0.01559490
v 0.00371181 0.11153176 -0.00784161
v 0.00374019 0.11259967 -0.00563841
v 0.01313934 0.09935803 -0.00818931
v 0.00689909 0.09799156 0.01699671
v 0.00317347 0.10350078 0.01640690
v 0.00438911 0.10047555 0.01731938
v 0.00361422 0.10814786 0.01246292
v 0.00617683 0.10547471 0.01193781
v 0.00368454 0.10975254 0.01055759
v 0.01199528 0.09916946 0.01092709
v 0.00370704 0.11112736 0.00853573
v 0.01313934 0.09935803 0.00818930
v 0.01385678 0.09947071 0.00537945
v 0.00372531 0.11221209 0.00651789
v 0.00376657 0.11299984 0.00457905
v 0.00383465 0.11354232 0.00263156
v 0.01431745 0.09953941 0.00265419
v 0.00387299 0.11372491 0.00158297
v 0.01449577 0.09957346 -0.00000001
v 0.00390660 0.11383707 -0.00000001
v 0.00370584 0.11102032 -0.00871035
v 0.00364682 0.10870916 -0.01184293
v 0.00617684 0.10547474 -0.01193780
v 0.00353022 0.10713832 -0.01347170
v 0.00481162 0.10499726 -0.01391153
v 0.00350418 0.10687233 -0.01371866
v 0.00464879 0.09987833 -0.01748371
v 0.00689913 0.09799158 -0.01699672
v 0.00618534 0.09653936 -0.01834770
v 0.00862121 0.09138882 -0.01955556
v 0.01037357 0.09155588 -0.01837643
v 0.01064305 0.08654348 -0.02057616
v 0.01330831 0.08491525 -0.01973889
v 0.01146371 0.08432398 -0.02101499
v 0.01229459 0.08185622 -0.02148316
v 0.01878031 0.06417558 -0.02321602
v 0.01586189 0.06692170 -0.02386544
v 0.01493530 0.07194288 -0.02315897
v 0.02005460 0.04997776 -0.02451893
v 0.01695729 0.05547641 -0.02502794
v 0.01955754 0.05709537 -0.02400327
v 0.01662765 0.06038674 -0.02461214
v 0.01614199 0.06498305 -0.02410851
v 0.01722660 0.02311106 -0.02546768
v 0.02083276 0.01429735 -0.02526410
v 0.01586002 0.06693374 0.02386387
v 0.01645434 0.06231995 0.02441321
v 0.01878013 0.06417558 0.02321601
v 0.01688733 0.05666838 0.02493940
v 0.01955736 0.05709538 0.02400326
v 0.01715441 0.05109276 0.02528011
v 0.01560951 0.06845460 0.02366118
v 0.01748101 0.07118334 0.02220919
v 0.01520663 0.07062261 0.02335497
v 0.01330822 0.08491525 0.01973888
v 0.01201196 0.08272514 0.02132066
v 0.01564750 0.07810205 0.02103339
v 0.01345342 0.07797119 0.02217996
v 0.01465559 0.07321474 0.02296362
v 0.00834366 0.09200333 0.01941914
v 0.01030570 0.08740626 0.02040093
v 0.01146372 0.08432394 0.02101498
v 0.00617933 0.09655195 0.01834454
v 0.01037351 0.09155587 0.01837642
v 0.02359592 0.05763839 0.02273098
v 0.02431134 0.06502309 0.02101487
v 0.02238725 0.06472326 0.02183613
v 0.02238342 0.07197581 0.01988599
v 0.02069129 0.07170599 0.02074436
v 0.01996954 0.07881913 0.01861802
v 0.01848893 0.07858793 0.01950085
v 0.01707930 0.08556634 0.01725184
v 0.01579737 0.08537035 0.01815035
v 0.01362665 0.09218987 0.01582911
v 0.01252889 0.09200963 0.01673835
v 0.02384122 0.07226127 0.01888189
v 0.02125239 0.07905745 0.01759465
v 0.01820234 0.08576119 0.01621937
v 0.01460683 0.09236277 0.01479333
v 0.02243788 0.07928528 0.01631590
v 0.01924055 0.08593826 0.01497466
v 0.01551662 0.09251206 0.01358905
v 0.02017724 0.08609387 0.01353411
v 0.01634058 0.09263547 0.01223573
v 0.00356542 0.10752149 0.01310318
v 0.03204040 0.06707914 0.00853094
v 0.03158325 0.06684806 0.01078626
v 0.03414963 0.05989881 0.01147195
v 0.02987426 0.07409793 -0.00000001
v 0.03289729 0.06756281 -0.00000001
v 0.03572560 0.06068355 -0.00000001
v 0.00386122 0.11367524 -0.00191852
v 0.01431746 0.09953944 -0.00265421
v 0.01896593 0.09302934 -0.00000001
v 0.01879369 0.09299548 0.00295629
v 0.01833900 0.09292638 0.00603370
v 0.01761061 0.09281554 0.00920763
v 0.02913451 0.07370725 -0.00794183
v 0.03204040 0.06707914 -0.00853097
v 0.03158325 0.06684806 -0.01078629
v 0.03469583 0.06015262 -0.00908239
v 0.03414963 0.05989881 -0.01147198
v 0.02641024 0.07281479 -0.01599046
v 0.03008527 0.06629789 -0.01517261
v 0.02890315 0.06599125 -0.01709412
v 0.03239261 0.05929936 -0.01608697
v 0.03102487 0.05896880 -0.01807860
v 0.02765967 0.05828362 -0.02104587
v 0.02431137 0.06502309 -0.02101488
v 0.02243788 0.07928528 -0.01631591
v 0.02519067 0.07254357 -0.01758028
v 0.02750651 0.06567175 -0.01873604
v 0.02941902 0.05862765 -0.01975097
v 0.01820234 0.08576119 -0.01621937
v 0.02125239 0.07905745 -0.01759465
v 0.02384122 0.07226127 -0.01888190
v 0.02596755 0.06534576 -0.02004463
v 0.02238345 0.07197580 -0.01988599
v 0.01996954 0.07881913 -0.01861802
v 0.01707933 0.08556633 -0.01725184
v 0.01761061 0.09281554 -0.00920764
v 0.02234454 0.08652299 -0.00668464
v 0.02158993 0.08634477 -0.01021933
v 0.02591951 0.08015119 -0.00732357
v 0.02510277 0.07986509 -0.01120695
v 0.02822406 0.07330739 -0.01215299
v 0.03098882 0.06658556 -0.01304041
v 0.03344658 0.05961186 -0.01385189
v 0.02441028 0.07969055 -0.01307418
v 0.02017724 0.08609387 -0.01353411
v 0.02097215 0.08622901 -0.01193419
v 0.01832451 0.08936955 -0.01288792
v 0.01362668 0.09218986 -0.01582911
v 0.01460684 0.09236280 -0.01479333
v 0.01647437 0.08907508 -0.01551037
v 0.01924055 0.08593826 -0.01497467
v 0.02350724 0.07949685 -0.01479485
v 0.02743928 0.07307068 -0.01416094
v 0.02069139 0.07170602 -0.02074436
v 0.01848900 0.07858794 -0.01950085
v 0.01579746 0.08537034 -0.01815035
v 0.01252896 0.09200963 -0.01673835
v 0.00872525 0.09849287 -0.01531019
v 0.01048743 0.09887747 -0.01335366
v 0.01634058 0.09263547 -0.01223574
v 0.01199528 0.09916946 -0.01092709
v 0.04691052 0.00851599 -0.00000002
v 0.04652525 0.00845525 -0.00611448
v 0.04645238 0.01607318 -0.00292346
v 0.04570968 0.02329066 -0.00279729
v 0.04655925 0.01609447 -0.00000002
v 0.04288906 0.03826426 -0.00000002
v 0.04459150 0.03068595 -0.00000002
v 0.04415438 0.03059207 -0.00539545
v 0.04582185 0.02331307 -0.00000002
v 0.04079190 0.04589387 -0.00000002
v 0.04247557 0.03815212 -0.00515435
v 0.04292103 0.03035310 -0.01091082
v 0.04204392 0.03019439 -0.01365687
v 0.04093533 0.03001608 -0.01634003
v 0.03837847 0.05341810 -0.00000001
v 0.04041932 0.04576193 -0.00491224
v 0.04131313 0.03786689 -0.01047685
v 0.04048698 0.03767736 -0.01314468
v 0.03944434 0.03746420 -0.01576397
v 0.03792496 0.03723353 -0.01816142
v 0.03805775 0.05327153 -0.00466588
v 0.03937317 0.04542627 -0.01003943
v 0.03862827 0.04520298 -0.01262756
v 0.03768533 0.04495160 -0.01518145
v 0.03630663 0.04467925 -0.01753995
v 0.03454361 0.04439301 -0.01958761
v 0.03643075 0.01500197 -0.02355632
v 0.03902584 0.01517606 -0.02204578
v 0.03360908 0.01483129 -0.02444392
v 0.03061104 0.01466965 -0.02475158
v 0.03299086 0.02199502 -0.02395136
v 0.03572663 0.02217570 -0.02298795
v 0.03825126 0.02235857 -0.02144144
v 0.04124232 0.01534850 -0.01998484
v 0.02059368 0.02854579 -0.02501082
v 0.01725565 0.04500042 -0.02542223
v 0.04042093 0.02253873 -0.01938241
v 0.03723516 0.02962161 -0.02083132
v 0.03482745 0.02941589 -0.02241320
v 0.03222240 0.02921154 -0.02345206
v 0.02946801 0.02901542 -0.02397574
v 0.02629484 0.02883865 -0.02437261
v 0.02520742 0.04326824 -0.02376333
v 0.02028717 0.04283382 -0.02473579
v 0.03130902 0.03649786 -0.02294440
v 0.03374047 0.03674420 -0.02183054
v 0.03598677 0.03699148 -0.02021404
v 0.03931137 0.02982342 -0.01877500
v 0.04210630 0.02271130 -0.01691106
v 0.04406068 0.01566876 -0.01467043
v 0.04540225 0.00829748 -0.01219815
v 0.02641023 0.08034759 -0.00355532
v 0.02967879 0.07398573 -0.00384746
v 0.03267207 0.06742533 -0.00413154
v 0.03545526 0.06053337 -0.00440521
v 0.03715691 0.05289884 -0.00958679
v 0.03651259 0.05265068 -0.01208807
v 0.03569099 0.05237086 -0.01456874
v 0.03447606 0.05206711 -0.01688014
v 0.03291207 0.05174714 -0.01891473
v 0.03108653 0.05141858 -0.02059074
v 0.03249576 0.04410001 -0.02123775
v 0.02909702 0.05108936 -0.02184639
v 0.03027377 0.04380745 -0.02242605
v 0.02697853 0.05076992 -0.02268771
v 0.02791782 0.04352486 -0.02316554
v 0.02453368 0.05047841 -0.02338155
v 0.01717890 0.05031738 -0.02531214
v 0.03360911 0.01483128 0.02444391
v 0.03643079 0.01500199 0.02355630
v 0.03902587 0.01517605 0.02204576
v 0.03572667 0.02217572 0.02298794
v 0.03961324 0.00781875 0.02264432
v 0.04183970 0.00794918 0.02058225
v 0.04352136 0.00807504 0.01804086
v 0.04458770 0.00819243 0.01517250
v 0.04540225 0.00829748 0.01219811
v 0.04652525 0.00845525 0.00611444
v 0.04613794 0.01601411 0.00587540
v 0.04492892 0.01580668 0.01177118
v 0.04406071 0.01566875 0.01467039
v 0.04294375 0.01551437 0.01747798
v 0.04124235 0.01534849 0.01998481
v 0.04538177 0.02322906 0.00563572
v 0.04413201 0.02301417 0.01134207
v 0.04324031 0.02287141 0.01416516
v 0.04210630 0.02271130 0.01691103
v 0.04042096 0.02253873 0.01938238
v 0.03825130 0.02235859 0.02144141
v 0.03482748 0.02941588 0.02241319
v 0.02791782 0.04352486 0.02316554
v 0.02946799 0.02901543 0.02397574
v 0.03061104 0.01466965 0.02475158
v 0.02097214 0.08622899 0.01193418
v 0.02350724 0.07949685 0.01479484
v 0.02519067 0.07254357 0.01758027
v 0.02596755 0.06534576 0.02004462
v 0.02577676 0.05794742 0.02196332
v 0.02453352 0.05047840 0.02338154
v 0.02005442 0.04997777 0.02451892
v 0.02028696 0.04283383 0.02473578
v 0.01725565 0.04500042 0.02542222
v 0.01722657 0.02309902 0.02546770
v 0.00378683 0.11320582 -0.00394022
v 0.01385678 0.09947071 -0.00537947
v 0.01833900 0.09292638 -0.00603372
v 0.01879369 0.09299548 -0.00295631
v 0.02280435 0.08664147 -0.00325747
v 0.02297486 0.08669374 -0.00000001
v 0.02658887 0.08042908 -0.00000001
v 0.02280435 0.08664147 0.00325746
v 0.02641023 0.08034759 0.00355531
v 0.02234454 0.08652299 0.00668462
v 0.02591951 0.08015119 0.00732354
v 0.02158993 0.08634477 0.01021931
v 0.02510277 0.07986509 0.01120693
v 0.02441028 0.07969055 0.01307416
v 0.02743928 0.07307068 0.01416092
v 0.02641024 0.07281479 0.01599045
v 0.02890317 0.06599124 0.01709410
v 0.02750654 0.06567173 0.01873603
v 0.02941902 0.05862765 0.01975096
v 0.02765970 0.05828360 0.02104586
v 0.02909705 0.05108935 0.02184638
v 0.02697853 0.05076992 0.02268770
v 0.02520726 0.04326823 0.02376333
v 0.02059340 0.02854580 0.02501081
v 0.00337683 0.10563856 0.01478609
v 0.03598681 0.03699150 0.02021402
v 0.03374050 0.03674419 0.02183052
v 0.03723520 0.02962162 0.02083129
v 0.04093536 0.03001607 0.01634000
v 0.04204392 0.03019439 0.01365683
v 0.04048698 0.03767736 0.01314464
v 0.03239261 0.05929936 0.01608695
v 0.03447606 0.05206711 0.01688012
v 0.03630663 0.04467925 0.01753992
v 0.03792499 0.03723352 0.01816139
v 0.03931139 0.02982341 0.01877497
v 0.03944436 0.03746419 0.01576393
v 0.03862827 0.04520301 0.01262753
v 0.03768533 0.04495160 0.01518142
v 0.03651263 0.05265070 0.01208804
v 0.03569099 0.05237086 0.01456871
v 0.03344658 0.05961186 0.01385187
v 0.03098882 0.06658556 0.01304039
v 0.03469583 0.06015262 0.00908236
v 0.03545526 0.06053337 0.00440519
v 0.03715691 0.05289884 0.00958676
v 0.03805775 0.05327153 0.00466585
v 0.03937317 0.04542627 0.01003940
v 0.04041932 0.04576193 0.00491221
v 0.04131315 0.03786692 0.01047681
v 0.04247557 0.03815212 0.00515432
v 0.04292106 0.03035309 0.01091079
v 0.04415438 0.03059207 0.00539541
v 0.00369422 0.11018297 -0.00997061
v 0.02822406 0.07330739 0.01215297
v 0.03008530 0.06629788 0.01517259
v 0.03102490 0.05896880 0.01807858
v 0.03108654 0.05141861 0.02059072
v 0.03027380 0.04380744 0.02242604
v 0.03130906 0.03649788 0.02294439
v 0.03222244 0.02921156 0.02345205
v 0.04570968 0.02329066 0.00279725
v 0.04645238 0.01607318 0.00292343
v -0.01991297 0.09758939 0.00612132
v -0.01974340 0.09803497 0.00550000
v -0.01780172 0.09708977 0.00550000
v -0.01378348 0.08000044 0.00514805
v -0.01392864 0.08009559 0.00550000
v -0.01291065 0.08200010 0.00550000
v -0.01432737 0.08035696 0.00612132
v -0.01484699 0.08069760 0.00659808
v -0.01392141 0.08242923 0.00659808
v -0.01514133 0.08089052 0.00677164
v -0.01610149 0.08151992 0.00700000
v -0.01530210 0.08301546 0.00700000
v -0.01331842 0.08429788 0.00659808
v -0.01478136 0.08462926 0.00700000
v -0.01305726 0.08624393 0.00659808
v -0.01455581 0.08630995 0.00700000
v -0.01314626 0.08820543 0.00659808
v -0.01463268 0.08800396 0.00700000
v -0.01358258 0.09011983 0.00659808
v -0.01500950 0.08965731 0.00700000
v -0.01435230 0.09192617 0.00659808
v -0.01567425 0.09121735 0.00700000
v -0.01543089 0.09356691 0.00659808
v -0.01660576 0.09263434 0.00700000
v -0.01678402 0.09498972 0.00659808
v -0.01777437 0.09386314 0.00700000
v -0.01836853 0.09614930 0.00659808
v -0.01914282 0.09486460 0.00700000
v -0.02013397 0.09700871 0.00659808
v -0.02066752 0.09560680 0.00700000
v -0.01605903 0.09581445 0.00550000
v -0.01457082 0.09424958 0.00550000
v -0.01338455 0.09244508 0.00550000
v -0.01253800 0.09045842 0.00550000
v -0.01205815 0.08835288 0.00550000
v -0.01196025 0.08619561 0.00550000
v -0.01224747 0.08405528 0.00550000
v -0.01359250 0.07987525 0.00400000
v -0.01254069 0.08184303 0.00400000
v -0.01185549 0.08396648 0.00400000
v -0.01155873 0.08617792 0.00400000
v -0.01165986 0.08840687 0.00400000
v -0.01215567 0.09058236 0.00400000
v -0.01303033 0.09263502 0.00400000
v -0.01425602 0.09449945 0.00400000
v -0.01579366 0.09611632 0.00400000
v -0.01759426 0.09743401 0.00400000
v -0.01960043 0.09841061 0.00400000
v -0.02656894 0.10169793 0.00400000
v -0.02500592 0.10084383 0.00400000
v -0.02511183 0.10064153 0.00514805
v -0.03789278 0.10971981 0.00574375
v -0.03848929 0.11093137 0.00494306
v -0.03491812 0.10736351 0.00514805
v -0.03476762 0.10753526 0.00400000
v -0.03855635 0.11105487 0.00482987
v -0.03859102 0.11126482 0.00400000
v -0.03889331 0.11159298 0.00410927
v -0.03749803 0.10883541 0.00614717
v -0.03178163 0.10142523 0.00700000
v -0.03599232 0.10463196 0.00700000
v -0.03113252 0.10237219 0.00677164
v -0.03618983 0.10531519 0.00697434
v -0.03598812 0.10614237 0.00677164
v -0.02639733 0.09818602 0.00700000
v -0.02586486 0.09920315 0.00677164
v -0.03534670 0.10687438 0.00612132
v -0.03058226 0.10317495 0.00612132
v -0.02541346 0.10006537 0.00612132
v -0.03678896 0.10707520 0.00670007
v -0.03021457 0.10371134 0.00514805
v -0.03008545 0.10389970 0.00400000
v -0.03294964 0.10601685 0.00400000
v -0.04035189 0.11317638 0.00000036
v -0.04035163 0.11317613 -0.00001658
v -0.03925448 0.11198506 -0.00309925
v -0.03889331 0.11159298 -0.00410927
v -0.03859102 0.11126482 -0.00400000
v -0.04033842 0.11316178 0.00012599
v -0.03294964 0.10601685 -0.00400000
v -0.03476762 0.10753526 -0.00400000
v -0.03491812 0.10736351 -0.00514805
v -0.02639733 0.09818602 -0.00700000
v -0.02066752 0.09560680 -0.00700000
v -0.02025915 0.09667978 -0.00677164
v -0.03178163 0.10142523 -0.00700000
v -0.02586486 0.09920315 -0.00677164
v -0.03860307 0.11113869 -0.00474667
v -0.03851343 0.11097621 -0.00490312
v -0.03599232 0.10463196 -0.00700000
v -0.03113252 0.10237219 -0.00677164
v -0.03834648 0.11065786 -0.00516417
v -0.03800792 0.10996635 -0.00561049
v -0.03534670 0.10687438 -0.00612132
v -0.03722961 0.10819805 -0.00638124
v -0.03598812 0.10614237 -0.00677164
v -0.03657337 0.10648101 -0.00682386
v -0.03058226 0.10317495 -0.00612132
v -0.03021457 0.10371134 -0.00514805
v -0.03008545 0.10389970 -0.00400000
v -0.02511183 0.10064153 -0.00514805
v -0.02500592 0.10084383 -0.00400000
v -0.02656894 0.10169793 -0.00400000
v -0.02541346 0.10006537 -0.00612132
v -0.01991297 0.09758939 -0.00612132
v -0.01968166 0.09819717 -0.00514805
v -0.01960043 0.09841061 -0.00400000
v -0.01274319 0.09206497 -0.00400000
v -0.01176170 0.08903697 -0.00400000
v -0.01165986 0.08840687 -0.00400000
v -0.01157684 0.08585925 -0.00400000
v -0.01185549 0.08396648 -0.00400000
v -0.01220059 0.08273787 -0.00400000
v -0.01359250 0.07987525 -0.00400000
v -0.01679389 0.09690884 -0.00400000
v -0.01579366 0.09611632 -0.00400000
v -0.01445763 0.09474690 -0.00400000
v -0.01303033 0.09263502 -0.00400000
v -0.01241701 0.08281077 -0.00514805
v -0.01378348 0.08000044 -0.00514805
v -0.01180465 0.08587514 -0.00514805
v -0.01198614 0.08899479 -0.00514805
v -0.01294968 0.09196746 -0.00514805
v -0.01463281 0.09460039 -0.00514805
v -0.01692638 0.09672284 -0.00514805
v -0.01730370 0.09619318 -0.00612132
v -0.01513168 0.09418322 -0.00612132
v -0.01353776 0.09168981 -0.00612132
v -0.01262526 0.08887467 -0.00612132
v -0.01245340 0.08592033 -0.00612132
v -0.01303329 0.08301838 -0.00612132
v -0.01432737 0.08035696 -0.00612132
v -0.01786842 0.09540050 -0.00677164
v -0.01587830 0.09355887 -0.00677164
v -0.01441785 0.09127427 -0.00677164
v -0.01358179 0.08869491 -0.00677164
v -0.01342432 0.08598797 -0.00677164
v -0.01395565 0.08332904 -0.00677164
v -0.01514133 0.08089052 -0.00677164
v -0.01853454 0.09446545 -0.00700000
v -0.01675898 0.09282239 -0.00700000
v -0.01545600 0.09078412 -0.00700000
v -0.01471009 0.08848283 -0.00700000
v -0.01456959 0.08606777 -0.00700000
v -0.01504365 0.08369552 -0.00700000
v -0.01610149 0.08151992 -0.00700000
v -0.03408600 0.09692559 -0.00700000
v -0.03378907 0.09394178 -0.00700000
v -0.03569127 0.10352146 -0.00700000
v -0.03477217 0.10004903 -0.00700000
v -0.03378549 0.09185404 -0.00700000
v -0.03383826 0.09091231 -0.00700000
v -0.03415120 0.08827148 -0.00700000
v -0.02145137 0.07093979 -0.00700000
v -0.01907319 0.07637993 -0.00700000
v -0.02927429 0.07539471 -0.00700000
v -0.03064702 0.07807812 -0.00700000
v -0.03420292 0.08626083 -0.00700000
v -0.03393304 0.08436871 -0.00700000
v -0.03337887 0.08260729 -0.00700000
v -0.03333077 0.08249083 -0.00700000
v -0.03241962 0.08076002 -0.00700000
v -0.02821907 0.07257582 -0.00700000
v -0.02756959 0.07004810 -0.00700000
v -0.02320616 0.06526781 -0.00700000
v -0.02746682 0.06955446 -0.00700000
v -0.02515599 0.05743585 -0.00700000
v -0.02209213 0.06499045 -0.00677164
v -0.02037534 0.07053959 -0.00677164
v -0.01804868 0.07586186 -0.00677164
v -0.01946313 0.07020029 -0.00612132
v -0.01718013 0.07542270 -0.00612132
v -0.01885360 0.06997358 -0.00514805
v -0.01659978 0.07512923 -0.00514805
v -0.02175059 0.06490543 -0.00659808
v -0.02114768 0.06475532 -0.00612132
v -0.02068505 0.06464014 -0.00550000
v -0.02051662 0.06459822 -0.00514805
v -0.01639600 0.07502620 -0.00400000
v -0.02029502 0.06454305 -0.00400000
v -0.01863957 0.06989397 -0.00400000
v -0.01758970 0.07249152 -0.00400000
v -0.02029502 0.06454305 0.00400000
v -0.01863957 0.06989397 0.00400000
v -0.01758970 0.07249152 0.00400000
v -0.01639600 0.07502620 0.00400000
v -0.02394270 0.04989121 -0.00400000
v -0.02395381 0.04997440 -0.00442926
v -0.02430193 0.05223997 -0.00615799
v -0.02410029 0.05094254 -0.00550858
v -0.02399521 0.05025321 -0.00490072
v -0.02472569 0.05488333 -0.00681610
v -0.02454232 0.05375368 -0.00660666
v -0.02437846 0.05272574 -0.00632786
v -0.02394270 0.04989121 0.00400000
v -0.02515599 0.05743585 0.00700000
v -0.02320616 0.06526781 0.00700000
v -0.02209213 0.06499045 0.00677164
v -0.02114768 0.06475532 0.00612132
v -0.02441350 0.05294681 0.00639626
v -0.02477769 0.05519940 0.00685949
v -0.02051662 0.06459822 0.00514805
v -0.02406802 0.05073222 0.00535764
v -0.02422903 0.05177414 0.00596457
v -0.02394630 0.04992132 0.00425379
v -0.02398219 0.05016636 0.00478594
v -0.02404110 0.05055583 0.00521270
v -0.01659978 0.07512923 0.00514805
v -0.01907319 0.07637993 0.00700000
v -0.02145137 0.07093979 0.00700000
v -0.01804868 0.07586186 0.00677164
v -0.02037534 0.07053959 0.00677164
v -0.01946313 0.07020029 0.00612132
v -0.01885360 0.06997358 0.00514805
v -0.01718013 0.07542270 0.00612132
v -0.02827712 0.07276043 0.00700000
v -0.02890670 0.07451885 0.00700000
v -0.03533670 0.10219574 0.00700000
v -0.03503255 0.10104434 0.00700000
v -0.03385122 0.08403313 0.00700000
v -0.03418546 0.08601276 0.00700000
v -0.03418973 0.08785962 0.00700000
v -0.03381806 0.09120762 0.00700000
v -0.03380723 0.09431418 0.00700000
v -0.03403221 0.09656985 0.00700000
v -0.03417819 0.09747009 0.00700000
v -0.02935483 0.07557549 0.00700000
v -0.03074533 0.07824436 0.00700000
v -0.03226639 0.08052876 0.00700000
v -0.03322548 0.08224783 0.00700000
v -0.02749377 0.06968421 0.00700000
v -0.01960043 0.09841061 -0.01958792
v -0.01960043 0.09841061 -0.01550500
v -0.02208581 0.09943381 -0.01894662
v -0.02377703 0.10022192 -0.01550500
v -0.02430555 0.10048419 -0.01819072
v -0.02708836 0.10199802 -0.01696959
v -0.02777156 0.10240559 -0.01550500
v -0.02975213 0.10367318 -0.01550500
v -0.01968166 0.09819717 -0.01435695
v -0.02387734 0.10001674 -0.01435695
v -0.03053901 0.10416199 -0.01499996
v -0.02789012 0.10221038 -0.01435695
v -0.02822771 0.10165457 -0.01338368
v -0.03170478 0.10436264 -0.01376108
v -0.03129591 0.10440378 -0.01422873
v -0.02873296 0.10082270 -0.01273336
v -0.03220668 0.10383163 -0.01304420
v -0.03199810 0.10417327 -0.01337712
v -0.03221820 0.10172773 -0.01250500
v -0.03231678 0.10240442 -0.01254623
v -0.03232577 0.10330282 -0.01276382
v -0.02416297 0.09943252 -0.01338368
v -0.02459046 0.09855816 -0.01273336
v -0.01974340 0.09803497 -0.01400500
v -0.01991297 0.09758939 -0.01338368
v -0.02013397 0.09700871 -0.01290692
v -0.02025915 0.09667978 -0.01273336
v -0.02066752 0.09560680 -0.01250500
v -0.02509471 0.09752678 -0.01250500
v -0.02932892 0.09984147 -0.01250500
v -0.01852767 0.09624340 -0.01290692
v -0.01797675 0.09719328 -0.01400500
v -0.01777509 0.09754094 -0.01550500
v -0.01636892 0.09607776 -0.01400500
v -0.01611385 0.09638836 -0.01550500
v -0.01496196 0.09471762 -0.01400500
v -0.01466015 0.09498303 -0.01550500
v -0.01379270 0.09314845 -0.01400500
v -0.01345205 0.09336172 -0.01550500
v -0.01289175 0.09141126 -0.01400500
v -0.01252115 0.09156685 -0.01550500
v -0.01228263 0.08955157 -0.01400500
v -0.01189180 0.08964538 -0.01550500
v -0.01198131 0.08761800 -0.01400500
v -0.01158048 0.08764756 -0.01550500
v -0.01199568 0.08566114 -0.01400500
v -0.01159533 0.08562569 -0.01550500
v -0.01232534 0.08373220 -0.01400500
v -0.01193595 0.08363266 -0.01550500
v -0.01296170 0.08188163 -0.01400500
v -0.01259343 0.08172064 -0.01550500
v -0.01706577 0.09522915 -0.01290692
v -0.01578653 0.09399245 -0.01290692
v -0.01472340 0.09256569 -0.01290692
v -0.01390420 0.09098621 -0.01290692
v -0.01335039 0.08929530 -0.01290692
v -0.01307642 0.08753723 -0.01290692
v -0.01308948 0.08575797 -0.01290692
v -0.01338922 0.08400411 -0.01290692
v -0.01396782 0.08232151 -0.01290692
v -0.01928027 0.09494586 -0.01250500
v -0.01801771 0.09406991 -0.01250500
v -0.01691291 0.09300186 -0.01250500
v -0.01599476 0.09176964 -0.01250500
v -0.01528727 0.09040554 -0.01250500
v -0.01480896 0.08894521 -0.01250500
v -0.01457234 0.08742689 -0.01250500
v -0.01458363 0.08589025 -0.01250500
v -0.01484250 0.08437557 -0.01250500
v -0.01534219 0.08292241 -0.01250500
v -0.01259343 0.08172064 -0.02219778
v -0.01192272 0.08368491 -0.02201926
v -0.01158110 0.08580016 -0.02179411
v -0.01159987 0.08788076 -0.02154608
v -0.01197455 0.08997081 -0.02127572
v -0.01268031 0.09192972 -0.02100817
v -0.01374175 0.09380337 -0.02073480
v -0.01505834 0.09541491 -0.02046875
v -0.01611435 0.09638879 -0.02027461
v -0.01668978 0.09683388 -0.02016919
v -0.01844924 0.09790482 -0.01982931
v -0.01663667 0.06548326 -0.02385553
v -0.01663667 0.06548326 -0.01550500
v -0.01611182 0.06984182 -0.02334917
v -0.01614218 0.06965590 -0.01550500
v -0.01527247 0.07387886 -0.02290853
v -0.01529913 0.07377227 -0.01550500
v -0.01410253 0.07783531 -0.02252653
v -0.01411342 0.07780334 -0.01550500
v -0.01837469 0.04263490 -0.02550000
v -0.02000337 0.02122389 -0.02550000
v -0.02000337 0.02122389 -0.01550500
v -0.01719764 0.05810849 -0.02465327
v -0.01772750 0.05114324 -0.02521600
v -0.01823121 0.04452123 -0.02548455
v -0.01962803 0.06571081 -0.01250500
v -0.01813234 0.06559704 -0.01290692
v -0.02192423 0.03552467 -0.01250500
v -0.02142708 0.03182336 -0.01260722
v -0.02096381 0.02837430 -0.01290692
v -0.01703744 0.06551374 -0.01400500
v -0.02056598 0.02541248 -0.01338368
v -0.02000749 0.02125449 -0.01530879
v -0.02001981 0.02134624 -0.01511342
v -0.02006884 0.02171118 -0.01472854
v -0.02026073 0.02313984 -0.01400500
v -0.01762304 0.06989485 -0.01290692
v -0.01910389 0.07013381 -0.01250500
v -0.01675468 0.07413474 -0.01290692
v -0.01821023 0.07449717 -0.01250500
v -0.01553340 0.07828672 -0.01290692
v -0.01695338 0.07877010 -0.01250500
v -0.01653899 0.06971991 -0.01400500
v -0.01568914 0.07386939 -0.01400500
v -0.01449390 0.07793287 -0.01400500
v -0.02873710 0.07688252 -0.01250500
v -0.03173842 0.09842265 -0.01250500
v -0.03163103 0.09522086 -0.01250500
v -0.02808605 0.07508308 -0.01250500
v -0.02426885 0.05273878 -0.01250500
v -0.02549415 0.06110265 -0.01250500
v -0.02693366 0.07022069 -0.01250500
v -0.02700815 0.07067723 -0.01250500
v -0.02770736 0.07383101 -0.01250500
v -0.03009728 0.07982700 -0.01250500
v -0.03215648 0.08460677 -0.01250500
v -0.03232174 0.08555648 -0.01250500
v -0.03173668 0.09322509 -0.01250500
v -0.03152407 0.08254700 -0.01250500
v -0.03186767 0.09199181 -0.01250500
v -0.03222273 0.08980270 -0.01250500
v -0.03243769 0.08766381 -0.01250500
v -0.02283915 0.04233642 -0.01250500
v -0.02412582 0.05172286 -0.01250500
v -0.03055731 0.08066384 -0.01250500
v -0.02377729 0.10022204 0.01550500
v -0.02777207 0.10240589 0.01550500
v -0.02789061 0.10221069 0.01435695
v -0.01960043 0.09841061 0.01550500
v -0.02387759 0.10001687 0.01435695
v -0.03102727 0.10435340 0.01451253
v -0.03116678 0.10438547 0.01436691
v -0.03221820 0.10172773 0.01250500
v -0.02932945 0.09984178 0.01250500
v -0.02873347 0.10082301 0.01273336
v -0.03188234 0.10427265 0.01353600
v -0.03214193 0.10397241 0.01315732
v -0.02822822 0.10165489 0.01338368
v -0.03229098 0.10353571 0.01286640
v -0.03234411 0.10291062 0.01264031
v -0.03158372 0.10439423 0.01390548
v -0.02975213 0.10367318 0.01550500
v -0.03053901 0.10416199 0.01499996
v -0.01974340 0.09803497 0.01400500
v -0.02416323 0.09943265 0.01338368
v -0.01991297 0.09758939 0.01338368
v -0.02459073 0.09855828 0.01273336
v -0.02013397 0.09700871 0.01290692
v -0.02509498 0.09752691 0.01250500
v -0.02066752 0.09560680 0.01250500
v -0.02793584 0.10250577 0.01653519
v -0.02556101 0.10113888 0.01767868
v -0.02265282 0.09968948 0.01877097
v -0.01960043 0.09841061 0.01958792
v -0.01852767 0.09624340 0.01290692
v -0.01429028 0.08246253 0.01273336
v -0.01396782 0.08232151 0.01290692
v -0.01338922 0.08400411 0.01290692
v -0.01339853 0.08207262 0.01338368
v -0.01296170 0.08188163 0.01400500
v -0.01232534 0.08373220 0.01400500
v -0.01280267 0.08181211 0.01435695
v -0.01259343 0.08172064 0.01550500
v -0.01193595 0.08363266 0.01550500
v -0.01199568 0.08566114 0.01400500
v -0.01159533 0.08562569 0.01550500
v -0.01198131 0.08761800 0.01400500
v -0.01158048 0.08764756 0.01550500
v -0.01228263 0.08955157 0.01400500
v -0.01189180 0.08964538 0.01550500
v -0.01289175 0.09141126 0.01400500
v -0.01252115 0.09156685 0.01550500
v -0.01379270 0.09314845 0.01400500
v -0.01345205 0.09336172 0.01550500
v -0.01496196 0.09471762 0.01400500
v -0.01466015 0.09498303 0.01550500
v -0.01636892 0.09607776 0.01400500
v -0.01611385 0.09638836 0.01550500
v -0.01797675 0.09719328 0.01400500
v -0.01777509 0.09754094 0.01550500
v -0.01706577 0.09522915 0.01290692
v -0.01578653 0.09399245 0.01290692
v -0.01472340 0.09256569 0.01290692
v -0.01390420 0.09098621 0.01290692
v -0.01335039 0.08929530 0.01290692
v -0.01307642 0.08753723 0.01290692
v -0.01308948 0.08575797 0.01290692
v -0.01534219 0.08292241 0.01250500
v -0.01484250 0.08437557 0.01250500
v -0.01458363 0.08589025 0.01250500
v -0.01457234 0.08742689 0.01250500
v -0.01480896 0.08894521 0.01250500
v -0.01528727 0.09040554 0.01250500
v -0.01599476 0.09176964 0.01250500
v -0.01691291 0.09300186 0.01250500
v -0.01801771 0.09406991 0.01250500
v -0.01928027 0.09494586 0.01250500
v -0.01773779 0.09751923 0.01997015
v -0.01605356 0.09633856 0.02028568
v -0.01547781 0.09582897 0.02039085
v -0.01408612 0.09428046 0.02066040
v -0.01345204 0.09336171 0.02080153
v -0.01294166 0.09246654 0.02093211
v -0.01214309 0.09054335 0.02119895
v -0.01189181 0.08964544 0.02131887
v -0.01166350 0.08843347 0.02147633
v -0.01155203 0.08636021 0.02172973
v -0.01159529 0.08562609 0.02181374
v -0.01180531 0.08419812 0.02196746
v -0.01238913 0.08221664 0.02215595
v -0.01259343 0.08172064 0.02219778
v -0.01418563 0.07758962 0.02254858
v -0.01454627 0.07647090 0.01550500
v -0.01533013 0.07364705 0.02293266
v -0.01529913 0.07377227 0.01550500
v -0.01614994 0.06960774 0.02337584
v -0.01589967 0.07103571 0.01550500
v -0.01663667 0.06548326 0.02385553
v -0.01663667 0.06548326 0.01550500
v -0.01703744 0.06551374 0.01400500
v -0.01686436 0.06550058 0.01435695
v -0.01612400 0.07107840 0.01435695
v -0.01476441 0.07653841 0.01435695
v -0.01751281 0.06554990 0.01338368
v -0.01676285 0.07119995 0.01338368
v -0.01813234 0.06559704 0.01290692
v -0.01771898 0.07138186 0.01273336
v -0.01848328 0.06562373 0.01273336
v -0.01538567 0.07673064 0.01338368
v -0.01631545 0.07701836 0.01273336
v -0.01741219 0.07735773 0.01250500
v -0.01884680 0.07159641 0.01250500
v -0.01962803 0.06571081 0.01250500
v -0.02600677 0.06441984 0.01250500
v -0.02524459 0.05945303 0.01250500
v -0.03045746 0.08048752 0.01250500
v -0.02937221 0.07836159 0.01250500
v -0.02818111 0.07536956 0.01250500
v -0.03206794 0.10091706 0.01250500
v -0.03193813 0.10011891 0.01250500
v -0.03164785 0.09699506 0.01250500
v -0.03169041 0.09383577 0.01250500
v -0.02796522 0.07470435 0.01250500
v -0.02717389 0.07158933 0.01250500
v -0.02661236 0.06823462 0.01250500
v -0.02412629 0.05172610 0.01250500
v -0.02283915 0.04233642 0.01250500
v -0.02192423 0.03552467 0.01250500
v -0.03206694 0.09065394 0.01250500
v -0.03242468 0.08802246 0.01250500
v -0.03235457 0.08581866 0.01250500
v -0.03208127 0.08427613 0.01250500
v -0.03143928 0.08234483 0.01250500
v -0.03212765 0.09031133 0.01250500
v -0.02715278 0.07035518 0.01114435
v -0.03061966 0.10446124 -0.01495701
v -0.02552630 0.06106417 -0.01195708
v -0.02840636 0.07486035 -0.01068594
v -0.03905386 0.11192515 -0.00393969
v -0.02283915 0.04233642 -0.00000000
v -0.02840636 0.07486035 0.01068594
v -0.03360056 0.08752278 0.00928099
v -0.03338623 0.08521287 0.00950741
v -0.03355969 0.09689397 0.00846825
v -0.03467272 0.10146540 0.00814365
v -0.03323601 0.09221512 0.00885232
v -0.03598116 0.10599935 0.00789339
v -0.03734645 0.11052408 0.00773233
v -0.03807675 0.11277299 0.00768990
v -0.04069063 0.11354415 -0.00000000
v -0.03905386 0.11192515 0.00393969
v -0.04037083 0.11383872 0.00393268
v -0.04059265 0.11363440 0.00218520
v -0.03807675 0.11277299 -0.00768990
v -0.03734645 0.11052408 -0.00773233
v -0.03598116 0.10599935 -0.00789339
v -0.03355969 0.09689397 -0.00846825
v -0.03467272 0.10146540 -0.00814365
v -0.03323601 0.09221512 -0.00885232
v -0.03273989 0.08300327 -0.00973940
v -0.03338623 0.08521287 -0.00950741
v -0.03167950 0.08096328 -0.00997510
v -0.03041451 0.07903060 -0.01021267
v -0.02715278 0.07035518 -0.01114435
v -0.03360056 0.08752278 -0.00928099
v -0.03182810 0.09810976 -0.01230932
v -0.03291810 0.10273942 -0.01179262
v -0.03267896 0.11125988 -0.01418424
v -0.03425113 0.10732185 -0.01139425
v -0.03267896 0.11125988 0.01418424
v -0.03061966 0.10446124 0.01495701
v -0.03291810 0.10273942 0.01179262
v -0.03425113 0.10732185 0.01139425
v -0.03182810 0.09810976 0.01230932
v -0.03273989 0.08300327 0.00973940
v -0.03167950 0.08096328 0.00997510
v -0.03041451 0.07903060 0.01021267
v -0.02552630 0.06106417 0.01195708
v -0.03386514 0.11459133 -0.01397050
v -0.03570573 0.11188225 -0.01113787
v -0.03442097 0.11597730 -0.01391845
v -0.03650582 0.11414449 -0.01107033
v -0.03529217 0.11732375 -0.01388928
v -0.03816346 0.11587207 -0.01057784
v -0.03587630 0.11797890 -0.01388513
v -0.04059265 0.11363440 -0.00218520
v -0.04037083 0.11383872 -0.00393268
v -0.03977080 0.11439146 -0.00659221
v -0.03942675 0.11470837 -0.00767534
v -0.03570573 0.11188225 0.01113787
v -0.03650582 0.11414449 0.01107033
v -0.03977116 0.11439111 0.00659093
v -0.03942675 0.11470837 0.00767534
v -0.03386514 0.11459133 0.01397050
v -0.03442097 0.11597730 0.01391845
v -0.03529217 0.11732375 0.01388928
v -0.03816444 0.11587115 0.01057597
v -0.03790407 0.11611102 0.01104716
v -0.03587630 0.11797890 0.01388513
v -0.02000749 0.02125449 0.01530879
v -0.02000337 0.02122389 0.01550500
v -0.02001981 0.02134624 0.01511342
v -0.02006884 0.02171118 0.01472854
v -0.02026073 0.02313984 0.01400500
v -0.02056598 0.02541248 0.01338368
v -0.02096381 0.02837430 0.01290692
v -0.02142708 0.03182336 0.01260722
v -0.01723577 0.05760729 0.02470122
v -0.02000337 0.02122389 0.02550000
v -0.01837469 0.04263490 0.02550000
v -0.01787473 0.04920764 0.02532551
v -0.01684871 -0.00226306 -0.02550000
v -0.01684871 -0.00226306 0.02550000
v -0.01829306 0.00849036 0.00000000
v -0.01851271 0.01012569 0.00165000
v -0.01840289 0.00930803 0.00142894
v -0.01832250 0.00870947 0.00082500
v -0.02128497 0.03076534 0.00142894
v -0.02136536 0.03136389 0.00082500
v -0.02139480 0.03158301 0.00000000
v -0.02136536 0.03136389 -0.00082500
v -0.02128497 0.03076534 -0.00142894
v -0.02117514 0.02994768 -0.00165000
v -0.02106531 0.02913002 -0.00142894
v -0.02098492 0.02853147 -0.00082500
v -0.01870293 0.01154190 -0.00082500
v -0.02095548 0.02831236 0.00000000
v -0.01873237 0.01176102 0.00000000
v -0.02098492 0.02853147 0.00082500
v -0.01870293 0.01154190 0.00082500
v -0.01862254 0.01094335 0.00142894
v -0.01862254 0.01094335 -0.00142894
v -0.01832250 0.00870947 -0.00082500
v -0.01840289 0.00930803 -0.00142894
v -0.01851271 0.01012569 -0.00165000
v -0.02106531 0.02913002 0.00142894
v -0.02117514 0.02994768 0.00165000
v 0.01700000 -0.00000001 -0.02550000
v 0.01700000 -0.00000001 0.02550000
v 0.01623665 -0.00503696 0.02550000
v 0.01623665 -0.00503696 -0.02550000
v 0.01401519 -0.00962157 0.02550000
v 0.01401519 -0.00962157 -0.02550000
v 0.01053509 -0.01334212 0.02550000
v 0.01053509 -0.01334212 -0.02550000
v 0.00610886 -0.01586448 0.02550000
v 0.00610886 -0.01586448 -0.02550000
v 0.00113406 -0.01696213 0.02550000
v 0.00113406 -0.01696213 -0.02550000
v -0.00394259 -0.01653650 0.02550000
v -0.00394259 -0.01653650 -0.02550000
v -0.00866520 -0.01462582 0.02550000
v -0.00866520 -0.01462582 -0.02550000
v -0.01260962 -0.01140166 0.02550000
v -0.01260962 -0.01140166 -0.02550000
v -0.01542161 -0.00715358 0.02550000
v -0.01542161 -0.00715358 -0.02550000
v 0.01449999 0.04483286 -0.02550000
v 0.01700000 0.04500001 -0.02550000
v 0.00704021 0.04433409 -0.02550000
v -0.00291957 0.04366820 -0.02550000
v -0.01585466 0.04280341 -0.02550000
v -0.01287937 0.04300231 -0.02550000
v -0.00552686 0.08835780 -0.02161637
v -0.00106622 0.08987845 -0.02122023
v 0.00120355 0.08452083 -0.02201851
v -0.02338656 0.12568751 -0.01775502
v -0.02503125 0.12796892 -0.01769638
v -0.02184791 0.13090128 -0.01630802
v -0.01488103 0.06377146 -0.02416257
v -0.01899480 0.10001026 -0.01953423
v -0.02803024 0.10609798 -0.01655379
v -0.01409584 0.09678388 -0.02037327
v -0.01528726 0.10190613 -0.01973975
v -0.01008652 0.08680540 -0.02175016
v -0.01240261 0.09168233 -0.02105073
v -0.00809439 0.08176603 -0.02244959
v -0.00666265 0.07649805 -0.02312705
v -0.00561403 0.07111380 -0.02376057
v -0.01390433 0.05341119 -0.02513221
v 0.00044385 0.09670033 -0.01965296
v 0.00695735 0.09332464 -0.01957630
v 0.00320280 0.09134486 -0.02057213
v 0.00726077 0.09273382 -0.01969257
v 0.00986653 0.08709802 -0.02077579
v -0.01902674 0.13350004 -0.01388513
v -0.01724038 0.12728959 -0.01575494
v -0.01604869 0.13006234 -0.01396385
v -0.01381514 0.12256557 -0.01606774
v -0.01029733 0.12262202 -0.01456117
v -0.01049597 0.11768236 -0.01655379
v -0.00796759 0.11940148 -0.01495701
v -0.00734725 0.11264252 -0.01718421
v -0.00482428 0.11479049 -0.01562802
v -0.00455928 0.10743705 -0.01793013
v -0.00138875 0.10909062 -0.01657901
v -0.00213008 0.10210235 -0.01876267
v 0.00020605 0.10612270 -0.01711209
v 0.00432168 0.09822269 -0.01860934
v -0.00366900 0.09508332 -0.02042195
v -0.00798362 0.09340087 -0.02089198
v -0.00594925 0.10039219 -0.01964875
v -0.00997023 0.09860769 -0.02019035
v -0.00797316 0.10566247 -0.01892571
v -0.01158007 0.10380541 -0.01953423
v -0.01040468 0.11081856 -0.01827789
v -0.01364571 0.10890412 -0.01894638
v -0.01326065 0.11581791 -0.01773038
v -0.01619941 0.11385475 -0.01844954
v -0.01630968 0.12067638 -0.01730826
v -0.01896645 0.11868050 -0.01806649
v -0.01948303 0.12539504 -0.01703659
v -0.02187324 0.12338625 -0.01781997
v -0.01698218 0.10694440 -0.01917215
v -0.02032093 0.10498932 -0.01894638
v -0.01922850 0.11184283 -0.01869243
v -0.02226110 0.10983603 -0.01844954
v -0.02170703 0.11663206 -0.01832257
v -0.02445129 0.11458828 -0.01806649
v -0.02433908 0.12132077 -0.01808455
v -0.02680755 0.11925828 -0.01781997
v -0.02572470 0.12362032 -0.01802184
v -0.02806435 0.12155481 -0.01775502
v -0.02836408 0.12489886 -0.01795725
v -0.03033781 0.11955362 -0.01696502
v -0.02920907 0.11726253 -0.01703659
v -0.02712581 0.11261448 -0.01730826
v -0.02521986 0.10790047 -0.01773038
v -0.02358077 0.10310494 -0.01827789
v -0.02965843 0.11077252 -0.01606774
v -0.03147494 0.11539476 -0.01575494
v -0.03247830 0.11767744 -0.01567253
v -0.00369158 0.05471309 -0.02517775
v -0.00413807 0.06021395 -0.02480789
v -0.00477186 0.06568366 -0.02432818
v 0.00685613 0.05017539 -0.02540387
v 0.01663649 0.05621753 -0.02507892
v 0.00655473 0.05600291 -0.02513221
v 0.01603828 0.06335422 -0.02442812
v 0.00611821 0.06181386 -0.02471008
v 0.01574738 0.06555875 -0.02417607
v 0.00537871 0.06758625 -0.02416257
v 0.01100186 0.08421545 -0.02130702
v 0.00296486 0.07897047 -0.02279171
v 0.01201717 0.08129893 -0.02182498
v 0.00432198 0.07330814 -0.02351476
v 0.01375397 0.07537202 -0.02280874
v 0.01510061 0.06940328 -0.02368518
v -0.02972321 0.12364690 -0.01773274
v -0.03163924 0.12188192 -0.01707619
v -0.03465312 0.11910565 -0.01510342
v 0.01700000 0.04500001 0.02550000
v 0.01449999 0.04483286 0.02550000
v 0.00704021 0.04433409 0.02550000
v -0.00291957 0.04366820 0.02550000
v -0.01287937 0.04300231 0.02550000
v -0.01585466 0.04280341 0.02550000
v -0.01604869 0.13006234 0.01396385
v -0.01902674 0.13350004 0.01388513
v -0.02184791 0.13090128 0.01630802
v -0.01390433 0.05341119 0.02513221
v 0.01663649 0.05621753 0.02507892
v -0.01488103 0.06377146 0.02416257
v -0.00809439 0.08176603 0.02244959
v -0.01409584 0.09678388 0.02037327
v -0.01240261 0.09168233 0.02105073
v -0.01008652 0.08680540 0.02175016
v -0.01528726 0.10190613 0.01973975
v -0.02803024 0.10609798 0.01655379
v -0.02358077 0.10310494 0.01827789
v -0.01899480 0.10001026 0.01953423
v -0.02965843 0.11077252 0.01606774
v -0.02521986 0.10790047 0.01773038
v -0.02032093 0.10498932 0.01894638
v -0.00552686 0.08835780 0.02161637
v -0.00798362 0.09340087 0.02089198
v -0.00997023 0.09860769 0.02019035
v -0.01158007 0.10380541 0.01953423
v -0.01698218 0.10694440 0.01917215
v -0.02226110 0.10983603 0.01844954
v -0.02712581 0.11261448 0.01730826
v -0.03147494 0.11539476 0.01575494
v -0.00594925 0.10039219 0.01964875
v -0.00366900 0.09508332 0.02042195
v 0.00044385 0.09670033 0.01965296
v 0.00695735 0.09332464 0.01957630
v 0.00020605 0.10612270 0.01711209
v -0.00213008 0.10210235 0.01876267
v -0.00455928 0.10743705 0.01793013
v -0.00797316 0.10566247 0.01892571
v -0.01040468 0.11081856 0.01827789
v -0.01364571 0.10890412 0.01894638
v -0.01619941 0.11385475 0.01844954
v -0.01922850 0.11184283 0.01869243
v -0.02170703 0.11663206 0.01832257
v -0.02445129 0.11458828 0.01806649
v -0.02680755 0.11925828 0.01781997
v -0.02920907 0.11726253 0.01703659
v -0.03033781 0.11955362 0.01696502
v -0.03247830 0.11767744 0.01567253
v -0.00138875 0.10909062 0.01657901
v -0.00482428 0.11479049 0.01562802
v -0.00734725 0.11264252 0.01718421
v -0.01049597 0.11768236 0.01655379
v -0.01326065 0.11581791 0.01773038
v -0.01630968 0.12067638 0.01730826
v -0.01896645 0.11868050 0.01806649
v -0.02187324 0.12338625 0.01781997
v -0.02433908 0.12132077 0.01808455
v -0.02572470 0.12362032 0.01802184
v -0.02806435 0.12155481 0.01775502
v -0.00796759 0.11940148 0.01495701
v -0.01029733 0.12262202 0.01456117
v -0.01381514 0.12256557 0.01606774
v -0.01724038 0.12728959 0.01575494
v -0.01948303 0.12539504 0.01703659
v -0.02338656 0.12568751 0.01775502
v 0.00611821 0.06181386 0.02471008
v 0.00655473 0.05600291 0.02513221
v 0.00685613 0.05017539 0.02540387
v 0.01603828 0.06335422 0.02442812
v 0.01574738 0.06555875 0.02417607
v 0.00537871 0.06758625 0.02416257
v 0.01510061 0.06940328 0.02368518
v 0.00432198 0.07330814 0.02351476
v 0.01375397 0.07537202 0.02280874
v 0.00296486 0.07897047 0.02279171
v 0.00320280 0.09134486 0.02057213
v -0.00106622 0.08987845 0.02122023
v 0.00120355 0.08452083 0.02201851
v -0.00666265 0.07649805 0.02312705
v -0.00561403 0.07111380 0.02376057
v -0.00477186 0.06568366 0.02432818
v -0.00413807 0.06021395 0.02480789
v -0.00369158 0.05471309 0.02517775
v -0.02503125 0.12796892 0.01769638
v -0.02836408 0.12489886 0.01795725
v -0.02972321 0.12364690 0.01773274
v -0.03163924 0.12188192 0.01707619
v -0.03465312 0.11910565 0.01510342
v 0.00986653 0.08709802 0.02077579
v 0.01100186 0.08421545 0.02130702
v 0.01201717 0.08129893 0.02182498
v -0.01431039 0.13784453 0.00218520
v -0.01453221 0.13764021 0.00393268
v -0.01028561 0.13293406 0.00396011
v 0.01262517 0.08165694 0.01922107
v 0.01641854 0.06367118 0.01837954
v -0.01513188 0.13708782 -0.00659093
v -0.01453221 0.13764021 -0.00393268
v -0.01028561 0.13293406 -0.00396011
v -0.01431039 0.13784453 -0.00218520
v -0.01421242 0.13793479 -0.00000000
v -0.00993210 0.13321206 -0.00000000
v 0.00821049 0.09324895 -0.01742727
v -0.01513225 0.13708748 0.00659221
v -0.01547629 0.13677056 0.00767534
v -0.01132368 0.13211139 0.00773233
v 0.00735353 0.09985796 0.01206988
v 0.00646817 0.09937835 0.01433272
v 0.00906229 0.09371459 0.01508608
v 0.01696962 0.05131180 -0.01269301
v 0.01688381 0.05761995 -0.01253195
v 0.01699828 0.04657164 -0.01199708
v 0.01699881 0.04635167 0.01155316
v 0.01699966 0.04576073 0.01103568
v 0.01700001 0.05775794 -0.00000000
v 0.01699809 0.04662511 0.01221273
v 0.01699880 0.04615752 0.01367586
v 0.01699977 0.04547495 0.01408036
v 0.01700000 0.04500001 0.01415000
v 0.01700000 0.04500001 -0.01415000
v 0.01699944 0.04576065 -0.01396437
v 0.01699839 0.04635166 -0.01344682
v 0.01699792 0.04662507 -0.01278740
v 0.01699986 0.04547502 -0.01091966
v 0.01700000 0.04500001 -0.01085000
v 0.01700000 0.04500001 0.01085000
v 0.01699915 0.04615762 -0.01132424
v 0.00821049 0.09324895 0.01742727
v 0.00267303 0.10437843 0.01563348
v 0.00377531 0.10498549 0.01360304
v 0.00097655 0.11047808 0.01292068
v -0.01673958 0.13560687 0.01057784
v -0.01299171 0.13078338 0.01113787
v -0.00918705 0.12598041 0.01139425
v -0.00555605 0.12098978 0.01179262
v -0.00213707 0.11582088 0.01230932
v -0.00629742 0.12803338 0.00403762
v -0.00740824 0.12724791 0.00789339
v -0.00259747 0.12293278 0.00415807
v -0.00373651 0.12218904 0.00814365
v 0.00080466 0.11764607 0.00431429
v -0.00032934 0.11694692 0.00846825
v 0.00389263 0.11218648 0.00449914
v 0.00276671 0.11153133 0.00885232
v 0.00666039 0.10656966 0.00470545
v 0.00554433 0.10596135 0.00928099
v 0.00912882 0.10081261 0.00492607
v -0.00629742 0.12803338 -0.00403762
v -0.00591743 0.12829854 -0.00000000
v -0.00259747 0.12293278 -0.00415807
v -0.00220658 0.12318369 -0.00000000
v 0.00080466 0.11764607 -0.00431429
v 0.00119484 0.11788195 -0.00000000
v 0.00389263 0.11218648 -0.00449914
v 0.00428120 0.11240774 -0.00000000
v 0.00666039 0.10656966 -0.00470545
v 0.00704686 0.10677540 -0.00000000
v 0.00912882 0.10081261 -0.00492607
v 0.00948624 0.10099934 -0.00000000
v 0.01129400 0.09493519 -0.00515384
v 0.01159367 0.09509403 -0.00000000
v -0.01673860 0.13560778 -0.01057597
v -0.01547629 0.13677056 -0.00767534
v -0.01299171 0.13078338 -0.01113787
v -0.01132368 0.13211139 -0.00773233
v -0.00918705 0.12598041 -0.01139425
v -0.00740824 0.12724791 -0.00789339
v -0.00555605 0.12098978 -0.01179262
v -0.00373651 0.12218904 -0.00814365
v -0.00213707 0.11582088 -0.01230932
v -0.00032934 0.11694692 -0.00846825
v 0.00097655 0.11047808 -0.01292068
v 0.00276671 0.11153133 -0.00885232
v 0.00377531 0.10498549 -0.01360304
v 0.00554433 0.10596135 -0.00928099
v 0.00646817 0.09937835 -0.01433272
v 0.00809862 0.10026117 -0.00973940
v 0.00906229 0.09371459 -0.01508608
v 0.01043001 0.09446567 -0.01021267
v 0.01459842 0.08284094 -0.00560223
v 0.01479025 0.08295314 -0.00000000
v 0.01572127 0.07665357 -0.00580854
v 0.01586817 0.07674639 -0.00000000
v 0.01648801 0.07039452 -0.00599339
v 0.01659163 0.07046796 -0.00000000
v 0.01695506 0.06413224 -0.00000000
v 0.01619013 0.07017932 -0.01195708
v 0.01529847 0.07638057 -0.01157302
v 0.01404554 0.08250986 -0.01114435
v 0.01641854 0.06367118 -0.01837954
v 0.01670788 0.06391985 -0.01228168
v 0.01571955 0.06983934 -0.01786284
v 0.01317036 0.08198246 -0.01656912
v 0.01462986 0.07594737 -0.01725148
v 0.01063349 0.08752773 -0.01833848
v 0.01571955 0.06983934 0.01786284
v 0.00809862 0.10026117 0.00973940
v 0.00980510 0.09412251 0.01267788
v 0.01132118 0.08791721 0.01583943
v 0.01063349 0.08752773 0.01833848
v 0.01696962 0.05131180 0.01269301
v 0.01688381 0.05761995 0.01253195
v 0.01670788 0.06391985 0.01228168
v 0.01619013 0.07017932 0.01195708
v 0.01648801 0.07039452 0.00599339
v 0.01529847 0.07638057 0.01157302
v 0.01572127 0.07665357 0.00580854
v 0.01404554 0.08250986 0.01114435
v 0.01459842 0.08284094 0.00560223
v 0.01242491 0.08854658 0.01068594
v 0.01462986 0.07594737 0.01725148
v 0.01317036 0.08198246 0.01656912
v 0.01192067 0.08825885 0.01328587
v 0.01043001 0.09446567 0.01021267
v 0.01129400 0.09493519 0.00515384
v 0.01699798 0.04657159 0.01300301
v 0.01312185 0.08894057 0.00538162
v 0.01336356 0.08907383 -0.00000000
v 0.01312185 0.08894057 -0.00538162
v 0.01242491 0.08854658 -0.01068594
v 0.01132118 0.08791721 -0.01583943
v -0.02779464 0.04167083 -0.01050500
v -0.02283915 0.04233642 -0.01050500
v -0.02281888 0.04218552 -0.01127037
v -0.02777439 0.04151994 -0.01127037
v -0.02276118 0.04175587 -0.01191921
v -0.02771668 0.04109024 -0.01191921
v -0.02267481 0.04111277 -0.01235276
v -0.02763030 0.04044718 -0.01235276
v -0.02257291 0.04035423 -0.01250500
v -0.02752841 0.03968863 -0.01250500
v -0.02752841 0.03968863 0.01250500
v -0.02257291 0.04035423 0.01250500
v -0.02267481 0.04111277 0.01235276
v -0.02763030 0.04044718 0.01235276
v -0.02276118 0.04175587 0.01191921
v -0.02771668 0.04109024 0.01191921
v -0.02281888 0.04218552 0.01127037
v -0.02777439 0.04151994 0.01127037
v -0.02283915 0.04233642 0.01050500
v -0.02779464 0.04167083 0.01050500
v -0.01711495 -0.00028087 -0.01250500
v -0.02207044 -0.00094647 -0.01250500
v -0.01701305 -0.00103941 -0.01235276
v -0.02196855 -0.00170502 -0.01235276
v -0.01692668 -0.00168249 -0.01191921
v -0.02188217 -0.00234810 -0.01191921
v -0.01686895 -0.00211218 -0.01127037
v -0.02182445 -0.00277778 -0.01127037
v -0.01684871 -0.00226306 -0.01050500
v -0.02180421 -0.00292867 -0.01050500
v -0.01684871 -0.00226306 0.01050500
v -0.02180421 -0.00292867 0.01050500
v -0.01686895 -0.00211218 0.01127037
v -0.02182445 -0.00277778 0.01127037
v -0.01692668 -0.00168249 0.01191921
v -0.02188217 -0.00234810 0.01191921
v -0.01701305 -0.00103941 0.01235276
v -0.02196855 -0.00170502 0.01235276
v -0.01711495 -0.00028087 0.01250500
v -0.02207044 -0.00094647 0.01250500
v -0.20169659 0.31598982 -0.02230240
v -0.20268171 0.32019621 -0.02236608
v -0.20253202 0.32023206 -0.02243828
v -0.19341734 0.27944171 -0.00047867
v -0.19333376 0.27927420 -0.00000000
v -0.19346571 0.27958292 -0.00000000
v -0.19323617 0.27916086 -0.00050323
v -0.19322826 0.27913791 -0.00000000
v -0.19347002 0.27960089 -0.00046566
v -0.19350839 0.27976105 -0.00155817
v -0.19345561 0.27960294 -0.00159249
v -0.19357511 0.28003961 -0.00272688
v -0.19351888 0.27987495 -0.00277539
v -0.19365929 0.28039095 -0.00388494
v -0.19359832 0.28021747 -0.00394774
v -0.19382578 0.28108591 -0.00569483
v -0.19375709 0.28090015 -0.00578335
v -0.19402786 0.28192937 -0.00739805
v -0.19395232 0.28173611 -0.00751560
v -0.19426750 0.28292960 -0.00900734
v -0.19418611 0.28273386 -0.00915613
v -0.19443773 0.28364018 -0.00997070
v -0.19435310 0.28344521 -0.01013982
v -0.19473025 0.28486112 -0.01138259
v -0.19464123 0.28467086 -0.01158345
v -0.19505523 0.28621757 -0.01268836
v -0.19496252 0.28603554 -0.01292017
v -0.19541167 0.28770539 -0.01389133
v -0.19531588 0.28753439 -0.01415247
v -0.19547099 0.28795296 -0.01407281
v -0.19537476 0.28778392 -0.01433841
v -0.19589874 0.28973836 -0.01525310
v -0.19579969 0.28958383 -0.01554793
v -0.19635659 0.29164949 -0.01631226
v -0.19625503 0.29151058 -0.01663351
v -0.19684343 0.29368147 -0.01726088
v -0.19673938 0.29355845 -0.01760595
v -0.19735788 0.29582876 -0.01810816
v -0.19725114 0.29572123 -0.01847488
v -0.19768798 0.29720667 -0.01858345
v -0.19757946 0.29710847 -0.01896277
v -0.19836695 0.30004066 -0.01941687
v -0.19825482 0.29996189 -0.01982008
v -0.19906592 0.30295825 -0.02009257
v -0.19895034 0.30289969 -0.02051774
v -0.19978531 0.30596086 -0.02062070
v -0.19966634 0.30592263 -0.02106559
v -0.20052521 0.30904928 -0.02101129
v -0.20040308 0.30903021 -0.02147322
v -0.20120747 0.31189704 -0.02125883
v -0.20108302 0.31189370 -0.02173319
v -0.20216678 0.31590119 -0.02144982
v -0.20203957 0.31591791 -0.02193847
v -0.19333865 0.27929366 -0.00049131
v -0.19337621 0.27945617 -0.00162581
v -0.19327247 0.27932498 -0.00165718
v -0.19343275 0.27972323 -0.00282232
v -0.19331953 0.27958947 -0.00286613
v -0.19350293 0.28005934 -0.00400817
v -0.19337673 0.27992252 -0.00406394
v -0.19364585 0.28073409 -0.00586769
v -0.19349732 0.28059557 -0.00594391
v -0.19382578 0.28156713 -0.00762647
v -0.19365543 0.28143197 -0.00772435
v -0.19404493 0.28256688 -0.00929494
v -0.19385347 0.28243983 -0.00941446
v -0.19420299 0.28328183 -0.01029647
v -0.19399844 0.28316209 -0.01042909
v -0.19447759 0.28451633 -0.01176734
v -0.19425313 0.28441063 -0.01191873
v -0.19478582 0.28589311 -0.01312985
v -0.19454201 0.28580391 -0.01329737
v -0.19512664 0.28740641 -0.01438576
v -0.19486411 0.28733519 -0.01456635
v -0.19518358 0.28765845 -0.01457523
v -0.19491813 0.28759015 -0.01475759
v -0.19559531 0.28947607 -0.01580721
v -0.19531024 0.28942803 -0.01599965
v -0.19603781 0.29142106 -0.01691209
v -0.19573377 0.29139283 -0.01711101
v -0.19650938 0.29348704 -0.01790097
v -0.19618680 0.29347762 -0.01810316
v -0.19700813 0.29566729 -0.01878387
v -0.19666706 0.29567546 -0.01898647
v -0.19732812 0.29706502 -0.01927938
v -0.19697551 0.29708347 -0.01948096
v -0.19798668 0.29993963 -0.02015017
v -0.19761112 0.29997796 -0.02034726
v -0.19866545 0.30289879 -0.02085892
v -0.19826756 0.30295566 -0.02104870
v -0.19936512 0.30594230 -0.02141548
v -0.19894595 0.30601570 -0.02159565
v -0.20008652 0.30906877 -0.02182952
v -0.19964790 0.30915615 -0.02199874
v -0.20075458 0.31194720 -0.02209346
v -0.20030119 0.31204468 -0.02225298
v -0.20122540 0.31609860 -0.02244870
v -0.20219553 0.32031262 -0.02250004
v -0.20316789 0.32007977 -0.02150005
v -0.20310782 0.32009414 -0.02184613
v -0.20303762 0.32011095 -0.02200007
v -0.20288309 0.32014796 -0.02220716
v -0.20367262 0.32483611 -0.02242388
v -0.20330046 0.32492527 -0.02250000
v -0.20427296 0.32469225 -0.02150000
v -0.20419893 0.32470998 -0.02188268
v -0.20398811 0.32476053 -0.02220711
v -0.20459190 0.32775167 -0.02150000
v -0.20446452 0.32918465 -0.02150000
v -0.20438926 0.32917333 -0.02188268
v -0.18425989 0.33545083 -0.02150000
v -0.18371983 0.33483052 -0.02150000
v -0.18377897 0.33478254 -0.02188268
v -0.18394734 0.33464602 -0.02220711
v -0.18549250 0.33621547 -0.02220711
v -0.18273100 0.33280998 -0.02220711
v -0.18301743 0.33265764 -0.02242388
v -0.18419932 0.33444172 -0.02242388
v -0.18335530 0.33247793 -0.02250000
v -0.18449657 0.33420065 -0.02250000
v -0.18594636 0.33567324 -0.02250000
v -0.18570074 0.33596668 -0.02242388
v -0.18765114 0.33684117 -0.02250000
v -0.18746620 0.33717620 -0.02242388
v -0.18954788 0.33766133 -0.02250000
v -0.18943046 0.33802557 -0.02242388
v -0.19156653 0.33810341 -0.02250000
v -0.19152097 0.33848333 -0.02242388
v -0.19363247 0.33815104 -0.02250000
v -0.19366044 0.33853275 -0.02242388
v -0.19566934 0.33780253 -0.02250000
v -0.19576983 0.33817178 -0.02242388
v -0.19760188 0.33707073 -0.02250000
v -0.19777118 0.33741397 -0.02242388
v -0.19935872 0.33598268 -0.02250000
v -0.19959055 0.33628714 -0.02242388
v -0.20087489 0.33457857 -0.02250000
v -0.20116070 0.33483306 -0.02242388
v -0.20209439 0.33291030 -0.02250000
v -0.20242360 0.33310542 -0.02242388
v -0.20297216 0.33103952 -0.02250000
v -0.20333262 0.33116800 -0.02242388
v -0.20347574 0.32903534 -0.02250000
v -0.20385413 0.32909247 -0.02242388
v -0.18730941 0.33746022 -0.02220711
v -0.18933094 0.33833429 -0.02220711
v -0.19148234 0.33880550 -0.02220711
v -0.19368416 0.33885628 -0.02220711
v -0.19585502 0.33848485 -0.02220711
v -0.19791470 0.33770490 -0.02220711
v -0.19978708 0.33654526 -0.02220711
v -0.20140299 0.33504879 -0.02220711
v -0.20270272 0.33327079 -0.02220711
v -0.20363820 0.33127695 -0.02220711
v -0.20417492 0.32914093 -0.02220711
v -0.18535335 0.33638170 -0.02188268
v -0.18720464 0.33765000 -0.02188268
v -0.18926442 0.33854064 -0.02188268
v -0.19145654 0.33902070 -0.02188268
v -0.19370003 0.33907244 -0.02188268
v -0.19591194 0.33869401 -0.02188268
v -0.19801059 0.33789933 -0.02188268
v -0.19991840 0.33671772 -0.02188268
v -0.20156488 0.33519295 -0.02188268
v -0.20288920 0.33338130 -0.02188268
v -0.20384240 0.33134973 -0.02188268
v -0.18253963 0.33291176 -0.02188268
v -0.18252541 0.33291933 -0.02184123
v -0.18247241 0.33294752 -0.02150000
v -0.18530452 0.33644003 -0.02150000
v -0.18663582 0.33740440 -0.02150000
v -0.18716787 0.33771664 -0.02150000
v -0.18924107 0.33861306 -0.02150000
v -0.19144748 0.33909628 -0.02150000
v -0.19840989 0.33777919 -0.02150000
v -0.19804427 0.33796757 -0.02150000
v -0.19593193 0.33876747 -0.02150000
v -0.19553326 0.33886847 -0.02150000
v -0.19370557 0.33914840 -0.02150000
v -0.19247249 0.33917388 -0.02150000
v -0.19996452 0.33677828 -0.02150000
v -0.20090523 0.33598062 -0.02150000
v -0.20162174 0.33524355 -0.02150000
v -0.20295468 0.33342013 -0.02150000
v -0.20391409 0.33137530 -0.02150000
v -0.20410591 0.33078897 -0.02150000
v -0.20458564 0.32692921 -0.02150000
v -0.20450959 0.32693246 -0.02188268
v -0.20429301 0.32694170 -0.02220711
v -0.20396888 0.32695553 -0.02242388
v -0.20358655 0.32697183 -0.02250000
v -0.18078993 0.32846928 -0.02242385
v -0.18112779 0.32828966 -0.02249995
v -0.18050338 0.32862163 -0.02220710
v -0.18031190 0.32872334 -0.02188264
v -0.18024461 0.32875901 -0.02149995
v -0.16739225 0.30459493 -0.00754235
v -0.16739054 0.30459175 -0.00754345
v -0.16749299 0.30478248 -0.00827015
v -0.16739394 0.30459818 -0.00754125
v -0.16749738 0.30479160 -0.00826644
v -0.16739564 0.30460140 -0.00754015
v -0.16750187 0.30480066 -0.00826273
v -0.16739735 0.30460465 -0.00753905
v -0.16750647 0.30480966 -0.00825902
v -0.16758500 0.30495319 -0.00882765
v -0.16759111 0.30496654 -0.00882167
v -0.16789985 0.30553529 -0.01035774
v -0.16790913 0.30555892 -0.01034416
v -0.16814995 0.30599704 -0.01131168
v -0.16816014 0.30602610 -0.01129223
v -0.16858520 0.30679932 -0.01265477
v -0.16859540 0.30683538 -0.01262528
v -0.16909501 0.30773500 -0.01392294
v -0.16910361 0.30777800 -0.01388170
v -0.16927905 0.30807135 -0.01432661
v -0.16928670 0.30811676 -0.01428105
v -0.16994016 0.30927110 -0.01560723
v -0.16994254 0.30932531 -0.01554541
v -0.17067847 0.31058976 -0.01680625
v -0.17067081 0.31065512 -0.01672497
v -0.17124294 0.31157705 -0.01760097
v -0.17122357 0.31165206 -0.01750389
v -0.17220247 0.31320319 -0.01875942
v -0.17215331 0.31329754 -0.01863646
v -0.17326167 0.31493255 -0.01980940
v -0.17316662 0.31504896 -0.01966562
v -0.17370951 0.31564918 -0.02018901
v -0.17359208 0.31577414 -0.02004013
v -0.17492983 0.31758860 -0.02104681
v -0.17474903 0.31773323 -0.02089656
v -0.17617226 0.31959522 -0.02168810
v -0.17593411 0.31975403 -0.02155138
v -0.17741995 0.32167485 -0.02213152
v -0.17713718 0.32184291 -0.02201510
v -0.17866749 0.32381576 -0.02238937
v -0.17835239 0.32399061 -0.02229426
v -0.17991386 0.32602432 -0.02249285
v -0.17957869 0.32620394 -0.02241450
v -0.16751117 0.30481863 -0.00825531
v -0.16760403 0.30499291 -0.00880971
v -0.16761079 0.30500597 -0.00880373
v -0.16792999 0.30560520 -0.01031692
v -0.16794153 0.30562779 -0.01030327
v -0.16818421 0.30608261 -0.01125312
v -0.16819802 0.30610999 -0.01123351
v -0.16862209 0.30690491 -0.01256576
v -0.16863853 0.30693820 -0.01253586
v -0.16913088 0.30786002 -0.01379801
v -0.16914943 0.30789879 -0.01375586
v -0.16931365 0.30820304 -0.01418835
v -0.16933283 0.30824357 -0.01414161
v -0.16996606 0.30942690 -0.01541831
v -0.16998704 0.30947357 -0.01535390
v -0.17068566 0.31077543 -0.01655489
v -0.17070800 0.31082907 -0.01646796
v -0.17122693 0.31178826 -0.01729677
v -0.17124964 0.31184739 -0.01718993
v -0.17212521 0.31346542 -0.01836067
v -0.17214701 0.31353456 -0.01821512
v -0.17308536 0.31525272 -0.01931490
v -0.17310268 0.31533131 -0.01912314
v -0.17348309 0.31599164 -0.01966009
v -0.17349714 0.31607300 -0.01944853
v -0.17455499 0.31798074 -0.02044933
v -0.17455652 0.31806475 -0.02018641
v -0.17565317 0.32001945 -0.02105839
v -0.17563868 0.32009929 -0.02075173
v -0.17677844 0.32211256 -0.02149483
v -0.17674609 0.32218137 -0.02115431
v -0.17792869 0.32425687 -0.02175952
v -0.17787895 0.32431126 -0.02139417
v -0.17910883 0.32646310 -0.02187382
v -0.17904499 0.32650357 -0.02149299
v -0.16759746 0.30497980 -0.00881569
v -0.16791919 0.30558223 -0.01033055
v -0.16817157 0.30605462 -0.01127270
v -0.16860771 0.30687058 -0.01259559
v -0.16911559 0.30781969 -0.01384001
v -0.16929826 0.30816069 -0.01423489
v -0.16995119 0.30937737 -0.01548230
v -0.17067322 0.31071723 -0.01664088
v -0.17121819 0.31172284 -0.01740197
v -0.17212734 0.31338573 -0.01850236
v -0.17310700 0.31515720 -0.01949838
v -0.17351529 0.31589028 -0.01986074
v -0.17462082 0.31786737 -0.02069221
v -0.17575508 0.31990036 -0.02133419
v -0.17691430 0.32199496 -0.02179389
v -0.17809416 0.32414481 -0.02207412
v -0.17929615 0.32635793 -0.02219724
v -0.18257645 0.32172084 -0.02250003
v -0.18112023 0.32667944 -0.02250000
v -0.18130989 0.32519916 -0.02250000
v -0.18173678 0.32360277 -0.02250000
v -0.18237142 0.32210636 -0.02250000
v -0.19949915 0.31774467 -0.02250000
v -0.19819373 0.31696689 -0.02250000
v -0.19675891 0.31635037 -0.02249997
v -0.20172492 0.31973344 -0.02250000
v -0.20065027 0.31864551 -0.02250000
v -0.18697131 0.31725371 -0.02250000
v -0.18838325 0.31656042 -0.02250000
v -0.18987994 0.31606013 -0.02250000
v -0.19143008 0.31576550 -0.02250000
v -0.19293267 0.31567982 -0.02250000
v -0.19450399 0.31579733 -0.02250000
v -0.19601375 0.31611452 -0.02250000
v -0.18566540 0.31812930 -0.02250000
v -0.18343121 0.32039964 -0.02250000
v -0.18447067 0.31918871 -0.02250000
v -0.18808794 0.33817324 -0.01700000
v -0.18808794 0.33817324 -0.01230000
v -0.18663582 0.33740440 -0.01230000
v -0.18843022 0.33831838 -0.01774702
v -0.18820162 0.33822283 -0.01745841
v -0.18809658 0.33817706 -0.01712986
v -0.18874669 0.33844143 -0.01793511
v -0.18910733 0.33856907 -0.01800000
v -0.18943734 0.33867446 -0.01800000
v -0.19247249 0.33917388 -0.01800000
v -0.19553326 0.33886847 -0.01800000
v -0.19759823 0.33817607 -0.01800000
v -0.19805485 0.33796236 -0.01788478
v -0.19840989 0.33777919 -0.01755906
v -0.19857670 0.33768779 -0.01700000
v -0.19853313 0.33771199 -0.01729546
v -0.19857670 0.33768779 -0.01230000
v -0.18247241 0.33294752 -0.01230000
v -0.18425989 0.33545083 -0.01230000
v -0.20090523 0.33598062 -0.01230000
v -0.20284829 0.33359611 -0.01230000
v -0.20410591 0.33078897 -0.01230000
v -0.20459190 0.32775167 -0.01230000
v -0.20427296 0.32469225 -0.01230000
v -0.19341734 0.27944171 0.00047867
v -0.19333865 0.27929366 0.00049131
v -0.19337621 0.27945617 0.00162581
v -0.20122540 0.31609860 0.02244870
v -0.20219553 0.32031262 0.02250004
v -0.20253202 0.32023206 0.02243828
v -0.19347002 0.27960089 0.00046566
v -0.19323617 0.27916086 0.00050323
v -0.19327247 0.27932498 0.00165718
v -0.19331953 0.27958947 0.00286613
v -0.19343275 0.27972323 0.00282232
v -0.19337673 0.27992252 0.00406394
v -0.19350293 0.28005934 0.00400817
v -0.19349732 0.28059557 0.00594391
v -0.19364585 0.28073409 0.00586769
v -0.19365543 0.28143197 0.00772435
v -0.19382578 0.28156713 0.00762647
v -0.19385347 0.28243983 0.00941446
v -0.19404493 0.28256688 0.00929494
v -0.19399844 0.28316209 0.01042909
v -0.19420299 0.28328183 0.01029647
v -0.19425313 0.28441063 0.01191873
v -0.19447759 0.28451633 0.01176734
v -0.19454201 0.28580391 0.01329737
v -0.19478582 0.28589311 0.01312985
v -0.19486411 0.28733519 0.01456635
v -0.19512664 0.28740641 0.01438576
v -0.19491813 0.28759015 0.01475759
v -0.19518358 0.28765845 0.01457523
v -0.19531024 0.28942803 0.01599965
v -0.19559531 0.28947607 0.01580721
v -0.19573377 0.29139283 0.01711101
v -0.19603781 0.29142106 0.01691209
v -0.19618680 0.29347762 0.01810316
v -0.19650938 0.29348704 0.01790097
v -0.19666706 0.29567546 0.01898647
v -0.19700813 0.29566729 0.01878387
v -0.19697551 0.29708347 0.01948096
v -0.19732812 0.29706502 0.01927938
v -0.19761112 0.29997796 0.02034726
v -0.19798668 0.29993963 0.02015017
v -0.19826756 0.30295566 0.02104870
v -0.19866545 0.30289879 0.02085892
v -0.19894595 0.30601570 0.02159565
v -0.19936512 0.30594230 0.02141548
v -0.19964790 0.30915615 0.02199874
v -0.20008652 0.30906877 0.02182952
v -0.20030119 0.31204468 0.02225298
v -0.20075458 0.31194720 0.02209346
v -0.20169659 0.31598982 0.02230240
v -0.19345561 0.27960294 0.00159249
v -0.19351888 0.27987495 0.00277539
v -0.19359832 0.28021747 0.00394774
v -0.19375709 0.28090015 0.00578335
v -0.19395232 0.28173611 0.00751560
v -0.19418611 0.28273386 0.00915613
v -0.19435310 0.28344521 0.01013982
v -0.19464123 0.28467086 0.01158345
v -0.19496252 0.28603554 0.01292017
v -0.19531588 0.28753439 0.01415247
v -0.19537476 0.28778392 0.01433841
v -0.19579969 0.28958383 0.01554793
v -0.19625503 0.29151058 0.01663351
v -0.19673938 0.29355845 0.01760595
v -0.19725114 0.29572123 0.01847488
v -0.19757946 0.29710847 0.01896277
v -0.19825482 0.29996189 0.01982008
v -0.19895034 0.30289969 0.02051774
v -0.19966634 0.30592263 0.02106559
v -0.20040308 0.30903021 0.02147322
v -0.20108302 0.31189370 0.02173319
v -0.20203957 0.31591791 0.02193847
v -0.20268171 0.32019621 0.02236608
v -0.20288309 0.32014796 0.02220716
v -0.20303762 0.32011095 0.02200007
v -0.20310782 0.32009414 0.02184613
v -0.19350839 0.27976105 0.00155817
v -0.19357511 0.28003961 0.00272688
v -0.19365929 0.28039095 0.00388494
v -0.19382578 0.28108591 0.00569483
v -0.19402786 0.28192937 0.00739805
v -0.19426750 0.28292960 0.00900734
v -0.19443773 0.28364018 0.00997070
v -0.19473025 0.28486112 0.01138259
v -0.19505523 0.28621757 0.01268836
v -0.19541167 0.28770539 0.01389133
v -0.19547099 0.28795296 0.01407281
v -0.19589874 0.28973836 0.01525310
v -0.19635659 0.29164949 0.01631226
v -0.19684343 0.29368147 0.01726088
v -0.19735788 0.29582876 0.01810816
v -0.19768798 0.29720667 0.01858345
v -0.19836695 0.30004066 0.01941687
v -0.19906592 0.30295825 0.02009257
v -0.19978531 0.30596086 0.02062070
v -0.20052521 0.30904928 0.02101129
v -0.20120747 0.31189704 0.02125883
v -0.20216678 0.31590119 0.02144982
v -0.20316789 0.32007977 0.02150005
v -0.19434378 0.28324798 0.00239663
v -0.19466659 0.28459543 0.00470460
v -0.19519103 0.28678441 0.00683171
v -0.19423498 0.28279388 -0.00000347
v -0.19434439 0.28325060 -0.00240344
v -0.19466782 0.28460053 -0.00471102
v -0.19519280 0.28679183 -0.00683748
v -0.19589691 0.28973079 0.00869619
v -0.19773857 0.29741785 0.01136339
v -0.19675712 0.29332128 0.01022635
v -0.19589919 0.28974020 -0.00870109
v -0.20427296 0.32469225 0.02150000
v -0.20427296 0.32469225 0.01230000
v -0.19675979 0.29333240 -0.01023021
v -0.19774154 0.29743022 -0.01136604
v -0.19880670 0.30187616 -0.01206493
v -0.19991110 0.30648598 0.01230000
v -0.19880356 0.30186307 0.01206357
v -0.19991110 0.30648598 -0.01230000
v -0.20419893 0.32470998 0.02188268
v -0.20330046 0.32492527 0.02250000
v -0.20367262 0.32483611 0.02242388
v -0.20398811 0.32476053 0.02220711
v -0.19805485 0.33796236 0.01788478
v -0.19840989 0.33777919 0.01755906
v -0.19840989 0.33777919 0.02150000
v -0.19857670 0.33768779 0.01700000
v -0.19857670 0.33768779 0.01230000
v -0.20090523 0.33598062 0.01230000
v -0.19996452 0.33677828 0.02150000
v -0.19853313 0.33771199 0.01729546
v -0.20090523 0.33598062 0.02150000
v -0.19593193 0.33876747 0.02150000
v -0.19553326 0.33886847 0.01800000
v -0.19759823 0.33817607 0.01800000
v -0.19804427 0.33796757 0.02150000
v -0.19553326 0.33886847 0.02150000
v -0.19370557 0.33914840 0.02150000
v -0.19247249 0.33917388 0.01800000
v -0.18924107 0.33861306 0.02150000
v -0.18943734 0.33867446 0.01800000
v -0.19144748 0.33909628 0.02150000
v -0.19247249 0.33917388 0.02150000
v -0.18808794 0.33817324 0.01700000
v -0.18809658 0.33817706 0.01712986
v -0.18663582 0.33740440 0.02150000
v -0.18808794 0.33817324 0.01230000
v -0.18820162 0.33822283 0.01745841
v -0.18843022 0.33831838 0.01774702
v -0.18716787 0.33771664 0.02150000
v -0.18874669 0.33844143 0.01793511
v -0.18910733 0.33856907 0.01800000
v -0.20458564 0.32692921 0.02150000
v -0.20459190 0.32775167 0.01230000
v -0.20459190 0.32775167 0.02150000
v -0.20446452 0.32918465 0.02150000
v -0.20410591 0.33078897 0.01230000
v -0.20410591 0.33078897 0.02150000
v -0.20391409 0.33137530 0.02150000
v -0.20284829 0.33359611 0.01230000
v -0.20162174 0.33524355 0.02150000
v -0.20295468 0.33342013 0.02150000
v -0.18663582 0.33740440 0.01230000
v -0.18530452 0.33644003 0.02150000
v -0.18425989 0.33545083 0.01230000
v -0.18247241 0.33294752 0.02150000
v -0.18247241 0.33294752 0.01230000
v -0.18371983 0.33483052 0.02150000
v -0.18425989 0.33545083 0.02150000
v -0.19991840 0.33671772 0.02188268
v -0.20450959 0.32693246 0.02188268
v -0.19591194 0.33869401 0.02188268
v -0.19585502 0.33848485 0.02220711
v -0.19368416 0.33885628 0.02220711
v -0.20429301 0.32694170 0.02220711
v -0.20417492 0.32914093 0.02220711
v -0.19576983 0.33817178 0.02242388
v -0.19366044 0.33853275 0.02242388
v -0.20396888 0.32695553 0.02242388
v -0.20385413 0.32909247 0.02242388
v -0.20358655 0.32697183 0.02250000
v -0.20347574 0.32903534 0.02250000
v -0.20297216 0.33103952 0.02250000
v -0.20333262 0.33116800 0.02242388
v -0.20209439 0.33291030 0.02250000
v -0.20242360 0.33310542 0.02242388
v -0.20087489 0.33457857 0.02250000
v -0.20116070 0.33483306 0.02242388
v -0.19935872 0.33598268 0.02250000
v -0.19959055 0.33628714 0.02242388
v -0.18335530 0.33247793 0.02250000
v -0.18419932 0.33444172 0.02242388
v -0.18449657 0.33420065 0.02250000
v -0.18570074 0.33596668 0.02242388
v -0.18594636 0.33567324 0.02250000
v -0.18746620 0.33717620 0.02242388
v -0.18765114 0.33684117 0.02250000
v -0.18943046 0.33802557 0.02242388
v -0.18954788 0.33766133 0.02250000
v -0.19152097 0.33848333 0.02242388
v -0.19156653 0.33810341 0.02250000
v -0.19363247 0.33815104 0.02250000
v -0.19566934 0.33780253 0.02250000
v -0.20363820 0.33127695 0.02220711
v -0.20270272 0.33327079 0.02220711
v -0.20140299 0.33504879 0.02220711
v -0.19978708 0.33654526 0.02220711
v -0.19148234 0.33880550 0.02220711
v -0.18933094 0.33833429 0.02220711
v -0.18730941 0.33746022 0.02220711
v -0.18549250 0.33621547 0.02220711
v -0.18394734 0.33464602 0.02220711
v -0.20438926 0.32917333 0.02188268
v -0.20384240 0.33134973 0.02188268
v -0.20288920 0.33338130 0.02188268
v -0.20156488 0.33519295 0.02188268
v -0.19370003 0.33907244 0.02188268
v -0.19145654 0.33902070 0.02188268
v -0.18926442 0.33854064 0.02188268
v -0.18720464 0.33765000 0.02188268
v -0.18535335 0.33638170 0.02188268
v -0.18377897 0.33478254 0.02188268
v -0.19801059 0.33789933 0.02188268
v -0.19791470 0.33770490 0.02220711
v -0.19777118 0.33741397 0.02242388
v -0.19760188 0.33707073 0.02250000
v -0.18301743 0.33265764 0.02242388
v -0.18273100 0.33280998 0.02220711
v -0.18253963 0.33291176 0.02188268
v -0.18252541 0.33291933 0.02184123
v -0.18031190 0.32872334 0.02188264
v -0.18024461 0.32875901 0.02149995
v -0.18050338 0.32862163 0.02220710
v -0.18078993 0.32846928 0.02242385
v -0.18112779 0.32828966 0.02249995
v -0.16739054 0.30459175 0.00754345
v -0.16739225 0.30459493 0.00754235
v -0.16749738 0.30479160 0.00826644
v -0.16739564 0.30460140 0.00754015
v -0.16739735 0.30460465 0.00753905
v -0.16751117 0.30481863 0.00825531
v -0.16739394 0.30459818 0.00754125
v -0.16750647 0.30480966 0.00825902
v -0.16750187 0.30480066 0.00826273
v -0.16761079 0.30500597 0.00880373
v -0.16760403 0.30499291 0.00880971
v -0.16794153 0.30562779 0.01030327
v -0.16792999 0.30560520 0.01031692
v -0.16819802 0.30610999 0.01123351
v -0.16818421 0.30608261 0.01125312
v -0.16863853 0.30693820 0.01253586
v -0.16862209 0.30690491 0.01256576
v -0.16914943 0.30789879 0.01375586
v -0.16913088 0.30786002 0.01379801
v -0.16933283 0.30824357 0.01414161
v -0.16931365 0.30820304 0.01418835
v -0.16998704 0.30947357 0.01535390
v -0.16996606 0.30942690 0.01541831
v -0.17070800 0.31082907 0.01646796
v -0.17068566 0.31077543 0.01655489
v -0.17124964 0.31184739 0.01718993
v -0.17122693 0.31178826 0.01729677
v -0.17214701 0.31353456 0.01821512
v -0.17212521 0.31346542 0.01836067
v -0.17310268 0.31533131 0.01912314
v -0.17308536 0.31525272 0.01931490
v -0.17349714 0.31607300 0.01944853
v -0.17348309 0.31599164 0.01966009
v -0.17455652 0.31806475 0.02018641
v -0.17455499 0.31798074 0.02044933
v -0.17563868 0.32009929 0.02075173
v -0.17565317 0.32001945 0.02105839
v -0.17674609 0.32218137 0.02115431
v -0.17677844 0.32211256 0.02149483
v -0.17787895 0.32431126 0.02139417
v -0.17792869 0.32425687 0.02175952
v -0.17904499 0.32650357 0.02149299
v -0.17910883 0.32646310 0.02187382
v -0.16749299 0.30478248 0.00827015
v -0.16759111 0.30496654 0.00882167
v -0.16758500 0.30495319 0.00882765
v -0.16790913 0.30555892 0.01034416
v -0.16789985 0.30553529 0.01035774
v -0.16816014 0.30602610 0.01129223
v -0.16814995 0.30599704 0.01131168
v -0.16859540 0.30683538 0.01262528
v -0.16858520 0.30679932 0.01265477
v -0.16910361 0.30777800 0.01388170
v -0.16909501 0.30773500 0.01392294
v -0.16928670 0.30811676 0.01428105
v -0.16927905 0.30807135 0.01432661
v -0.16994254 0.30932531 0.01554541
v -0.16994016 0.30927110 0.01560723
v -0.17067081 0.31065512 0.01672497
v -0.17067847 0.31058976 0.01680625
v -0.17122357 0.31165206 0.01750389
v -0.17124294 0.31157705 0.01760097
v -0.17215331 0.31329754 0.01863646
v -0.17220247 0.31320319 0.01875942
v -0.17316662 0.31504896 0.01966562
v -0.17326167 0.31493255 0.01980940
v -0.17359208 0.31577414 0.02004013
v -0.17370951 0.31564918 0.02018901
v -0.17474903 0.31773323 0.02089656
v -0.17492983 0.31758860 0.02104681
v -0.17593411 0.31975403 0.02155138
v -0.17617226 0.31959522 0.02168810
v -0.17713718 0.32184291 0.02201510
v -0.17741995 0.32167485 0.02213152
v -0.17835239 0.32399061 0.02229426
v -0.17866749 0.32381576 0.02238937
v -0.17957869 0.32620394 0.02241450
v -0.17991386 0.32602432 0.02249285
v -0.16759746 0.30497980 0.00881569
v -0.16791919 0.30558223 0.01033055
v -0.16817157 0.30605462 0.01127270
v -0.16860771 0.30687058 0.01259559
v -0.16911559 0.30781969 0.01384001
v -0.16929826 0.30816069 0.01423489
v -0.16995119 0.30937737 0.01548230
v -0.17067322 0.31071723 0.01664088
v -0.17121819 0.31172284 0.01740197
v -0.17212734 0.31338573 0.01850236
v -0.17310700 0.31515720 0.01949838
v -0.17351529 0.31589028 0.01986074
v -0.17462082 0.31786737 0.02069221
v -0.17575508 0.31990036 0.02133419
v -0.17691430 0.32199496 0.02179389
v -0.17809416 0.32414481 0.02207412
v -0.17929615 0.32635793 0.02219724
v -0.16728839 0.30439964 -0.00676770
v -0.16826995 0.30624524 0.00798162
v -0.16849661 0.30667138 0.00900248
v -0.16698642 0.30383202 -0.00000000
v -0.16780767 0.30537608 -0.00240991
v -0.16698657 0.30383232 0.00004143
v -0.16780767 0.30537608 0.00240991
v -0.16698670 0.30383259 0.00008415
v -0.17109714 0.31156069 -0.01229730
v -0.17057277 0.31057483 -0.01217099
v -0.16728839 0.30439964 0.00676770
v -0.16698657 0.30383232 -0.00004143
v -0.16698670 0.30383259 -0.00008415
v -0.16698684 0.30383283 -0.00013079
v -0.16880070 0.30724311 0.00992646
v -0.16917345 0.30794391 0.01072674
v -0.16959883 0.30874369 0.01137368
v -0.17007436 0.30963776 0.01186379
v -0.17057277 0.31057483 0.01217099
v -0.17109714 0.31156069 0.01229730
v -0.16815493 0.30602896 0.00717267
v -0.16709507 0.30403629 0.00440959
v -0.16701573 0.30388719 0.00254438
v -0.16698684 0.30383283 0.00013079
v -0.16725308 0.30433339 0.00641957
v -0.16701573 0.30388719 -0.00254438
v -0.16709507 0.30403629 -0.00440959
v -0.16725308 0.30433339 -0.00641957
v -0.16815493 0.30602896 -0.00717267
v -0.16826995 0.30624524 -0.00798162
v -0.16849661 0.30667138 -0.00900248
v -0.16880070 0.30724311 -0.00992646
v -0.16917345 0.30794391 -0.01072674
v -0.16959883 0.30874369 -0.01137368
v -0.17007436 0.30963776 -0.01186379
v -0.17126316 0.31187281 0.01230000
v -0.17126316 0.31187281 -0.01230000
v -0.17117338 0.31170398 -0.01229974
v -0.17117338 0.31170398 0.01229974
v -0.18298936 0.32103446 0.02250000
v -0.18257645 0.32172084 0.02250003
v -0.20184329 0.31987229 0.02250011
v -0.18111871 0.32670406 0.02250006
v -0.18230149 0.32224628 0.02250008
v -0.18170066 0.32371041 0.02249991
v -0.18130928 0.32520345 0.02250009
v -0.20076993 0.31875357 0.02249993
v -0.18496105 0.31871903 0.02250000
v -0.18389592 0.31981725 0.02250000
v -0.19954289 0.31777489 0.02249996
v -0.19818933 0.31696513 0.02250005
v -0.19675891 0.31635037 0.02249997
v -0.18900006 0.31632724 0.02250000
v -0.18754306 0.31694484 0.02250000
v -0.18618891 0.31774774 0.02250000
v -0.19367549 0.31570923 0.02250000
v -0.19209115 0.31570429 0.02250000
v -0.19052021 0.31591263 0.02250000
v -0.19523861 0.31592602 0.02250000
v -0.17901863 0.29930463 0.02122103
v -0.17846783 0.29633439 0.02062252
v -0.17615996 0.29704526 0.02027064
v -0.18408528 0.28848317 0.01873500
v -0.18269490 0.28888834 0.01899944
v -0.18311709 0.29185563 0.01991235
v -0.18741350 0.29066399 0.01913789
v -0.18594714 0.29105282 0.01947711
v -0.18646495 0.29401660 0.02037900
v -0.18115449 0.31182855 0.02233073
v -0.18279155 0.31481388 0.02244831
v -0.18766245 0.31326270 0.02249057
v -0.16697118 0.30347517 0.00926916
v -0.16753334 0.30477908 0.00945294
v -0.16762757 0.30448678 0.01144251
v -0.19234256 0.31190038 0.02247141
v -0.17901756 0.28986281 0.01926783
v -0.18009405 0.28966007 0.01927151
v -0.18063617 0.28837183 0.01891561
v -0.17348398 0.29496014 0.01896247
v -0.17418845 0.29473373 0.01921286
v -0.17450009 0.29402411 0.01920156
v -0.16723894 0.30430776 0.00642576
v -0.16704419 0.30395588 0.00461223
v -0.16703470 0.30393735 0.00442399
v -0.16728112 0.30438638 0.00677096
v -0.18010253 0.32556903 0.02249170
v -0.17950472 0.32409558 0.02245539
v -0.18200189 0.31860134 0.02247366
v -0.17959750 0.31924513 0.02236341
v -0.18119755 0.32220659 0.02249187
v -0.17999777 0.32243955 0.02245698
v -0.17735279 0.31977928 0.02204515
v -0.17178315 0.31181404 0.01849793
v -0.17017570 0.30929491 0.01633974
v -0.17064647 0.30902603 0.01753536
v -0.16693841 0.30375198 0.00705932
v -0.16683951 0.30362475 0.00004328
v -0.16683997 0.30362535 0.00008579
v -0.16624197 0.30294257 0.00206087
v -0.16566753 0.30216032 0.00377926
v -0.16557363 0.30224681 0.00050806
v -0.16683903 0.30362409 -0.00000000
v -0.16557151 0.30224878 -0.00000000
v -0.16673720 0.30170390 0.01115563
v -0.16612551 0.30173844 0.00868798
v -0.16640577 0.30211583 0.00923717
v -0.16588274 0.30196208 0.00674121
v -0.16622299 0.30245984 0.00707960
v -0.16617739 0.30273023 0.00468659
v -0.16852896 0.30026501 0.01552514
v -0.16775721 0.30023539 0.01424908
v -0.16781920 0.30075628 0.01428616
v -0.16719632 0.30075207 0.01298830
v -0.16721399 0.30124289 0.01283546
v -0.16696852 0.30096188 0.01235133
v -0.16649349 0.30139947 0.01064145
v -0.17017668 0.29932702 0.01744936
v -0.16963840 0.29850253 0.01681398
v -0.16932110 0.29978511 0.01657229
v -0.16883749 0.29924029 0.01593583
v -0.16842130 0.29962367 0.01537077
v -0.17202628 0.29849130 0.01878100
v -0.17122068 0.29704499 0.01800744
v -0.17052977 0.29768142 0.01755655
v -0.17747951 0.29127961 0.01941498
v -0.17596945 0.29267061 0.01939077
v -0.17591691 0.29396152 0.01962435
v -0.17402066 0.29774716 0.01968089
v -0.18211541 0.28700921 0.01839853
v -0.18353245 0.28570390 0.01770373
v -0.18373995 0.28551275 0.01758366
v -0.18378411 0.28547207 0.01755746
v -0.18809988 0.28440276 0.01570909
v -0.18780361 0.28176945 0.01393762
v -0.18729714 0.28223604 0.01456574
v -0.18663631 0.28472722 0.01644650
v -0.18981908 0.27991289 0.01055086
v -0.18905134 0.28062010 0.01205035
v -0.18915668 0.28133014 0.01266497
v -0.18817848 0.28142416 0.01342675
v -0.18935585 0.28272134 0.01380056
v -0.18955868 0.28413126 0.01484910
v -0.19258671 0.27855319 0.00158944
v -0.19193645 0.27796248 0.00235187
v -0.19313519 0.27953088 0.00347009
v -0.19177118 0.27811471 0.00370856
v -0.19217452 0.27910748 0.00533693
v -0.19206342 0.27787262 -0.00000000
v -0.19204991 0.27785796 -0.00000000
v -0.19197994 0.27792239 0.00184599
v -0.19315434 0.27905771 -0.00000000
v -0.19277903 0.27864960 -0.00000000
v -0.19297054 0.27887261 0.00055240
v -0.19342130 0.28251994 0.01010600
v -0.19302906 0.28134415 0.00860079
v -0.19436693 0.28639337 0.01401727
v -0.19462296 0.28778741 0.01510041
v -0.19486342 0.28921860 0.01607494
v -0.19532825 0.29215750 0.01772374
v -0.19581300 0.29515132 0.01902591
v -0.19931556 0.31027552 0.02215612
v -0.19845583 0.30722868 0.02185550
v -0.19767176 0.30420038 0.02142594
v -0.19697110 0.30118033 0.02083462
v -0.19635403 0.29816362 0.02004665
v -0.19698496 0.31076291 0.02233245
v -0.19804785 0.31388280 0.02245395
v -0.19915040 0.31707126 0.02249928
v -0.17231615 0.29603589 0.01855450
v -0.16789898 0.30413947 0.01318635
v -0.16881125 0.30684707 0.01391142
v -0.16833554 0.30375353 0.01469513
v -0.16914965 0.30655351 0.01540250
v -0.16891500 0.30334345 0.01598649
v -0.16964513 0.30622467 0.01667836
v -0.16961581 0.30292153 0.01707969
v -0.17028120 0.30586782 0.01775651
v -0.17041767 0.30249718 0.01799551
v -0.17724131 0.30973399 0.02178530
v -0.17596616 0.30682421 0.02137653
v -0.17381732 0.30763429 0.02060395
v -0.17190430 0.30509782 0.01939859
v -0.17104003 0.30549008 0.01865644
v -0.17200324 0.30838266 0.01937488
v -0.17126000 0.30872032 0.01854113
v -0.17242612 0.31154394 0.01938216
v -0.17285804 0.30469620 0.02000323
v -0.17286092 0.30801877 0.02005587
v -0.17319378 0.31123617 0.02010774
v -0.17450093 0.31408298 0.02082976
v -0.17367047 0.31436437 0.02023937
v -0.17588606 0.31693161 0.02150166
v -0.17496352 0.31718439 0.02106382
v -0.17690070 0.31664091 0.02182982
v -0.17543653 0.31376478 0.02129400
v -0.17407365 0.31089574 0.02069272
v -0.17497936 0.30387935 0.02087632
v -0.17799115 0.31631756 0.02206680
v -0.18033455 0.31559563 0.02233956
v -0.17646277 0.31341529 0.02164969
v -0.17872314 0.31264687 0.02210623
v -0.17505172 0.31052801 0.02115535
v -0.17844796 0.31952792 0.02223966
v -0.17882606 0.32264385 0.02237613
v -0.17731497 0.30305856 0.02141110
v -0.17834081 0.30598876 0.02182854
v -0.17964263 0.30890009 0.02213060
v -0.19106460 0.30882913 0.02239694
v -0.19246317 0.30520788 0.02208986
v -0.18987098 0.30582640 0.02225401
v -0.19151093 0.30221844 0.02176576
v -0.18879735 0.30286473 0.02200925
v -0.18614003 0.31022361 0.02245286
v -0.18215562 0.30806679 0.02229700
v -0.18085657 0.30515602 0.02206521
v -0.17980497 0.30224285 0.02170795
v -0.17659689 0.30008122 0.02088253
v -0.17433544 0.30086142 0.02029861
v -0.17225792 0.30166349 0.01937969
v -0.19351682 0.29864869 0.02077535
v -0.19423942 0.30165303 0.02138220
v -0.19506498 0.30466425 0.02182225
v -0.19598474 0.30769560 0.02212887
v -0.19112490 0.27881411 0.00706670
v -0.19260663 0.28021356 0.00701084
v -0.19146150 0.28001490 0.00862537
v -0.19179544 0.28123772 0.01009191
v -0.19211389 0.28249452 0.01146959
v -0.19377358 0.28375319 0.01151658
v -0.19240767 0.28379568 0.01275385
v -0.19408667 0.28504589 0.01282233
v -0.19267631 0.28514326 0.01393862
v -0.19123153 0.28531834 0.01493462
v -0.19099888 0.28392512 0.01386446
v -0.19075482 0.28256515 0.01270106
v -0.19050106 0.28123620 0.01144670
v -0.19024467 0.27993128 0.01010140
v -0.19167416 0.27820408 0.00432309
v -0.19128688 0.27856085 0.00622560
v -0.19078097 0.27902687 0.00804787
v -0.19048056 0.27930358 0.00893169
v -0.19292457 0.28653350 0.01502041
v -0.19087750 0.29294375 0.01939903
v -0.19189714 0.28966287 0.01758513
v -0.19039851 0.28995973 0.01819527
v -0.19145545 0.28674251 0.01591032
v -0.18996882 0.28701228 0.01668850
v -0.18552087 0.28808048 0.01837640
v -0.18698880 0.28769287 0.01791848
v -0.18847580 0.28733280 0.01735699
v -0.18997937 0.29626191 0.02064961
v -0.18939331 0.29327792 0.01979897
v -0.18890071 0.29029644 0.01871183
v -0.19068158 0.29924092 0.02129546
v -0.19289660 0.29564375 0.01996841
v -0.19236550 0.29264188 0.01892148
v -0.19338787 0.28941372 0.01687895
v -0.19385090 0.29237819 0.01836372
v -0.19435686 0.29538003 0.01953099
v -0.18518311 0.28509098 0.01706421
v -0.18620166 0.28324512 0.01572281
v -0.18501583 0.28433746 0.01672810
v -0.18363804 0.29480243 0.02069068
v -0.18709743 0.29697189 0.02109246
v -0.18428904 0.29773614 0.02132294
v -0.18787047 0.29991889 0.02163016
v -0.18510640 0.30065894 0.02180286
v -0.18345676 0.30434722 0.02215586
v -0.18048123 0.29263365 0.02005637
v -0.18096215 0.29558563 0.02076413
v -0.18158789 0.29852107 0.02136289
v -0.18241081 0.30143929 0.02182923
v -0.18471441 0.30726495 0.02235451
v -0.16689244 0.30369994 0.00219210
v -0.19146150 0.28001490 -0.00862537
v -0.19112490 0.27881411 -0.00706670
v -0.19217452 0.27910748 -0.00533693
v -0.19598474 0.30769560 -0.02212887
v -0.19698496 0.31076291 -0.02233245
v -0.19234256 0.31190038 -0.02247141
v -0.17367047 0.31436437 -0.02023937
v -0.17242612 0.31154394 -0.01938216
v -0.17319378 0.31123617 -0.02010774
v -0.17450093 0.31408298 -0.02082976
v -0.17407365 0.31089574 -0.02069272
v -0.17596616 0.30682421 -0.02137653
v -0.17497936 0.30387935 -0.02087632
v -0.17731497 0.30305856 -0.02141110
v -0.18010253 0.32556903 -0.02249170
v -0.17017570 0.30929491 -0.01633974
v -0.17064647 0.30902603 -0.01753536
v -0.18266813 0.28650004 -0.01815239
v -0.18408528 0.28848317 -0.01873500
v -0.18269490 0.28888834 -0.01899944
v -0.18398061 0.28529108 -0.01743805
v -0.18522473 0.28414506 -0.01656702
v -0.18518311 0.28509098 -0.01706421
v -0.19260663 0.28021356 -0.00701084
v -0.19915040 0.31707126 -0.02249928
v -0.19804785 0.31388280 -0.02245395
v -0.19581300 0.29515132 -0.01902591
v -0.19635403 0.29816362 -0.02004665
v -0.19697110 0.30118033 -0.02083462
v -0.19767176 0.30420038 -0.02142594
v -0.19845583 0.30722868 -0.02185550
v -0.19931556 0.31027552 -0.02215612
v -0.19532825 0.29215750 -0.01772374
v -0.19486342 0.28921860 -0.01607494
v -0.19436693 0.28639337 -0.01401727
v -0.19462296 0.28778741 -0.01510041
v -0.19297054 0.27887261 -0.00055240
v -0.19258671 0.27855319 -0.00158944
v -0.19204539 0.27786210 -0.00047048
v -0.19194005 0.27795914 -0.00231400
v -0.19170113 0.27817923 -0.00416058
v -0.18793851 0.28164521 -0.01375861
v -0.18883824 0.28081641 -0.01241391
v -0.18915668 0.28133014 -0.01266497
v -0.18941888 0.28028154 -0.01137326
v -0.18583493 0.28358296 -0.01605824
v -0.18663631 0.28472722 -0.01644650
v -0.18693632 0.28256837 -0.01497489
v -0.18048123 0.29263365 -0.02005637
v -0.18009405 0.28966007 -0.01927151
v -0.17846783 0.29633439 -0.02062252
v -0.17674719 0.29195419 -0.01942403
v -0.17591691 0.29396152 -0.01962435
v -0.17516336 0.29341316 -0.01930830
v -0.17393655 0.29454681 -0.01908158
v -0.17377697 0.29469025 -0.01904147
v -0.17243227 0.29592893 -0.01860238
v -0.17402066 0.29774716 -0.01968089
v -0.17203456 0.29629529 -0.01843090
v -0.17202628 0.29849130 -0.01878100
v -0.17120656 0.29705799 -0.01799914
v -0.16898271 0.29910651 -0.01611354
v -0.16983332 0.29832298 -0.01699459
v -0.17017668 0.29932702 -0.01744936
v -0.17017294 0.29801014 -0.01728382
v -0.17078771 0.29744384 -0.01773599
v -0.16781920 0.30075628 -0.01428616
v -0.16857204 0.29948479 -0.01558573
v -0.16852896 0.30026501 -0.01552514
v -0.16932110 0.29978511 -0.01657229
v -0.16673720 0.30170390 -0.01115563
v -0.16695905 0.30097064 -0.01232274
v -0.16721399 0.30124289 -0.01283546
v -0.16733646 0.30062297 -0.01333920
v -0.16790378 0.30010039 -0.01452502
v -0.16587852 0.30196595 -0.00669893
v -0.16615264 0.30171344 -0.00886292
v -0.16640577 0.30211583 -0.00923717
v -0.16622360 0.30164808 -0.00929209
v -0.16654530 0.30135176 -0.01086162
v -0.16622299 0.30245984 -0.00707960
v -0.16617739 0.30273023 -0.00468659
v -0.16569963 0.30213076 -0.00438078
v -0.16624197 0.30294257 -0.00206087
v -0.16559747 0.30222487 -0.00191114
v -0.16703470 0.30393735 -0.00442399
v -0.16689244 0.30369994 -0.00219210
v -0.16683997 0.30362535 -0.00008579
v -0.16683951 0.30362475 -0.00004328
v -0.16704419 0.30395588 -0.00461223
v -0.16693841 0.30375198 -0.00705932
v -0.16723894 0.30430776 -0.00642576
v -0.16728112 0.30438638 -0.00677096
v -0.16697118 0.30347517 -0.00926916
v -0.16762757 0.30448678 -0.01144251
v -0.16753334 0.30477908 -0.00945294
v -0.16789898 0.30413947 -0.01318635
v -0.16881125 0.30684707 -0.01391142
v -0.16914965 0.30655351 -0.01540250
v -0.17178315 0.31181404 -0.01849793
v -0.17588606 0.31693161 -0.02150166
v -0.17735279 0.31977928 -0.02204515
v -0.17882606 0.32264385 -0.02237613
v -0.17959750 0.31924513 -0.02236341
v -0.18119755 0.32220659 -0.02249187
v -0.18200189 0.31860134 -0.02247366
v -0.18279155 0.31481388 -0.02244831
v -0.18766245 0.31326270 -0.02249057
v -0.17831099 0.29051369 -0.01935728
v -0.17615996 0.29704526 -0.02027064
v -0.16833554 0.30375353 -0.01469513
v -0.16891500 0.30334345 -0.01598649
v -0.16961581 0.30292153 -0.01707969
v -0.17041767 0.30249718 -0.01799551
v -0.17225792 0.30166349 -0.01937969
v -0.17433544 0.30086142 -0.02029861
v -0.17659689 0.30008122 -0.02088253
v -0.17984816 0.28909770 -0.01911347
v -0.18129066 0.28776893 -0.01871119
v -0.16964513 0.30622467 -0.01667836
v -0.17028120 0.30586782 -0.01775651
v -0.17104003 0.30549008 -0.01865644
v -0.17190430 0.30509782 -0.01939859
v -0.17285804 0.30469620 -0.02000323
v -0.17381732 0.30763429 -0.02060395
v -0.17505172 0.31052801 -0.02115535
v -0.17496352 0.31718439 -0.02106382
v -0.17126000 0.30872032 -0.01854113
v -0.17200324 0.30838266 -0.01937488
v -0.17286092 0.30801877 -0.02005587
v -0.17834081 0.30598876 -0.02182854
v -0.17724131 0.30973399 -0.02178530
v -0.17646277 0.31341529 -0.02164969
v -0.17543653 0.31376478 -0.02129400
v -0.17690070 0.31664091 -0.02182982
v -0.17844796 0.31952792 -0.02223966
v -0.17999777 0.32243955 -0.02245698
v -0.17950472 0.32409558 -0.02245539
v -0.17799115 0.31631756 -0.02206680
v -0.18033455 0.31559563 -0.02233956
v -0.17872314 0.31264687 -0.02210623
v -0.18115449 0.31182855 -0.02233073
v -0.17964263 0.30890009 -0.02213060
v -0.18215562 0.30806679 -0.02229700
v -0.18879735 0.30286473 -0.02200925
v -0.18987098 0.30582640 -0.02225401
v -0.18471441 0.30726495 -0.02235451
v -0.18614003 0.31022361 -0.02245286
v -0.19302906 0.28134415 -0.00860079
v -0.19342130 0.28251994 -0.01010600
v -0.19211389 0.28249452 -0.01146959
v -0.19240767 0.28379568 -0.01275385
v -0.19099888 0.28392512 -0.01386446
v -0.19123153 0.28531834 -0.01493462
v -0.19050106 0.28123620 -0.01144670
v -0.19024467 0.27993128 -0.01010140
v -0.19179544 0.28123772 -0.01009191
v -0.19075482 0.28256515 -0.01270106
v -0.18955868 0.28413126 -0.01484910
v -0.18996882 0.28701228 -0.01668850
v -0.19408667 0.28504589 -0.01282233
v -0.19292457 0.28653350 -0.01502041
v -0.19338787 0.28941372 -0.01687895
v -0.19377358 0.28375319 -0.01151658
v -0.19267631 0.28514326 -0.01393862
v -0.19145545 0.28674251 -0.01591032
v -0.19189714 0.28966287 -0.01758513
v -0.19039851 0.28995973 -0.01819527
v -0.19236550 0.29264188 -0.01892148
v -0.19087750 0.29294375 -0.01939903
v -0.19289660 0.29564375 -0.01996841
v -0.18997937 0.29626191 -0.02064961
v -0.19068158 0.29924092 -0.02129546
v -0.18787047 0.29991889 -0.02163016
v -0.19151093 0.30221844 -0.02176576
v -0.19246317 0.30520788 -0.02208986
v -0.19106460 0.30882913 -0.02239694
v -0.19385090 0.29237819 -0.01836372
v -0.19435686 0.29538003 -0.01953099
v -0.19351682 0.29864869 -0.02077535
v -0.19423942 0.30165303 -0.02138220
v -0.19506498 0.30466425 -0.02182225
v -0.18363804 0.29480243 -0.02069068
v -0.18311709 0.29185563 -0.01991235
v -0.18594714 0.29105282 -0.01947711
v -0.19313519 0.27953088 -0.00347009
v -0.19133639 0.27851522 -0.00601519
v -0.19078617 0.27902207 -0.00803149
v -0.19016074 0.27959818 -0.00976190
v -0.18935585 0.28272134 -0.01380056
v -0.18809988 0.28440276 -0.01570909
v -0.18847580 0.28733280 -0.01735699
v -0.18698880 0.28769287 -0.01791848
v -0.18890071 0.29029644 -0.01871183
v -0.18741350 0.29066399 -0.01913789
v -0.18939331 0.29327792 -0.01979897
v -0.18646495 0.29401660 -0.02037900
v -0.18709743 0.29697189 -0.02109246
v -0.18428904 0.29773614 -0.02132294
v -0.18510640 0.30065894 -0.02180286
v -0.18241081 0.30143929 -0.02182923
v -0.18345676 0.30434722 -0.02215586
v -0.18096215 0.29558563 -0.02076413
v -0.18158789 0.29852107 -0.02136289
v -0.17901863 0.29930463 -0.02122103
v -0.17980497 0.30224285 -0.02170795
v -0.18085657 0.30515602 -0.02206521
v -0.18552087 0.28808048 -0.01837640
v -0.17651175 0.29217103 0.01772654
v -0.15785900 0.27018669 0.01789405
v -0.15737803 0.26971936 0.01788997
v -0.04825813 0.14554071 0.01790074
v -0.04841680 0.14618902 0.01793182
v -0.15713316 0.26780230 0.01797904
v -0.04835243 0.14685667 0.01796844
v -0.15699412 0.26845968 0.01794421
v -0.15707955 0.26912245 0.01790954
v -0.04806968 0.14746733 0.01799453
v -0.04777706 0.14780466 0.01800000
v -0.04721602 0.14816928 0.01798791
v -0.04656678 0.14832841 0.01795689
v -0.04589918 0.14826408 0.01792025
v -0.04528847 0.14798139 0.01789405
v -0.04480751 0.14751405 0.01788997
v -0.04450903 0.14691713 0.01790954
v -0.02515423 0.12785895 0.01772654
v -0.04442361 0.14625433 0.01794421
v -0.04456263 0.14559698 0.01797904
v -0.04491201 0.14502221 0.01799863
v -0.02975212 0.12362356 0.01772654
v -0.04542927 0.14459743 0.01799447
v -0.04605557 0.14436749 0.01796861
v -0.04672492 0.14435671 0.01793208
v -0.04736323 0.14456896 0.01790072
v -0.04789449 0.14498016 0.01788854
v -0.15748253 0.26722753 0.01799863
v -0.15799980 0.26680273 0.01799447
v -0.15862609 0.26657280 0.01796861
v -0.15929544 0.26656201 0.01793208
v -0.15993375 0.26677427 0.01790072
v -0.16046502 0.26718548 0.01788854
v -0.16098732 0.26839432 0.01793182
v -0.18110965 0.28793561 0.01772654
v -0.16082865 0.26774603 0.01790074
v -0.15978652 0.27037460 0.01798791
v -0.15913731 0.27053371 0.01795689
v -0.15846969 0.27046940 0.01792025
v -0.16092294 0.26906198 0.01796844
v -0.16064021 0.26967263 0.01799453
v -0.16034758 0.27000996 0.01800000
v -0.18543026 0.28395566 0.01558846
v -0.03407272 0.11964358 0.01558846
v -0.18895245 0.28071117 0.01157018
v -0.03759491 0.11639909 0.01157018
v -0.19125140 0.27859345 0.00615636
v -0.03989386 0.11428138 0.00615636
v -0.19204982 0.27785799 0.00000000
v -0.04069228 0.11354593 0.00000000
v -0.19125140 0.27859345 -0.00615636
v -0.03989386 0.11428138 -0.00615636
v -0.18895245 0.28071117 -0.01157018
v -0.03759491 0.11639909 -0.01157018
v -0.18543026 0.28395566 -0.01558846
v -0.03407272 0.11964358 -0.01558846
v -0.18110965 0.28793561 -0.01772654
v -0.02975212 0.12362356 -0.01772654
v -0.04716029 0.14447488 -0.01790954
v -0.04650675 0.14433542 -0.01794421
v -0.04773075 0.14482127 -0.01788997
v -0.04838883 0.14597070 -0.01792025
v -0.04815712 0.14533891 -0.01789405
v -0.15973082 0.26668018 -0.01790954
v -0.04548133 0.14809859 -0.01790074
v -0.04611444 0.14830984 -0.01793182
v -0.15841074 0.26662543 -0.01797904
v -0.04678512 0.14830039 -0.01796844
v -0.15907727 0.26654077 -0.01794421
v -0.04777706 0.14780466 -0.01800000
v -0.04818645 0.14727536 -0.01798791
v -0.04839821 0.14664136 -0.01795689
v -0.04741690 0.14806864 -0.01799453
v -0.04584022 0.14442013 -0.01797904
v -0.04523874 0.14472124 -0.01799863
v -0.02515423 0.12785895 -0.01772654
v -0.04477300 0.14520195 -0.01799447
v -0.04449252 0.14580731 -0.01796861
v -0.04442692 0.14647353 -0.01793208
v -0.04458614 0.14712708 -0.01790072
v -0.04495246 0.14769025 -0.01788854
v -0.15780927 0.26692656 -0.01799863
v -0.15734352 0.26740730 -0.01799447
v -0.15706305 0.26801261 -0.01796861
v -0.15699746 0.26867884 -0.01793208
v -0.15715668 0.26933238 -0.01790072
v -0.15752299 0.26989555 -0.01788854
v -0.16096874 0.26884666 -0.01795689
v -0.16095935 0.26817602 -0.01792025
v -0.15805183 0.27030393 -0.01790074
v -0.15868497 0.27051514 -0.01793182
v -0.17651175 0.29217103 -0.01772654
v -0.16075698 0.26948068 -0.01798791
v -0.15935563 0.27050573 -0.01796844
v -0.15998740 0.27027398 -0.01799453
v -0.16034758 0.27000996 -0.01800000
v -0.16072764 0.26754421 -0.01789405
v -0.16030127 0.26702657 -0.01788997
v -0.02083361 0.13183892 0.01558846
v -0.17219116 0.29615098 0.01558846
v -0.01731141 0.13508341 0.01157018
v -0.16866896 0.29939550 0.01157018
v -0.01501247 0.13720112 0.00615636
v -0.16637002 0.30151317 0.00615636
v -0.01421406 0.13793658 0.00000000
v -0.16557160 0.30224866 0.00000000
v -0.01501247 0.13720112 -0.00615636
v -0.16637002 0.30151317 -0.00615636
v -0.01731141 0.13508341 -0.01157018
v -0.16866896 0.29939550 -0.01157018
v -0.02083361 0.13183892 -0.01558846
v -0.17219116 0.29615098 -0.01558846
f 1 2 3
f 4 5 6
f 6 5 7
f 6 7 3
f 4 6 8
f 8 6 9
f 8 9 10
f 7 11 3
f 3 11 12
f 3 12 1
f 1 12 13
f 1 13 14
f 15 16 17
f 18 19 9
f 9 19 20
f 9 20 21
f 21 22 9
f 9 22 23
f 9 23 10
f 24 25 26
f 27 28 29
f 26 25 9
f 9 25 30
f 9 30 18
f 16 31 17
f 17 31 32
f 17 32 33
f 33 32 34
f 33 34 28
f 28 34 35
f 28 35 36
f 37 38 13
f 13 38 39
f 13 39 14
f 40 41 42
f 42 41 27
f 29 43 27
f 27 43 44
f 27 44 45
f 45 46 27
f 27 46 47
f 27 47 42
f 40 48 41
f 41 48 49
f 41 49 26
f 26 49 50
f 26 50 24
f 36 51 28
f 28 51 52
f 28 52 29
f 53 54 55
f 55 54 56
f 55 56 57
f 57 56 15
f 57 15 58
f 58 15 17
f 59 60 61
f 62 63 64
f 34 32 65
f 66 67 68
f 69 70 71
f 43 29 72
f 45 44 73
f 74 75 68
f 76 77 78
f 79 80 81
f 82 83 84
f 85 86 87
f 88 89 90
f 91 92 93
f 94 95 96
f 97 98 99
f 99 98 100
f 99 100 101
f 102 103 104
f 104 103 105
f 105 103 106
f 106 103 107
f 106 107 108
f 108 107 109
f 108 109 110
f 91 93 111
f 112 113 114
f 114 113 115
f 114 115 116
f 116 115 90
f 88 90 117
f 118 119 117
f 120 121 122
f 122 121 123
f 122 123 124
f 86 85 123
f 123 85 125
f 123 125 124
f 126 127 87
f 87 127 128
f 87 128 85
f 129 130 131
f 131 130 132
f 131 132 126
f 126 132 133
f 126 133 127
f 15 134 16
f 16 134 135
f 16 135 31
f 136 137 138
f 138 137 139
f 138 139 140
f 140 139 141
f 136 138 142
f 142 138 143
f 142 143 144
f 145 146 147
f 147 146 148
f 147 148 143
f 143 148 149
f 143 149 144
f 150 151 145
f 145 151 152
f 145 152 146
f 96 153 94
f 94 153 150
f 94 150 154
f 154 150 145
f 155 156 157
f 157 156 158
f 157 158 159
f 159 158 160
f 159 160 161
f 161 160 162
f 161 162 163
f 163 162 164
f 163 164 165
f 156 166 158
f 158 166 167
f 158 167 160
f 160 167 168
f 160 168 162
f 162 168 169
f 162 169 164
f 166 170 167
f 167 170 171
f 167 171 168
f 168 171 172
f 168 172 169
f 169 172 84
f 169 84 164
f 164 84 83
f 164 83 165
f 170 173 171
f 171 173 174
f 171 174 172
f 172 174 100
f 172 100 84
f 84 100 98
f 84 98 82
f 82 98 97
f 82 97 175
f 176 177 178
f 179 80 180
f 180 80 79
f 180 79 181
f 182 110 183
f 183 110 109
f 183 109 184
f 184 109 107
f 184 107 185
f 185 107 103
f 185 103 186
f 186 103 102
f 186 102 187
f 188 189 190
f 190 189 191
f 190 191 192
f 193 194 195
f 195 194 196
f 195 196 197
f 198 76 199
f 200 193 201
f 201 193 195
f 201 195 202
f 202 195 197
f 202 197 203
f 204 200 205
f 205 200 201
f 205 201 206
f 206 201 202
f 206 202 207
f 207 202 203
f 207 203 198
f 198 199 207
f 207 199 208
f 207 208 206
f 206 208 209
f 206 209 205
f 205 209 210
f 205 210 204
f 211 212 213
f 213 212 214
f 213 214 215
f 215 214 188
f 215 188 216
f 216 188 190
f 216 190 217
f 217 190 192
f 217 192 218
f 219 220 221
f 221 220 222
f 223 224 210
f 210 224 225
f 210 225 204
f 204 225 226
f 204 226 200
f 200 226 227
f 200 227 193
f 193 227 228
f 193 228 194
f 76 78 199
f 199 78 229
f 199 229 208
f 208 229 230
f 208 230 209
f 209 230 231
f 209 231 210
f 210 231 232
f 210 232 223
f 129 131 77
f 77 131 126
f 77 126 78
f 78 126 87
f 78 87 229
f 229 87 86
f 229 86 230
f 230 86 123
f 230 123 231
f 231 123 121
f 231 121 232
f 120 119 121
f 121 119 118
f 121 118 232
f 232 118 233
f 232 233 223
f 223 233 234
f 223 234 224
f 224 234 235
f 224 235 225
f 225 235 222
f 225 222 226
f 226 222 220
f 226 220 227
f 227 220 219
f 227 219 228
f 117 90 118
f 118 90 115
f 118 115 233
f 233 115 113
f 233 113 234
f 234 113 236
f 234 236 235
f 235 236 211
f 235 211 222
f 222 211 213
f 222 213 221
f 221 213 215
f 221 215 219
f 219 215 216
f 219 216 228
f 228 216 217
f 228 217 194
f 194 217 218
f 194 218 196
f 49 48 237
f 237 48 238
f 75 74 239
f 239 74 240
f 239 240 241
f 242 243 244
f 244 243 245
f 46 70 47
f 47 70 69
f 47 69 42
f 68 67 74
f 74 67 244
f 74 244 240
f 240 244 245
f 240 245 241
f 246 242 247
f 247 242 244
f 247 244 248
f 248 244 67
f 248 67 249
f 249 67 66
f 249 66 250
f 251 246 252
f 252 246 247
f 252 247 253
f 253 247 248
f 253 248 254
f 254 248 249
f 254 249 255
f 255 249 250
f 255 250 256
f 181 251 257
f 257 251 252
f 257 252 258
f 258 252 253
f 258 253 259
f 259 253 254
f 259 254 260
f 260 254 255
f 260 255 261
f 261 255 256
f 261 256 262
f 29 52 72
f 72 52 263
f 72 263 264
f 52 51 263
f 263 51 36
f 263 36 265
f 265 36 35
f 265 35 266
f 266 267 265
f 265 267 268
f 265 268 263
f 263 268 269
f 263 269 264
f 264 269 270
f 264 270 72
f 72 270 73
f 72 73 43
f 43 73 44
f 32 31 65
f 65 31 135
f 65 135 271
f 271 135 134
f 271 134 272
f 46 45 70
f 70 45 73
f 70 73 71
f 71 73 270
f 71 270 273
f 273 270 269
f 273 269 274
f 274 269 268
f 274 268 275
f 275 268 267
f 275 267 276
f 276 267 266
f 276 266 277
f 277 266 278
f 277 278 279
f 279 278 280
f 277 281 276
f 276 281 282
f 276 282 275
f 275 282 283
f 275 283 274
f 274 283 284
f 274 284 273
f 273 284 285
f 273 285 71
f 71 285 286
f 71 286 69
f 69 286 287
f 69 287 42
f 42 287 238
f 42 238 40
f 40 238 48
f 288 179 289
f 289 179 180
f 289 180 290
f 290 180 181
f 290 181 291
f 291 181 257
f 291 257 292
f 292 257 258
f 292 258 293
f 293 258 259
f 293 259 294
f 294 259 260
f 294 260 295
f 295 260 261
f 295 261 296
f 296 261 262
f 296 262 297
f 297 262 298
f 297 298 299
f 299 298 300
f 299 300 301
f 301 300 302
f 301 302 303
f 35 34 266
f 266 34 65
f 266 65 278
f 278 65 271
f 278 271 280
f 280 271 272
f 280 272 304
f 212 288 214
f 214 288 289
f 214 289 188
f 188 289 290
f 188 290 189
f 189 290 291
f 189 291 191
f 191 291 292
f 191 292 192
f 192 292 293
f 192 293 218
f 218 293 294
f 218 294 196
f 196 294 295
f 196 295 197
f 197 295 296
f 197 296 203
f 203 296 297
f 203 297 198
f 198 297 299
f 198 299 76
f 76 299 301
f 76 301 77
f 77 301 303
f 77 303 129
f 305 4 8
f 7 63 11
f 11 63 62
f 11 62 12
f 8 10 306
f 306 10 307
f 306 307 308
f 23 22 309
f 309 22 21
f 309 21 310
f 310 21 20
f 310 20 311
f 311 20 19
f 311 19 312
f 312 19 18
f 312 18 313
f 18 30 313
f 313 30 25
f 313 25 314
f 314 25 24
f 314 24 50
f 314 315 313
f 313 315 316
f 313 316 312
f 312 316 317
f 312 317 311
f 311 317 318
f 311 318 310
f 310 318 319
f 310 319 309
f 309 319 307
f 309 307 23
f 23 307 10
f 315 320 316
f 316 320 321
f 316 321 317
f 317 321 322
f 317 322 318
f 318 322 323
f 318 323 319
f 319 323 324
f 319 324 307
f 307 324 325
f 307 325 308
f 308 325 326
f 327 64 328
f 328 64 63
f 328 63 329
f 329 63 7
f 329 7 5
f 104 101 102
f 102 101 100
f 102 100 187
f 187 100 174
f 187 174 330
f 330 174 173
f 330 173 331
f 331 173 170
f 331 170 332
f 332 170 166
f 332 166 333
f 333 166 156
f 333 156 334
f 334 156 155
f 334 155 335
f 335 155 336
f 335 336 337
f 337 336 338
f 337 338 339
f 92 340 93
f 93 340 341
f 93 341 342
f 342 341 343
f 342 343 344
f 344 343 345
f 344 345 346
f 346 345 347
f 346 347 348
f 348 347 349
f 348 349 350
f 350 349 351
f 350 351 352
f 352 351 353
f 352 353 354
f 354 353 355
f 354 355 356
f 356 355 357
f 356 357 358
f 358 357 359
f 358 359 360
f 360 359 361
f 360 361 327
f 327 361 362
f 327 362 64
f 64 362 363
f 64 363 62
f 340 182 341
f 341 182 183
f 341 183 343
f 343 183 184
f 343 184 345
f 345 184 185
f 345 185 347
f 347 185 186
f 347 186 349
f 349 186 187
f 349 187 351
f 351 187 330
f 351 330 353
f 353 330 331
f 353 331 355
f 355 331 332
f 355 332 357
f 357 332 333
f 357 333 359
f 359 333 334
f 359 334 361
f 361 334 335
f 361 335 362
f 362 335 337
f 362 337 363
f 363 337 339
f 363 339 62
f 62 339 13
f 62 13 12
f 175 364 82
f 82 364 95
f 82 95 83
f 83 95 94
f 83 94 165
f 165 94 154
f 165 154 163
f 163 154 145
f 163 145 161
f 161 145 147
f 161 147 159
f 159 147 143
f 159 143 157
f 157 143 138
f 157 138 155
f 155 138 140
f 155 140 336
f 336 140 141
f 336 141 338
f 60 59 365
f 365 59 366
f 365 366 367
f 368 369 370
f 371 61 372
f 372 61 60
f 372 60 373
f 373 60 365
f 373 365 374
f 374 365 367
f 374 367 375
f 368 370 376
f 376 370 377
f 376 377 378
f 378 377 379
f 378 379 380
f 380 379 178
f 380 178 381
f 381 178 177
f 381 177 382
f 382 371 381
f 381 371 372
f 381 372 380
f 380 372 373
f 380 373 378
f 378 373 374
f 378 374 376
f 376 374 375
f 376 375 368
f 176 383 384
f 384 383 385
f 384 385 386
f 386 385 387
f 386 387 388
f 388 387 389
f 388 389 390
f 390 389 391
f 390 391 392
f 176 178 383
f 383 178 379
f 383 379 385
f 385 379 377
f 385 377 387
f 387 377 370
f 387 370 389
f 389 370 369
f 389 369 391
f 112 393 113
f 113 393 111
f 113 111 236
f 236 111 93
f 236 93 211
f 211 93 342
f 211 342 212
f 212 342 344
f 212 344 288
f 288 344 346
f 288 346 179
f 179 346 348
f 179 348 80
f 80 348 350
f 80 350 81
f 81 350 352
f 81 352 394
f 394 352 354
f 394 354 395
f 395 354 356
f 395 356 396
f 396 356 358
f 396 358 397
f 397 358 360
f 397 360 398
f 398 360 327
f 398 327 399
f 399 327 328
f 399 328 400
f 400 328 329
f 400 329 305
f 305 329 5
f 305 5 4
f 366 326 367
f 367 326 325
f 367 325 375
f 375 325 324
f 375 324 368
f 368 324 323
f 368 323 369
f 369 323 322
f 369 322 391
f 391 322 321
f 391 321 392
f 392 321 320
f 392 320 401
f 401 320 315
f 401 315 402
f 402 315 314
f 402 314 237
f 237 314 50
f 237 50 49
f 8 306 305
f 305 306 308
f 305 308 400
f 400 308 326
f 400 326 399
f 399 326 366
f 399 366 398
f 398 366 59
f 398 59 397
f 397 59 61
f 397 61 396
f 396 61 371
f 396 371 395
f 395 371 382
f 395 382 394
f 394 382 177
f 394 177 81
f 81 177 176
f 81 176 79
f 79 176 384
f 79 384 181
f 181 384 386
f 181 386 251
f 251 386 388
f 251 388 246
f 246 388 390
f 246 390 242
f 242 390 392
f 242 392 243
f 243 392 401
f 243 401 245
f 245 401 402
f 245 402 241
f 241 402 237
f 241 237 239
f 239 237 238
f 239 238 75
f 75 238 287
f 75 287 68
f 68 287 286
f 68 286 66
f 66 286 285
f 66 285 250
f 250 285 284
f 250 284 256
f 256 284 283
f 256 283 262
f 262 283 282
f 262 282 298
f 298 282 281
f 298 281 300
f 300 281 277
f 300 277 302
f 302 277 279
f 302 279 303
f 303 279 280
f 303 280 129
f 129 280 304
f 129 304 130
f 403 404 405
f 406 407 408
f 409 410 411
f 412 413 414
f 410 412 411
f 411 412 414
f 411 414 415
f 415 414 416
f 415 416 417
f 417 416 418
f 417 418 419
f 419 418 420
f 419 420 421
f 421 420 422
f 421 422 423
f 423 422 424
f 423 424 425
f 425 424 426
f 425 426 427
f 427 426 428
f 427 428 429
f 429 428 430
f 429 430 431
f 431 430 432
f 431 403 429
f 429 403 405
f 429 405 427
f 427 405 433
f 427 433 425
f 425 433 434
f 425 434 423
f 423 434 435
f 423 435 421
f 421 435 436
f 421 436 419
f 419 436 437
f 419 437 417
f 417 437 438
f 417 438 415
f 415 438 439
f 415 439 411
f 411 439 408
f 411 408 409
f 409 408 407
f 440 406 441
f 441 406 408
f 441 408 442
f 442 408 439
f 442 439 443
f 443 439 438
f 443 438 444
f 444 438 437
f 444 437 445
f 445 437 436
f 445 436 446
f 446 436 435
f 446 435 447
f 447 435 434
f 447 434 448
f 448 434 433
f 448 433 449
f 449 433 405
f 449 405 450
f 450 405 404
f 451 452 453
f 454 455 456
f 457 458 459
f 459 458 460
f 454 456 461
f 462 463 464
f 464 463 465
f 464 465 466
f 462 464 467
f 467 464 468
f 467 468 432
f 466 469 464
f 464 469 470
f 464 470 468
f 468 470 471
f 465 472 466
f 466 472 461
f 466 461 469
f 469 461 456
f 469 456 470
f 470 456 473
f 470 473 471
f 471 473 453
f 432 468 431
f 431 468 471
f 431 471 403
f 403 471 453
f 403 453 404
f 404 453 452
f 404 452 450
f 451 453 474
f 474 453 473
f 474 473 475
f 475 473 456
f 475 456 457
f 457 456 455
f 457 455 458
f 476 477 478
f 479 480 478
f 478 480 459
f 459 460 478
f 478 460 481
f 478 481 476
f 482 483 484
f 485 486 487
f 488 485 489
f 480 479 490
f 480 490 483
f 483 490 491
f 483 491 484
f 492 488 493
f 491 494 484
f 484 494 495
f 484 495 496
f 496 495 497
f 496 497 498
f 498 497 499
f 498 499 492
f 492 493 498
f 498 493 500
f 498 500 496
f 496 500 501
f 496 501 484
f 484 501 502
f 484 502 482
f 503 504 505
f 488 489 493
f 493 489 506
f 493 506 500
f 500 506 503
f 500 503 501
f 501 503 505
f 501 505 502
f 485 487 489
f 489 487 507
f 489 507 506
f 506 507 508
f 506 508 503
f 503 508 509
f 503 509 504
f 509 450 504
f 504 450 452
f 504 452 505
f 505 452 451
f 505 451 502
f 502 451 474
f 502 474 482
f 482 474 475
f 482 475 483
f 483 475 457
f 483 457 480
f 480 457 459
f 446 510 445
f 445 510 511
f 445 511 444
f 444 511 512
f 444 512 443
f 443 512 513
f 443 513 442
f 442 513 514
f 442 514 441
f 441 514 515
f 441 515 440
f 440 515 516
f 450 509 449
f 449 509 517
f 449 517 448
f 448 517 518
f 448 518 447
f 447 518 519
f 447 519 446
f 446 519 520
f 446 520 510
f 521 522 516
f 516 515 521
f 521 515 514
f 521 514 523
f 514 513 523
f 523 513 512
f 523 512 524
f 524 512 511
f 524 511 525
f 511 510 525
f 525 510 520
f 525 520 526
f 526 520 519
f 526 519 527
f 509 508 517
f 517 508 527
f 517 527 518
f 518 527 519
f 508 507 527
f 527 507 528
f 527 528 526
f 526 528 529
f 526 529 525
f 525 529 530
f 525 530 524
f 524 530 531
f 524 531 523
f 523 531 532
f 523 532 521
f 521 532 533
f 521 533 522
f 522 533 534
f 507 487 528
f 528 487 535
f 528 535 529
f 529 535 536
f 529 536 530
f 530 536 537
f 530 537 531
f 531 537 538
f 531 538 532
f 532 538 539
f 532 539 533
f 533 539 540
f 533 540 534
f 534 540 541
f 487 486 535
f 535 486 542
f 535 542 536
f 536 542 543
f 536 543 537
f 537 543 544
f 537 544 538
f 538 544 545
f 538 545 539
f 539 545 546
f 539 546 540
f 540 546 547
f 540 547 541
f 541 547 548
f 488 549 485
f 485 549 550
f 492 551 488
f 488 551 552
f 488 552 549
f 550 553 485
f 485 553 554
f 485 554 555
f 556 557 558
f 558 557 548
f 558 548 559
f 559 548 547
f 559 547 546
f 555 560 485
f 485 560 561
f 485 561 486
f 486 561 562
f 486 562 563
f 546 545 559
f 559 545 544
f 559 544 543
f 543 542 559
f 559 542 486
f 559 486 564
f 564 486 563
f 558 565 556
f 556 565 566
f 556 566 567
f 567 566 568
f 567 568 569
f 556 567 570
f 557 556 571
f 548 557 572
f 557 571 572
f 572 571 573
f 572 573 574
f 574 573 575
f 574 575 576
f 556 570 571
f 571 570 577
f 571 577 573
f 573 577 578
f 573 578 575
f 575 578 579
f 575 579 580
f 548 572 541
f 541 572 574
f 541 574 534
f 534 574 576
f 534 576 522
f 522 576 581
f 522 581 516
f 580 582 575
f 575 582 583
f 575 583 576
f 576 583 584
f 576 584 581
f 582 585 583
f 583 585 586
f 583 586 584
f 584 586 587
f 584 587 581
f 581 587 588
f 581 588 516
f 516 588 440
f 589 582 590
f 590 582 580
f 578 591 579
f 579 591 592
f 579 592 580
f 580 592 593
f 580 593 590
f 567 569 570
f 570 569 594
f 570 594 577
f 577 594 595
f 577 595 578
f 578 595 596
f 578 596 591
f 585 582 597
f 597 582 589
f 598 599 600
f 601 602 600
f 600 602 603
f 600 603 598
f 604 605 601
f 601 605 606
f 601 606 602
f 597 607 585
f 585 607 608
f 585 608 604
f 604 608 609
f 604 609 605
f 610 406 440
f 611 413 412
f 612 611 613
f 599 612 614
f 599 614 600
f 600 614 615
f 600 615 601
f 601 615 616
f 601 616 604
f 612 613 614
f 614 613 617
f 614 617 615
f 615 617 610
f 615 610 616
f 611 412 613
f 613 412 410
f 613 410 617
f 617 410 409
f 617 409 610
f 610 409 407
f 610 407 406
f 585 604 586
f 586 604 616
f 586 616 587
f 587 616 610
f 587 610 588
f 588 610 440
f 618 619 612
f 463 462 620
f 620 462 621
f 622 623 467
f 467 623 624
f 467 624 625
f 625 626 467
f 467 626 627
f 467 627 462
f 462 627 628
f 462 628 621
f 612 619 611
f 611 619 629
f 611 629 630
f 630 631 611
f 611 631 632
f 611 632 622
f 618 612 633
f 633 612 599
f 633 599 598
f 467 432 622
f 622 432 430
f 622 430 428
f 428 426 622
f 622 426 424
f 622 424 422
f 422 420 622
f 622 420 418
f 622 418 416
f 416 414 622
f 622 414 413
f 622 413 611
f 634 635 636
f 636 635 637
f 636 637 638
f 638 637 639
f 639 637 640
f 639 640 641
f 637 635 642
f 640 637 643
f 641 640 644
f 644 640 645
f 646 647 645
f 645 647 648
f 645 648 644
f 649 650 646
f 646 650 651
f 646 651 647
f 652 653 649
f 649 653 654
f 649 654 650
f 640 643 645
f 645 643 655
f 645 655 646
f 646 655 656
f 646 656 649
f 637 642 643
f 643 642 657
f 643 657 655
f 655 657 658
f 655 658 656
f 656 658 659
f 656 659 660
f 660 661 656
f 656 661 662
f 656 662 649
f 649 662 663
f 649 663 652
f 660 659 664
f 658 657 665
f 642 635 666
f 657 642 665
f 665 642 666
f 665 666 667
f 667 666 668
f 667 668 669
f 669 668 670
f 669 670 671
f 671 670 672
f 671 672 673
f 673 672 674
f 673 674 675
f 675 674 676
f 675 676 677
f 677 676 678
f 677 678 679
f 679 678 680
f 679 680 681
f 681 680 682
f 681 682 683
f 683 682 684
f 659 658 664
f 664 658 665
f 664 665 685
f 685 665 667
f 685 667 686
f 686 667 669
f 686 669 687
f 687 669 671
f 687 671 688
f 688 671 673
f 688 673 689
f 689 673 675
f 689 675 690
f 690 675 677
f 690 677 691
f 691 677 679
f 691 679 692
f 692 679 681
f 692 681 693
f 693 681 683
f 661 660 694
f 694 660 664
f 694 664 695
f 695 664 685
f 695 685 696
f 696 685 686
f 696 686 697
f 697 686 687
f 697 687 698
f 698 687 688
f 698 688 699
f 699 688 689
f 699 689 700
f 700 689 690
f 700 690 701
f 701 690 691
f 701 691 702
f 702 691 692
f 702 692 703
f 703 692 693
f 666 635 634
f 704 684 705
f 705 684 682
f 705 682 706
f 706 682 680
f 706 680 707
f 707 680 678
f 707 678 708
f 708 678 676
f 708 676 709
f 709 676 674
f 709 674 710
f 710 674 672
f 710 672 711
f 711 672 670
f 711 670 712
f 712 670 668
f 712 668 713
f 713 668 666
f 713 666 714
f 714 666 634
f 715 716 717
f 717 716 718
f 717 718 719
f 719 718 720
f 719 720 721
f 721 720 722
f 721 722 704
f 704 722 684
f 723 724 725
f 715 726 716
f 716 726 727
f 716 727 725
f 725 727 728
f 725 728 723
f 729 730 731
f 731 730 732
f 732 730 733
f 733 730 734
f 733 734 735
f 716 725 736
f 736 737 716
f 716 737 738
f 716 738 734
f 734 738 739
f 734 739 735
f 730 729 740
f 740 729 741
f 740 741 742
f 742 741 743
f 742 743 744
f 744 743 745
f 744 745 693
f 693 745 703
f 734 730 746
f 746 730 740
f 746 740 747
f 747 740 742
f 747 742 748
f 748 742 744
f 748 744 683
f 683 744 693
f 716 734 718
f 718 734 746
f 718 746 720
f 720 746 747
f 720 747 722
f 722 747 748
f 722 748 684
f 684 748 683
f 745 743 749
f 652 663 750
f 750 663 662
f 750 662 751
f 749 743 752
f 753 754 729
f 729 754 755
f 729 755 741
f 741 755 756
f 741 756 743
f 743 756 757
f 743 757 752
f 700 701 758
f 758 701 702
f 758 702 749
f 749 702 703
f 749 703 745
f 759 760 699
f 662 661 751
f 751 661 694
f 751 694 761
f 761 694 695
f 759 699 762
f 695 696 761
f 761 696 697
f 761 697 763
f 763 697 698
f 763 698 764
f 764 698 699
f 764 699 765
f 765 699 760
f 731 766 729
f 729 766 767
f 729 767 753
f 700 758 699
f 699 758 768
f 699 768 762
f 769 770 771
f 772 769 773
f 774 775 771
f 776 777 778
f 779 780 781
f 781 780 782
f 781 782 778
f 778 782 783
f 778 783 776
f 771 775 781
f 781 775 784
f 781 784 779
f 770 785 771
f 771 785 786
f 771 786 774
f 772 773 787
f 787 773 788
f 787 788 789
f 789 788 790
f 789 790 791
f 791 790 792
f 791 792 793
f 769 771 773
f 773 771 781
f 773 781 788
f 788 781 778
f 788 778 790
f 790 778 777
f 790 777 792
f 794 785 770
f 794 770 795
f 795 770 769
f 795 769 796
f 796 769 772
f 796 772 797
f 789 791 798
f 799 800 801
f 802 803 804
f 805 806 807
f 803 805 804
f 804 805 807
f 804 807 808
f 808 807 809
f 808 809 810
f 810 809 811
f 810 811 812
f 812 811 813
f 812 813 814
f 814 813 815
f 814 815 816
f 816 815 817
f 816 817 818
f 818 817 819
f 818 819 820
f 820 819 821
f 820 821 822
f 822 821 823
f 822 823 787
f 787 823 772
f 787 789 822
f 822 789 798
f 822 798 820
f 820 798 824
f 820 824 818
f 818 824 825
f 818 825 816
f 816 825 826
f 816 826 814
f 814 826 827
f 814 827 812
f 812 827 828
f 812 828 810
f 810 828 829
f 810 829 808
f 808 829 830
f 808 830 804
f 804 830 801
f 804 801 802
f 802 801 800
f 831 799 832
f 832 799 801
f 832 801 833
f 833 801 830
f 833 830 834
f 834 830 829
f 834 829 835
f 835 829 828
f 835 828 836
f 836 828 827
f 836 827 837
f 837 827 826
f 837 826 838
f 838 826 825
f 838 825 839
f 839 825 824
f 839 824 840
f 840 824 798
f 840 798 793
f 793 798 791
f 797 772 841
f 841 772 823
f 841 823 842
f 842 823 821
f 842 821 843
f 843 821 819
f 843 819 844
f 844 819 845
f 845 819 817
f 845 817 846
f 846 817 815
f 846 815 847
f 847 815 813
f 847 813 848
f 848 813 849
f 849 813 811
f 849 811 850
f 850 811 809
f 850 809 851
f 851 809 852
f 852 809 807
f 852 807 853
f 853 807 806
f 853 806 854
f 854 806 855
f 855 806 856
f 855 856 857
f 857 856 858
f 857 858 859
f 859 858 860
f 859 860 861
f 861 860 862
f 863 864 865
f 856 806 805
f 858 856 866
f 864 862 865
f 865 862 860
f 865 860 858
f 863 865 867
f 867 865 868
f 867 868 869
f 869 868 870
f 869 870 871
f 858 866 865
f 865 866 872
f 865 872 868
f 868 872 873
f 868 873 870
f 856 805 866
f 866 805 803
f 866 803 872
f 872 803 802
f 872 802 873
f 873 802 800
f 873 800 799
f 799 831 873
f 873 831 874
f 873 874 870
f 870 874 875
f 870 875 871
f 871 875 876
f 877 878 876
f 879 880 874
f 874 880 881
f 874 881 875
f 776 882 777
f 777 882 883
f 777 883 884
f 885 838 839
f 881 886 875
f 875 886 887
f 875 887 876
f 876 887 888
f 876 888 877
f 839 840 885
f 885 840 793
f 885 793 884
f 884 793 792
f 884 792 777
f 878 889 876
f 876 889 890
f 876 890 891
f 838 885 837
f 837 885 892
f 837 892 836
f 893 894 831
f 831 894 895
f 831 895 874
f 874 895 896
f 874 896 879
f 831 832 893
f 893 832 833
f 893 833 897
f 897 833 834
f 897 834 892
f 892 834 835
f 892 835 836
f 888 887 898
f 648 899 644
f 753 900 754
f 565 558 901
f 478 902 479
f 753 767 596
f 903 589 766
f 766 589 590
f 590 593 766
f 766 593 592
f 766 592 767
f 767 592 591
f 767 591 596
f 609 608 890
f 890 608 607
f 890 607 903
f 903 607 597
f 903 597 589
f 603 602 889
f 889 602 606
f 889 606 890
f 890 606 605
f 890 605 609
f 904 618 898
f 898 618 633
f 898 633 598
f 630 629 904
f 904 629 619
f 904 619 618
f 624 623 905
f 905 623 906
f 907 908 621
f 621 628 907
f 907 628 627
f 907 627 909
f 909 627 626
f 909 626 625
f 472 465 910
f 910 465 463
f 910 463 908
f 908 463 620
f 908 620 621
f 472 910 461
f 461 910 911
f 461 911 454
f 454 911 455
f 455 911 912
f 455 912 458
f 477 476 913
f 913 476 481
f 914 915 916
f 458 912 460
f 460 912 914
f 460 914 481
f 481 914 916
f 481 916 913
f 479 902 490
f 490 902 917
f 490 917 491
f 918 919 499
f 499 497 918
f 918 497 495
f 918 495 917
f 917 495 494
f 917 494 491
f 550 549 920
f 920 549 552
f 920 552 921
f 921 552 551
f 921 551 919
f 919 551 492
f 919 492 499
f 555 554 922
f 922 554 553
f 922 553 550
f 562 561 923
f 923 561 924
f 562 923 563
f 563 923 925
f 563 925 564
f 564 925 926
f 564 926 559
f 927 566 565
f 596 595 753
f 753 595 594
f 753 594 900
f 900 594 569
f 900 569 927
f 927 569 568
f 927 568 566
f 754 900 755
f 755 900 927
f 755 927 756
f 565 901 927
f 927 901 757
f 927 757 756
f 758 749 901
f 901 749 752
f 901 752 757
f 923 768 925
f 925 768 758
f 925 758 926
f 926 758 901
f 926 901 559
f 559 901 558
f 764 765 928
f 928 765 760
f 928 760 924
f 924 760 759
f 924 759 923
f 923 759 762
f 923 762 768
f 922 761 763
f 763 764 922
f 922 764 928
f 922 928 555
f 555 928 924
f 555 924 560
f 560 924 561
f 550 920 922
f 922 920 751
f 922 751 761
f 750 929 652
f 652 929 930
f 652 930 653
f 899 648 931
f 647 651 932
f 932 651 650
f 932 650 930
f 930 650 654
f 930 654 653
f 779 784 933
f 933 784 775
f 933 775 934
f 934 775 774
f 934 774 786
f 882 776 935
f 935 776 783
f 935 783 936
f 936 783 782
f 936 782 780
f 882 935 883
f 883 935 937
f 883 937 884
f 893 897 909
f 909 897 892
f 625 624 909
f 909 624 905
f 909 905 893
f 893 905 906
f 893 906 894
f 894 906 938
f 894 938 895
f 895 938 939
f 895 939 896
f 940 880 939
f 939 880 879
f 939 879 896
f 623 622 906
f 906 622 632
f 906 632 938
f 938 632 631
f 938 631 939
f 939 631 630
f 939 630 940
f 940 630 904
f 940 904 880
f 880 904 881
f 898 887 904
f 904 887 886
f 904 886 881
f 889 878 941
f 941 878 877
f 603 889 598
f 598 889 941
f 598 941 898
f 898 941 877
f 898 877 888
f 648 647 931
f 931 647 932
f 931 932 942
f 942 932 943
f 942 943 944
f 944 943 945
f 944 945 946
f 946 945 947
f 946 947 948
f 477 913 478
f 478 913 949
f 478 949 902
f 902 949 950
f 902 950 917
f 917 950 951
f 917 951 952
f 952 947 917
f 917 947 945
f 917 945 918
f 918 945 943
f 918 943 919
f 919 943 932
f 919 932 921
f 921 932 930
f 921 930 920
f 920 930 929
f 920 929 751
f 751 929 750
f 892 885 909
f 909 885 884
f 909 884 907
f 907 884 937
f 907 937 908
f 908 937 935
f 908 935 910
f 910 935 936
f 910 936 911
f 911 936 953
f 911 953 912
f 912 953 954
f 915 914 955
f 955 914 912
f 955 912 956
f 780 779 936
f 936 779 933
f 936 933 953
f 953 933 957
f 953 957 954
f 954 957 958
f 954 958 959
f 956 912 960
f 960 912 954
f 960 954 961
f 961 954 959
f 961 959 962
f 963 964 862
f 963 862 965
f 965 862 966
f 966 862 864
f 966 864 967
f 967 864 863
f 967 863 968
f 968 863 867
f 968 867 969
f 969 867 869
f 969 869 871
f 876 891 871
f 871 891 970
f 871 970 969
f 971 861 862
f 964 972 973
f 964 973 862
f 862 973 974
f 862 974 971
f 975 976 977
f 978 979 976
f 976 979 980
f 976 980 977
f 981 891 982
f 982 891 890
f 982 890 983
f 983 890 903
f 983 903 984
f 984 903 766
f 984 766 985
f 985 766 731
f 985 731 986
f 986 731 732
f 986 732 987
f 987 732 988
f 972 964 976
f 976 964 963
f 976 963 965
f 988 989 990
f 990 989 991
f 990 991 992
f 992 991 993
f 992 993 994
f 735 739 989
f 989 739 738
f 989 738 995
f 995 738 737
f 977 996 975
f 975 996 997
f 975 997 724
f 724 997 998
f 724 998 725
f 725 998 995
f 725 995 736
f 736 995 737
f 966 999 965
f 965 999 992
f 965 992 976
f 976 992 994
f 976 994 978
f 988 732 989
f 989 732 733
f 989 733 735
f 966 967 999
f 999 967 968
f 999 968 1000
f 1000 968 969
f 1000 969 981
f 981 969 970
f 981 970 891
f 1001 1002 1003
f 1001 1003 1004
f 1004 1003 1005
f 1004 1005 1006
f 1006 1005 1007
f 1006 1007 1008
f 1008 1007 1009
f 1008 1009 1010
f 1010 1009 1011
f 1010 1011 1012
f 1012 1011 1013
f 1012 1013 1014
f 1014 1013 1015
f 1014 1015 1016
f 1016 1015 1017
f 1016 1017 1018
f 1018 1017 1019
f 1018 1019 1020
f 1020 1019 976
f 1020 976 975
f 1021 1022 1001
f 1021 1008 1023
f 1023 1008 1010
f 1023 1010 1024
f 1021 1001 1008
f 1008 1001 1004
f 1008 1004 1006
f 1020 975 1025
f 1025 975 724
f 1025 724 723
f 1010 1012 1024
f 1024 1012 1014
f 1024 1014 1026
f 1026 1014 1016
f 1026 1016 1025
f 1025 1016 1018
f 1025 1018 1020
f 1027 1028 1029
f 1030 1031 1032
f 717 1033 715
f 713 714 1034
f 1035 639 641
f 1036 711 1037
f 1037 711 712
f 706 707 1038
f 1038 707 708
f 1038 708 1039
f 1039 708 709
f 1039 709 1036
f 1036 709 710
f 1036 710 711
f 706 1038 705
f 705 1038 1040
f 705 1040 704
f 704 1040 721
f 721 1040 1041
f 721 1041 719
f 719 1041 717
f 717 1041 1042
f 717 1042 1033
f 715 1033 726
f 726 1033 1043
f 726 1043 727
f 723 728 1025
f 1025 728 1026
f 1044 1045 1046
f 1046 1045 1047
f 1046 1047 1048
f 1032 1049 1050
f 1050 1049 1051
f 1050 1051 1052
f 1052 1051 1053
f 1052 1053 1054
f 1054 1053 1055
f 1054 1055 1056
f 1056 1055 1057
f 1056 1057 1058
f 1058 1057 1059
f 1058 1059 1060
f 1060 1059 1061
f 1060 1061 1044
f 1044 1061 1062
f 1044 1062 1045
f 1028 1027 1063
f 1063 1027 1064
f 1063 1064 1065
f 1065 1064 1066
f 1065 1066 1067
f 1067 1066 1068
f 1067 1068 1069
f 1069 1068 1070
f 1069 1070 1071
f 1071 1070 1072
f 1071 1072 1073
f 1073 1072 1074
f 1073 1074 1075
f 1075 1074 1076
f 1075 1076 1030
f 712 713 1037
f 1037 713 1034
f 1037 1034 1077
f 1077 1034 1078
f 1077 1078 1079
f 1079 1078 1080
f 1079 1080 1081
f 1081 1080 1082
f 1081 1082 1083
f 1083 1082 1084
f 1083 1084 1085
f 1085 1084 1086
f 1085 1086 1087
f 1088 1086 1089
f 1089 1086 1084
f 1089 1084 1090
f 1090 1084 1082
f 1090 1082 1091
f 1091 1082 1080
f 1091 1080 1092
f 1092 1080 1078
f 1092 1078 636
f 636 1078 1034
f 636 1034 634
f 634 1034 714
f 636 638 1092
f 1092 638 639
f 1092 639 1091
f 1091 639 1035
f 1091 1035 1090
f 1090 1035 1093
f 1090 1093 1089
f 1089 1093 1094
f 1089 1094 1088
f 1088 1094 1095
f 1096 1043 1097
f 1097 1043 1033
f 1097 1033 1098
f 1098 1033 1042
f 1021 1023 1099
f 1099 1023 1024
f 1099 1024 1096
f 1096 1024 1026
f 1096 1026 1043
f 1043 1026 728
f 1043 728 727
f 1100 1101 1102
f 1102 1101 1103
f 1102 1103 1104
f 1104 1103 1105
f 1029 1106 1107
f 1107 1106 1108
f 1107 1108 1109
f 1109 1108 1110
f 1109 1110 1105
f 1105 1110 1111
f 1105 1111 1104
f 1030 1032 1075
f 1075 1032 1050
f 1075 1050 1073
f 1073 1050 1052
f 1073 1052 1071
f 1071 1052 1054
f 1071 1054 1069
f 1069 1054 1056
f 1069 1056 1067
f 1067 1056 1058
f 1067 1058 1065
f 1065 1058 1060
f 1065 1060 1063
f 1063 1060 1044
f 1063 1044 1028
f 1028 1044 1046
f 1028 1046 1029
f 1029 1046 1048
f 1029 1048 1106
f 641 644 1035
f 1035 644 899
f 1035 899 1093
f 1093 899 931
f 1093 931 1094
f 1094 931 942
f 1094 942 1095
f 1095 942 944
f 1095 944 946
f 1087 1086 1112
f 1112 1086 1088
f 1112 1088 1113
f 1113 1088 1095
f 1113 1095 1114
f 1114 1095 946
f 1114 946 948
f 1087 1031 1085
f 1085 1031 1030
f 1085 1030 1083
f 1083 1030 1076
f 1083 1076 1081
f 1081 1076 1074
f 1081 1074 1079
f 1079 1074 1072
f 1079 1072 1077
f 1077 1072 1070
f 1077 1070 1037
f 1037 1070 1068
f 1037 1068 1036
f 1036 1068 1066
f 1036 1066 1039
f 1039 1066 1064
f 1039 1064 1038
f 1038 1064 1027
f 1038 1027 1040
f 1040 1027 1029
f 1040 1029 1041
f 1041 1029 1107
f 1041 1107 1042
f 1042 1107 1109
f 1042 1109 1098
f 1098 1109 1105
f 1098 1105 1097
f 1097 1105 1103
f 1097 1103 1096
f 1096 1103 1101
f 1096 1101 1099
f 1099 1101 1100
f 1099 1100 1021
f 1021 1100 1022
f 1115 1116 1002
f 1002 1116 1117
f 1013 1118 1119
f 1007 1005 1003
f 1003 1002 1007
f 1007 1002 1117
f 1007 1117 1009
f 1009 1117 1118
f 1009 1118 1011
f 1011 1118 1013
f 976 1120 972
f 972 1120 973
f 976 1019 1120
f 1120 1019 1017
f 1120 1017 1119
f 1119 1017 1015
f 1119 1015 1013
f 1121 1122 1123
f 1124 1119 1118
f 1116 1115 1125
f 1119 1124 1120
f 973 1120 974
f 974 1120 1124
f 974 1124 971
f 971 1124 1126
f 971 1126 861
f 861 1126 859
f 850 851 1127
f 1127 851 852
f 1127 852 853
f 844 845 1128
f 1128 845 846
f 1128 846 1129
f 1129 846 847
f 1129 847 1130
f 1130 847 848
f 1130 848 849
f 1131 842 1128
f 1128 842 843
f 1128 843 844
f 785 794 1132
f 1132 794 795
f 1132 795 1133
f 1133 795 796
f 1133 796 1134
f 1134 796 797
f 1134 797 841
f 933 934 1132
f 1132 934 786
f 1132 786 785
f 957 933 1135
f 1135 933 1132
f 1135 1132 1136
f 1136 1132 1133
f 1136 1133 1137
f 1137 1133 1134
f 1137 1134 1131
f 1131 1134 841
f 1131 841 842
f 1130 1138 1129
f 1129 1138 1139
f 1129 1139 1128
f 1128 1139 1140
f 1128 1140 1131
f 1140 1141 1131
f 1131 1141 1142
f 1131 1142 1137
f 1137 1142 1143
f 1137 1143 1136
f 1136 1143 1144
f 1136 1144 1135
f 1135 1144 1145
f 1135 1145 957
f 957 1145 958
f 1146 1147 1148
f 1149 1150 1151
f 1151 1150 1152
f 1151 1152 1153
f 1153 1152 1154
f 1153 1154 1155
f 1155 1154 1156
f 1155 1156 1157
f 1157 1156 1158
f 1157 1158 1159
f 1159 1158 1160
f 1159 1160 1161
f 1161 1160 1162
f 1161 1162 1163
f 1164 1165 1166
f 1166 1165 1167
f 1166 1167 1168
f 1168 1167 1169
f 1168 1169 1170
f 1170 1169 1171
f 1170 1171 1172
f 1172 1171 1173
f 1172 1173 1174
f 1175 1176 1177
f 1177 1176 1178
f 1177 1178 1179
f 1165 1175 1167
f 1167 1175 1177
f 1167 1177 1169
f 1169 1177 1179
f 1169 1179 1171
f 1171 1179 1180
f 1171 1180 1173
f 1150 1164 1152
f 1152 1164 1166
f 1152 1166 1154
f 1154 1166 1168
f 1154 1168 1156
f 1156 1168 1170
f 1156 1170 1158
f 1158 1170 1172
f 1158 1172 1160
f 1160 1172 1174
f 1160 1174 1162
f 1181 1182 1125
f 1125 1182 1183
f 1125 1183 1116
f 1125 1184 1181
f 1181 1184 1185
f 1181 1185 1186
f 1186 1185 1187
f 1186 1187 1188
f 1188 1187 1189
f 1188 1189 1190
f 1148 1147 1191
f 1191 1147 1192
f 1191 1192 1193
f 1193 1192 1127
f 1193 1127 1190
f 1190 1127 1194
f 1190 1194 1188
f 1188 1194 1195
f 1188 1195 1186
f 1186 1195 1196
f 1186 1196 1181
f 1181 1196 1197
f 1181 1197 1182
f 1182 1197 1198
f 1182 1198 1183
f 849 850 1130
f 1130 850 1127
f 1130 1127 1138
f 1138 1127 1192
f 1138 1192 1139
f 1139 1192 1147
f 1139 1147 1140
f 1140 1147 1146
f 1140 1146 1141
f 853 854 1127
f 1127 854 855
f 1127 855 1194
f 1194 855 857
f 1194 857 1195
f 1195 857 859
f 1195 859 1196
f 1196 859 1126
f 1196 1126 1197
f 1197 1126 1124
f 1197 1124 1198
f 1198 1124 1118
f 1198 1118 1183
f 1183 1118 1117
f 1183 1117 1116
f 1176 1121 1178
f 1178 1121 1123
f 1178 1123 1179
f 1179 1123 1199
f 1179 1199 1180
f 1180 1199 1200
f 1180 1200 1173
f 1173 1200 1201
f 1173 1201 1174
f 1174 1201 1202
f 1174 1202 1162
f 1162 1202 1203
f 1162 1203 1163
f 1163 1203 962
f 1163 962 959
f 959 958 1163
f 1163 958 1145
f 1163 1145 1161
f 1161 1145 1144
f 1161 1144 1159
f 1159 1144 1143
f 1159 1143 1157
f 1157 1143 1142
f 1157 1142 1155
f 1155 1142 1141
f 1155 1141 1153
f 1153 1141 1146
f 1153 1146 1151
f 1151 1146 1148
f 1151 1148 1149
f 1149 1148 1191
f 1149 1191 1204
f 1204 1191 1193
f 1204 1193 1205
f 1205 1193 1190
f 1205 1190 1206
f 1206 1190 1189
f 1207 1208 1209
f 1205 1206 1210
f 1210 1206 1189
f 1211 1184 1125
f 1212 1213 1214
f 1215 1216 1217
f 1047 1045 1218
f 1218 1045 1062
f 1219 1220 1221
f 1222 1223 1224
f 1225 1226 1227
f 1228 1229 1230
f 1228 1230 1231
f 1232 1125 1233
f 1233 1125 1115
f 1233 1115 1234
f 1235 1022 1236
f 1236 1022 1100
f 1236 1100 1237
f 1237 1100 1238
f 1239 1230 1240
f 1240 1230 1229
f 1240 1229 1241
f 1227 1226 1242
f 1204 1243 1149
f 1149 1243 1244
f 1149 1244 1150
f 1150 1244 1245
f 1150 1245 1246
f 1247 1122 1248
f 1248 1122 1121
f 1248 1121 1249
f 1249 1121 1176
f 1249 1176 1250
f 1250 1176 1175
f 1250 1175 1251
f 1251 1175 1165
f 1251 1165 1246
f 1246 1165 1164
f 1246 1164 1150
f 1208 1219 1209
f 1209 1219 1221
f 1209 1221 1252
f 1252 1221 1253
f 1252 1253 1254
f 1254 1253 1255
f 1254 1255 1256
f 1256 1255 1257
f 1256 1257 1258
f 1258 1257 1259
f 1258 1259 1260
f 1260 1259 1261
f 1260 1261 1262
f 1220 1247 1221
f 1221 1247 1248
f 1221 1248 1253
f 1253 1248 1249
f 1253 1249 1255
f 1255 1249 1250
f 1255 1250 1257
f 1257 1250 1251
f 1257 1251 1259
f 1259 1251 1246
f 1259 1246 1261
f 1261 1246 1245
f 1213 1215 1214
f 1214 1215 1217
f 1214 1217 1263
f 1263 1217 1264
f 1263 1264 1265
f 1265 1264 1266
f 1265 1266 1267
f 1267 1266 1268
f 1267 1268 1269
f 1269 1268 1270
f 1269 1270 1271
f 1271 1270 1272
f 1271 1272 1273
f 1273 1272 1274
f 1273 1274 1275
f 1275 1274 1276
f 1277 1278 1279
f 1279 1278 1280
f 1279 1280 1281
f 1281 1280 1282
f 1281 1282 1283
f 1283 1282 1284
f 1283 1284 1285
f 1285 1284 1286
f 1285 1286 1287
f 1287 1286 1288
f 1287 1288 1289
f 1289 1288 1290
f 1289 1290 1291
f 1291 1290 1292
f 1291 1292 1293
f 1293 1292 1294
f 1278 1212 1280
f 1280 1212 1214
f 1280 1214 1282
f 1282 1214 1263
f 1282 1263 1284
f 1284 1263 1265
f 1284 1265 1286
f 1286 1265 1267
f 1286 1267 1288
f 1288 1267 1269
f 1288 1269 1290
f 1290 1269 1271
f 1290 1271 1292
f 1292 1271 1273
f 1292 1273 1294
f 1294 1273 1275
f 1295 1296 1297
f 1297 1296 1298
f 1297 1298 1299
f 1299 1298 1300
f 1300 1301 1299
f 1299 1301 1302
f 1299 1302 1297
f 1297 1302 1303
f 1297 1303 1295
f 1295 1303 1304
f 1226 1305 1306
f 1306 1305 1307
f 1308 1304 1309
f 1309 1304 1303
f 1309 1303 1307
f 1307 1303 1302
f 1307 1302 1306
f 1306 1302 1301
f 1306 1301 1226
f 1226 1301 1230
f 1226 1230 1242
f 1242 1230 1239
f 1048 1310 1106
f 1106 1310 1308
f 1227 1238 1225
f 1225 1238 1100
f 1225 1100 1226
f 1226 1100 1102
f 1226 1102 1305
f 1305 1102 1104
f 1305 1104 1307
f 1307 1104 1111
f 1307 1111 1309
f 1309 1111 1110
f 1309 1110 1308
f 1308 1110 1108
f 1308 1108 1106
f 1311 1187 1185
f 1312 1222 1313
f 1313 1222 1224
f 1313 1224 1314
f 1314 1224 1315
f 1314 1315 1210
f 1205 1210 1204
f 1204 1210 1315
f 1204 1315 1243
f 1243 1315 1224
f 1243 1224 1244
f 1244 1224 1223
f 1244 1223 1245
f 1245 1223 1222
f 1245 1222 1261
f 1261 1222 1312
f 1261 1312 1262
f 1232 1316 1125
f 1125 1316 1317
f 1125 1317 1211
f 1211 1317 1318
f 1211 1318 1319
f 1319 1318 1320
f 1319 1320 1321
f 1321 1320 1322
f 1321 1322 1323
f 1323 1322 1324
f 1323 1324 1325
f 1187 1311 1189
f 1189 1311 1326
f 1189 1326 1210
f 1210 1326 1327
f 1210 1327 1314
f 1314 1327 1328
f 1314 1328 1313
f 1313 1328 1329
f 1313 1329 1312
f 1312 1329 1330
f 1312 1330 1262
f 1296 1324 1298
f 1298 1324 1322
f 1298 1322 1300
f 1300 1322 1320
f 1300 1320 1301
f 1301 1320 1318
f 1301 1318 1230
f 1230 1318 1317
f 1230 1317 1231
f 1231 1317 1316
f 1231 1316 1331
f 1331 1316 1232
f 1216 1207 1217
f 1217 1207 1209
f 1217 1209 1264
f 1264 1209 1252
f 1264 1252 1266
f 1266 1252 1254
f 1266 1254 1268
f 1268 1254 1256
f 1268 1256 1270
f 1270 1256 1258
f 1270 1258 1272
f 1272 1258 1260
f 1272 1260 1274
f 1274 1260 1262
f 1274 1262 1276
f 1276 1262 1330
f 1325 1324 1332
f 1332 1324 1296
f 1332 1296 1333
f 1333 1296 1295
f 1333 1295 1334
f 1334 1295 1304
f 1334 1304 1335
f 1335 1304 1308
f 1335 1308 1336
f 1336 1308 1310
f 1336 1310 1218
f 1218 1310 1048
f 1218 1048 1047
f 1049 1277 1051
f 1051 1277 1279
f 1051 1279 1053
f 1053 1279 1281
f 1053 1281 1055
f 1055 1281 1283
f 1055 1283 1057
f 1057 1283 1285
f 1057 1285 1059
f 1059 1285 1287
f 1059 1287 1061
f 1061 1287 1289
f 1061 1289 1062
f 1062 1289 1291
f 1062 1291 1218
f 1218 1291 1293
f 1218 1293 1336
f 1336 1293 1294
f 1336 1294 1335
f 1335 1294 1275
f 1335 1275 1334
f 1334 1275 1276
f 1334 1276 1333
f 1333 1276 1330
f 1333 1330 1332
f 1332 1330 1329
f 1332 1329 1325
f 1325 1329 1328
f 1325 1328 1323
f 1323 1328 1327
f 1323 1327 1321
f 1321 1327 1326
f 1321 1326 1319
f 1319 1326 1311
f 1319 1311 1211
f 1211 1311 1185
f 1211 1185 1184
f 1337 1338 1339
f 1337 1339 1340
f 1340 1339 1341
f 1340 1341 1342
f 1342 1341 1343
f 1342 1343 1344
f 1344 1343 1345
f 1344 1345 1346
f 1347 1348 1349
f 1347 1349 1350
f 1350 1349 1351
f 1350 1351 1352
f 1352 1351 1353
f 1352 1353 1354
f 1354 1353 1355
f 1354 1355 1356
f 1355 1338 1356
f 1356 1338 1337
f 1345 1357 1346
f 1346 1357 1358
f 1358 1357 1359
f 1358 1359 1360
f 1360 1359 1361
f 1360 1361 1362
f 1362 1361 1363
f 1362 1363 1364
f 1364 1363 1365
f 1364 1365 1366
f 1365 1367 1366
f 1366 1367 1368
f 1368 1367 1369
f 1368 1369 1370
f 1370 1369 1371
f 1370 1371 1372
f 1372 1371 1373
f 1372 1373 1374
f 1374 1373 1375
f 1374 1375 1376
f 1347 1376 1348
f 1348 1376 1375
f 1346 1358 1366
f 1342 1344 1346
f 1337 1340 1342
f 1358 1360 1366
f 1366 1360 1362
f 1366 1362 1364
f 1368 1370 1372
f 1342 1346 1337
f 1337 1346 1366
f 1337 1366 1356
f 1356 1366 1368
f 1356 1368 1376
f 1376 1368 1372
f 1376 1372 1374
f 1352 1354 1350
f 1350 1354 1356
f 1350 1356 1347
f 1347 1356 1376
f 1377 1378 1379
f 1380 1381 1382
f 1383 1384 1381
f 1382 1385 1380
f 1380 1385 1386
f 1380 1386 1387
f 1387 1386 1388
f 1387 1388 1389
f 1389 1388 1390
f 1389 1390 1391
f 1391 1390 1392
f 1391 1392 1393
f 1393 1392 1394
f 1393 1394 1395
f 1395 1394 1396
f 1395 1396 1397
f 1397 1396 1398
f 1397 1398 1399
f 1399 1398 1400
f 1399 1400 1401
f 1401 1400 1402
f 1401 1402 1403
f 1403 1402 1404
f 1403 1404 1405
f 1405 1404 1406
f 1405 1406 1407
f 1407 1406 1408
f 1407 1408 1409
f 1409 1408 1410
f 1409 1410 1411
f 1411 1410 1412
f 1411 1412 1413
f 1413 1412 1414
f 1413 1414 1415
f 1415 1414 1416
f 1415 1416 1417
f 1417 1416 1418
f 1417 1418 1419
f 1419 1418 1420
f 1419 1420 1421
f 1421 1420 1422
f 1421 1422 1423
f 1423 1422 1424
f 1423 1424 1425
f 1425 1424 1426
f 1425 1426 1427
f 1427 1426 1428
f 1427 1428 1429
f 1381 1430 1383
f 1383 1430 1431
f 1383 1431 1432
f 1432 1431 1433
f 1432 1433 1434
f 1434 1433 1435
f 1434 1435 1436
f 1436 1435 1437
f 1436 1437 1438
f 1438 1437 1439
f 1438 1439 1440
f 1440 1439 1441
f 1440 1441 1442
f 1442 1441 1443
f 1442 1443 1444
f 1444 1443 1445
f 1444 1445 1446
f 1446 1445 1447
f 1446 1447 1448
f 1448 1447 1449
f 1448 1449 1450
f 1450 1449 1451
f 1450 1451 1452
f 1452 1451 1453
f 1452 1453 1454
f 1454 1453 1455
f 1454 1455 1456
f 1456 1455 1457
f 1456 1457 1458
f 1458 1457 1459
f 1458 1459 1460
f 1460 1459 1461
f 1460 1461 1462
f 1462 1461 1463
f 1462 1463 1464
f 1464 1463 1465
f 1464 1465 1466
f 1466 1465 1467
f 1466 1467 1468
f 1468 1467 1469
f 1468 1469 1470
f 1470 1469 1471
f 1470 1471 1472
f 1472 1471 1377
f 1472 1377 1473
f 1473 1377 1379
f 1473 1379 1474
f 1428 1475 1476
f 1428 1476 1429
f 1429 1476 1477
f 1429 1477 1478
f 1381 1380 1430
f 1430 1380 1387
f 1430 1387 1431
f 1431 1387 1389
f 1431 1389 1433
f 1433 1389 1391
f 1433 1391 1435
f 1435 1391 1393
f 1435 1393 1437
f 1437 1393 1395
f 1437 1395 1439
f 1439 1395 1397
f 1439 1397 1441
f 1441 1397 1399
f 1441 1399 1443
f 1443 1399 1401
f 1443 1401 1445
f 1445 1401 1403
f 1445 1403 1447
f 1447 1403 1405
f 1447 1405 1449
f 1449 1405 1407
f 1449 1407 1451
f 1451 1407 1409
f 1451 1409 1453
f 1453 1409 1411
f 1453 1411 1455
f 1455 1411 1413
f 1455 1413 1457
f 1457 1413 1415
f 1457 1415 1459
f 1459 1415 1417
f 1459 1417 1461
f 1461 1417 1419
f 1461 1419 1463
f 1463 1419 1421
f 1463 1421 1465
f 1465 1421 1423
f 1465 1423 1467
f 1467 1423 1425
f 1467 1425 1469
f 1469 1425 1427
f 1469 1427 1471
f 1471 1427 1429
f 1471 1429 1377
f 1377 1429 1478
f 1377 1478 1378
f 1479 1480 1474
f 1475 1481 1476
f 1476 1481 1482
f 1476 1482 1477
f 1477 1482 1483
f 1474 1379 1479
f 1479 1379 1378
f 1479 1378 1483
f 1483 1378 1478
f 1483 1478 1477
f 1484 1485 1486
f 1487 1488 1489
f 1489 1490 1491
f 1492 1493 1494
f 1493 1495 1496
f 1493 1496 1494
f 1494 1496 1497
f 1494 1497 1498
f 1498 1497 1499
f 1498 1499 1500
f 1500 1499 1501
f 1500 1501 1502
f 1502 1501 1503
f 1502 1503 1504
f 1504 1503 1505
f 1504 1505 1506
f 1506 1505 1507
f 1506 1507 1508
f 1508 1507 1509
f 1508 1509 1510
f 1510 1509 1511
f 1510 1511 1512
f 1512 1511 1513
f 1512 1513 1514
f 1514 1513 1515
f 1514 1515 1516
f 1516 1515 1517
f 1516 1517 1518
f 1518 1517 1519
f 1518 1519 1520
f 1492 1494 1490
f 1490 1494 1498
f 1490 1498 1491
f 1491 1498 1500
f 1491 1500 1521
f 1521 1500 1502
f 1521 1502 1522
f 1522 1502 1504
f 1522 1504 1523
f 1523 1504 1506
f 1523 1506 1524
f 1524 1506 1508
f 1524 1508 1525
f 1525 1508 1510
f 1525 1510 1526
f 1526 1510 1512
f 1526 1512 1527
f 1527 1512 1514
f 1527 1514 1528
f 1528 1514 1516
f 1528 1516 1529
f 1529 1516 1518
f 1529 1518 1530
f 1530 1518 1520
f 1530 1520 1531
f 1489 1491 1532
f 1532 1491 1521
f 1532 1521 1533
f 1533 1521 1522
f 1533 1522 1534
f 1534 1522 1523
f 1534 1523 1535
f 1535 1523 1524
f 1535 1524 1536
f 1536 1524 1525
f 1536 1525 1537
f 1537 1525 1526
f 1537 1526 1538
f 1538 1526 1527
f 1538 1527 1539
f 1539 1527 1528
f 1539 1528 1540
f 1540 1528 1529
f 1540 1529 1541
f 1541 1529 1530
f 1541 1530 1542
f 1542 1530 1531
f 1542 1531 1486
f 1492 1490 1543
f 1543 1490 1489
f 1543 1489 1544
f 1544 1489 1488
f 1544 1488 1545
f 1487 1489 1546
f 1546 1489 1532
f 1546 1532 1547
f 1547 1532 1533
f 1547 1533 1548
f 1548 1533 1534
f 1548 1534 1549
f 1549 1534 1535
f 1549 1535 1550
f 1551 1552 1538
f 1538 1552 1553
f 1538 1553 1537
f 1537 1553 1554
f 1537 1554 1536
f 1536 1554 1555
f 1536 1555 1535
f 1535 1555 1556
f 1535 1556 1550
f 1551 1538 1557
f 1557 1538 1539
f 1557 1539 1558
f 1558 1539 1540
f 1558 1540 1559
f 1559 1540 1541
f 1559 1541 1560
f 1560 1541 1542
f 1560 1542 1561
f 1486 1485 1542
f 1542 1485 1562
f 1542 1562 1561
f 1563 1484 1564
f 1564 1484 1486
f 1564 1486 1565
f 1565 1486 1531
f 1565 1531 1566
f 1566 1531 1520
f 1566 1520 1567
f 1567 1520 1519
f 1567 1480 1566
f 1566 1480 1479
f 1566 1479 1565
f 1565 1479 1483
f 1565 1483 1564
f 1564 1483 1482
f 1564 1482 1563
f 1563 1482 1481
f 1568 1569 1495
f 1495 1493 1568
f 1568 1493 1492
f 1568 1492 1570
f 1570 1492 1571
f 1571 1492 1543
f 1543 1544 1571
f 1571 1544 1545
f 1571 1545 1572
f 1573 1574 1575
f 1576 1573 1577
f 1578 1576 1579
f 1580 1578 1581
f 1573 1575 1577
f 1577 1575 1582
f 1577 1582 1583
f 1583 1582 1584
f 1583 1584 1585
f 1585 1584 1586
f 1585 1586 1587
f 1587 1586 1588
f 1587 1588 1589
f 1589 1588 1590
f 1589 1590 1591
f 1591 1590 1592
f 1591 1592 1593
f 1593 1592 1594
f 1593 1594 1595
f 1595 1594 1596
f 1595 1596 1597
f 1597 1596 1598
f 1597 1598 1599
f 1599 1598 1600
f 1599 1600 1601
f 1601 1600 1602
f 1601 1602 1603
f 1603 1602 1604
f 1603 1604 1605
f 1605 1604 1606
f 1605 1606 1607
f 1607 1606 1608
f 1607 1608 1609
f 1609 1608 1610
f 1609 1610 1611
f 1611 1610 1612
f 1611 1612 1613
f 1613 1612 1614
f 1613 1614 1615
f 1615 1614 1569
f 1615 1569 1568
f 1580 1581 1616
f 1616 1581 1617
f 1616 1617 1618
f 1618 1617 1619
f 1618 1619 1620
f 1620 1619 1621
f 1620 1621 1622
f 1622 1621 1623
f 1622 1623 1624
f 1624 1623 1625
f 1624 1625 1626
f 1626 1625 1627
f 1626 1627 1628
f 1628 1627 1629
f 1628 1629 1630
f 1630 1629 1631
f 1630 1631 1632
f 1632 1631 1633
f 1632 1633 1634
f 1634 1633 1635
f 1634 1635 1636
f 1636 1635 1637
f 1636 1637 1638
f 1638 1637 1639
f 1638 1639 1640
f 1640 1639 1641
f 1640 1641 1642
f 1642 1641 1643
f 1642 1643 1644
f 1644 1643 1645
f 1644 1645 1646
f 1646 1645 1647
f 1646 1647 1648
f 1648 1647 1649
f 1648 1649 1650
f 1650 1649 1571
f 1650 1571 1572
f 1576 1577 1579
f 1579 1577 1583
f 1579 1583 1651
f 1651 1583 1585
f 1651 1585 1652
f 1652 1585 1587
f 1652 1587 1653
f 1653 1587 1589
f 1653 1589 1654
f 1654 1589 1591
f 1654 1591 1655
f 1655 1591 1593
f 1655 1593 1656
f 1656 1593 1595
f 1656 1595 1657
f 1657 1595 1597
f 1657 1597 1658
f 1658 1597 1599
f 1658 1599 1659
f 1659 1599 1601
f 1659 1601 1660
f 1660 1601 1603
f 1660 1603 1661
f 1661 1603 1605
f 1661 1605 1662
f 1662 1605 1607
f 1662 1607 1663
f 1663 1607 1609
f 1663 1609 1664
f 1664 1609 1611
f 1664 1611 1665
f 1665 1611 1613
f 1665 1613 1666
f 1666 1613 1615
f 1666 1615 1667
f 1667 1615 1568
f 1667 1568 1570
f 1578 1579 1581
f 1581 1579 1651
f 1581 1651 1617
f 1617 1651 1652
f 1617 1652 1619
f 1619 1652 1653
f 1619 1653 1621
f 1621 1653 1654
f 1621 1654 1623
f 1623 1654 1655
f 1623 1655 1625
f 1625 1655 1656
f 1625 1656 1627
f 1627 1656 1657
f 1627 1657 1629
f 1629 1657 1658
f 1629 1658 1631
f 1631 1658 1659
f 1631 1659 1633
f 1633 1659 1660
f 1633 1660 1635
f 1635 1660 1661
f 1635 1661 1637
f 1637 1661 1662
f 1637 1662 1639
f 1639 1662 1663
f 1639 1663 1641
f 1641 1663 1664
f 1641 1664 1643
f 1643 1664 1665
f 1643 1665 1645
f 1645 1665 1666
f 1645 1666 1647
f 1647 1666 1667
f 1647 1667 1649
f 1649 1667 1570
f 1649 1570 1571
f 1668 1480 1567
f 1509 1507 1505
f 1569 1669 1515
f 1515 1669 1670
f 1567 1519 1668
f 1668 1519 1517
f 1668 1517 1515
f 1497 1496 1515
f 1515 1496 1495
f 1515 1495 1569
f 1670 1671 1515
f 1515 1671 1672
f 1515 1672 1668
f 1673 1668 1674
f 1674 1668 1675
f 1474 1480 1676
f 1676 1480 1668
f 1676 1668 1677
f 1677 1668 1673
f 1509 1505 1511
f 1503 1501 1515
f 1515 1501 1499
f 1515 1499 1497
f 1678 1679 1668
f 1503 1515 1505
f 1505 1515 1513
f 1505 1513 1511
f 1679 1680 1668
f 1668 1680 1681
f 1668 1681 1682
f 1682 1683 1668
f 1668 1683 1684
f 1668 1684 1675
f 1678 1668 1685
f 1685 1668 1686
f 1685 1686 1687
f 1688 1689 1690
f 1691 1692 1547
f 1547 1692 1693
f 1691 1547 1694
f 1694 1547 1548
f 1694 1548 1695
f 1695 1548 1549
f 1695 1549 1696
f 1696 1549 1550
f 1696 1550 1697
f 1550 1556 1697
f 1697 1556 1555
f 1697 1555 1698
f 1555 1554 1698
f 1698 1554 1553
f 1698 1553 1699
f 1699 1553 1552
f 1699 1552 1700
f 1700 1552 1551
f 1700 1551 1701
f 1702 1703 1558
f 1702 1558 1704
f 1701 1551 1703
f 1703 1551 1557
f 1703 1557 1558
f 1545 1488 1705
f 1705 1488 1706
f 1693 1688 1547
f 1547 1688 1690
f 1547 1690 1546
f 1546 1690 1706
f 1546 1706 1487
f 1487 1706 1488
f 1704 1558 1707
f 1707 1558 1559
f 1707 1559 1708
f 1559 1560 1708
f 1708 1560 1561
f 1708 1561 1709
f 1561 1562 1709
f 1709 1562 1485
f 1709 1485 1710
f 1481 1711 1563
f 1563 1711 1710
f 1563 1710 1484
f 1484 1710 1485
f 1712 1713 1714
f 1715 1716 1717
f 1718 1382 1381
f 1384 1719 1713
f 1713 1719 1720
f 1713 1720 1714
f 1714 1720 1721
f 1714 1721 1722
f 1722 1721 1723
f 1722 1723 1724
f 1724 1723 1725
f 1724 1725 1726
f 1726 1725 1727
f 1726 1727 1728
f 1728 1727 1729
f 1728 1729 1730
f 1730 1729 1731
f 1730 1731 1732
f 1732 1731 1733
f 1732 1733 1734
f 1734 1733 1735
f 1734 1735 1736
f 1736 1735 1737
f 1736 1737 1738
f 1738 1737 1739
f 1738 1739 1740
f 1740 1739 1741
f 1740 1741 1742
f 1742 1741 1743
f 1742 1743 1744
f 1744 1743 1745
f 1744 1745 1746
f 1746 1745 1747
f 1746 1747 1748
f 1748 1747 1749
f 1748 1749 1750
f 1750 1749 1751
f 1750 1751 1752
f 1752 1751 1753
f 1752 1753 1754
f 1754 1753 1755
f 1754 1755 1756
f 1756 1755 1757
f 1756 1757 1758
f 1758 1757 1759
f 1758 1759 1760
f 1760 1759 1715
f 1760 1715 1761
f 1761 1715 1717
f 1712 1714 1762
f 1762 1714 1722
f 1762 1722 1763
f 1763 1722 1724
f 1763 1724 1764
f 1764 1724 1726
f 1764 1726 1765
f 1765 1726 1728
f 1765 1728 1766
f 1766 1728 1730
f 1766 1730 1767
f 1767 1730 1732
f 1767 1732 1768
f 1768 1732 1734
f 1768 1734 1769
f 1769 1734 1736
f 1769 1736 1770
f 1770 1736 1738
f 1770 1738 1771
f 1771 1738 1740
f 1771 1740 1772
f 1772 1740 1742
f 1772 1742 1773
f 1773 1742 1744
f 1773 1744 1774
f 1774 1744 1746
f 1774 1746 1775
f 1775 1746 1748
f 1775 1748 1776
f 1776 1748 1750
f 1776 1750 1777
f 1777 1750 1752
f 1777 1752 1778
f 1778 1752 1754
f 1778 1754 1779
f 1779 1754 1756
f 1779 1756 1780
f 1780 1756 1758
f 1780 1758 1781
f 1781 1758 1760
f 1781 1760 1782
f 1782 1760 1761
f 1782 1761 1783
f 1717 1784 1761
f 1761 1784 1785
f 1761 1785 1783
f 1783 1785 1786
f 1783 1786 1787
f 1384 1713 1381
f 1381 1713 1712
f 1381 1712 1718
f 1718 1712 1762
f 1718 1762 1788
f 1788 1762 1763
f 1788 1763 1789
f 1789 1763 1764
f 1789 1764 1790
f 1790 1764 1765
f 1790 1765 1791
f 1791 1765 1766
f 1791 1766 1792
f 1792 1766 1767
f 1792 1767 1793
f 1793 1767 1768
f 1793 1768 1794
f 1794 1768 1769
f 1794 1769 1795
f 1795 1769 1770
f 1795 1770 1796
f 1796 1770 1771
f 1796 1771 1797
f 1797 1771 1772
f 1797 1772 1798
f 1798 1772 1773
f 1798 1773 1799
f 1799 1773 1774
f 1799 1774 1800
f 1800 1774 1775
f 1800 1775 1801
f 1801 1775 1776
f 1801 1776 1802
f 1802 1776 1777
f 1802 1777 1803
f 1803 1777 1778
f 1803 1778 1804
f 1804 1778 1779
f 1804 1779 1805
f 1805 1779 1780
f 1805 1780 1806
f 1806 1780 1781
f 1806 1781 1807
f 1807 1781 1782
f 1807 1782 1808
f 1808 1782 1783
f 1808 1783 1809
f 1809 1783 1787
f 1809 1787 1810
f 1789 1790 1811
f 1811 1790 1791
f 1811 1791 1812
f 1791 1792 1812
f 1812 1792 1793
f 1812 1793 1813
f 1789 1811 1788
f 1788 1811 1814
f 1788 1814 1718
f 1815 1388 1814
f 1814 1388 1386
f 1386 1385 1814
f 1814 1385 1382
f 1814 1382 1718
f 1816 1392 1815
f 1815 1392 1390
f 1815 1390 1388
f 1817 1396 1816
f 1816 1396 1394
f 1816 1394 1392
f 1793 1794 1813
f 1813 1794 1795
f 1813 1795 1818
f 1818 1795 1796
f 1818 1796 1797
f 1801 1819 1820
f 1797 1798 1818
f 1818 1798 1799
f 1818 1799 1820
f 1820 1799 1800
f 1820 1800 1801
f 1404 1402 1821
f 1821 1402 1400
f 1821 1400 1817
f 1817 1400 1398
f 1817 1398 1396
f 1810 1822 1823
f 1824 1408 1821
f 1821 1408 1406
f 1821 1406 1404
f 1825 1412 1824
f 1824 1412 1410
f 1824 1410 1408
f 1826 1416 1825
f 1825 1416 1414
f 1825 1414 1412
f 1806 1827 1805
f 1805 1827 1828
f 1801 1802 1819
f 1819 1802 1803
f 1819 1803 1828
f 1828 1803 1804
f 1828 1804 1805
f 1424 1422 1829
f 1829 1422 1420
f 1829 1420 1826
f 1826 1420 1418
f 1826 1418 1416
f 1806 1807 1827
f 1827 1807 1808
f 1827 1808 1823
f 1823 1808 1809
f 1823 1809 1810
f 1481 1475 1711
f 1711 1475 1428
f 1711 1428 1829
f 1829 1428 1426
f 1829 1426 1424
f 1830 1822 1810
f 1716 1831 1717
f 1717 1831 1832
f 1717 1832 1784
f 1784 1832 1833
f 1810 1787 1830
f 1830 1787 1786
f 1830 1786 1833
f 1833 1786 1785
f 1833 1785 1784
f 1834 1835 1836
f 1837 1838 1839
f 1836 1835 1840
f 1840 1835 1841
f 1840 1841 1842
f 1843 1844 1845
f 1834 1836 1845
f 1845 1836 1846
f 1845 1846 1843
f 1843 1847 1844
f 1844 1847 1848
f 1844 1848 1849
f 1850 1851 1852
f 1852 1851 1849
f 1852 1849 1853
f 1853 1849 1848
f 1854 1855 1856
f 1854 1856 1857
f 1855 1858 1856
f 1856 1858 1859
f 1856 1859 1860
f 1860 1859 1861
f 1860 1861 1850
f 1850 1861 1862
f 1850 1862 1851
f 1822 1863 1823
f 1823 1863 1864
f 1863 1865 1864
f 1864 1865 1866
f 1864 1866 1867
f 1866 1868 1867
f 1867 1868 1869
f 1867 1869 1870
f 1841 1837 1842
f 1842 1837 1839
f 1842 1839 1871
f 1871 1839 1870
f 1871 1870 1872
f 1872 1870 1869
f 1857 1856 1873
f 1873 1856 1874
f 1873 1874 1875
f 1876 1877 1878
f 1878 1877 1875
f 1878 1875 1879
f 1879 1875 1874
f 1836 1840 1880
f 1865 1863 1881
f 1882 1883 1884
f 1881 1885 1886
f 1883 1887 1888
f 1885 1889 1890
f 1889 1891 1892
f 1889 1892 1890
f 1890 1892 1893
f 1890 1893 1894
f 1894 1893 1895
f 1894 1895 1896
f 1896 1895 1897
f 1896 1897 1898
f 1898 1897 1899
f 1898 1899 1900
f 1901 1902 1903
f 1903 1902 1904
f 1903 1904 1905
f 1905 1904 1906
f 1905 1906 1907
f 1907 1906 1908
f 1907 1908 1909
f 1909 1908 1910
f 1909 1910 1911
f 1911 1910 1888
f 1911 1888 1912
f 1912 1888 1887
f 1912 1887 1913
f 1885 1890 1886
f 1886 1890 1894
f 1886 1894 1914
f 1914 1894 1896
f 1914 1896 1915
f 1915 1896 1898
f 1915 1898 1916
f 1916 1898 1900
f 1916 1900 1917
f 1883 1888 1884
f 1884 1888 1910
f 1884 1910 1918
f 1918 1910 1908
f 1918 1908 1919
f 1919 1908 1906
f 1919 1906 1920
f 1920 1906 1904
f 1920 1904 1921
f 1921 1904 1902
f 1921 1902 1922
f 1881 1886 1923
f 1923 1886 1914
f 1923 1914 1924
f 1924 1914 1915
f 1924 1915 1925
f 1925 1915 1916
f 1925 1916 1926
f 1926 1916 1917
f 1926 1917 1880
f 1882 1884 1927
f 1927 1884 1918
f 1927 1918 1928
f 1928 1918 1919
f 1928 1919 1929
f 1929 1919 1920
f 1929 1920 1930
f 1930 1920 1921
f 1930 1921 1931
f 1931 1921 1922
f 1931 1922 1932
f 1831 1891 1832
f 1832 1891 1889
f 1832 1889 1833
f 1833 1889 1885
f 1833 1885 1830
f 1830 1885 1881
f 1830 1881 1822
f 1822 1881 1863
f 1865 1881 1866
f 1866 1881 1923
f 1866 1923 1868
f 1868 1923 1924
f 1868 1924 1869
f 1869 1924 1925
f 1869 1925 1872
f 1872 1925 1926
f 1872 1926 1871
f 1880 1840 1926
f 1926 1840 1842
f 1926 1842 1871
f 1846 1836 1933
f 1933 1836 1880
f 1933 1880 1934
f 1934 1880 1917
f 1934 1917 1935
f 1935 1917 1900
f 1935 1900 1936
f 1936 1900 1899
f 1936 1913 1935
f 1935 1913 1887
f 1935 1887 1934
f 1934 1887 1883
f 1934 1883 1933
f 1933 1883 1882
f 1933 1882 1846
f 1846 1882 1843
f 1856 1860 1930
f 1930 1860 1850
f 1930 1850 1929
f 1929 1850 1852
f 1929 1852 1928
f 1928 1852 1853
f 1928 1853 1927
f 1927 1853 1848
f 1927 1848 1882
f 1882 1848 1847
f 1882 1847 1843
f 1901 1937 1902
f 1902 1937 1938
f 1902 1938 1922
f 1922 1938 1932
f 1932 1938 1939
f 1932 1939 1940
f 1856 1930 1874
f 1874 1930 1931
f 1874 1931 1879
f 1879 1931 1932
f 1879 1932 1878
f 1878 1932 1940
f 1878 1940 1876
f 1941 1942 1876
f 1938 1943 1939
f 1939 1943 1941
f 1939 1941 1940
f 1940 1941 1876
f 1943 1938 1937
f 1943 1937 1944
f 1944 1937 1901
f 1944 1901 1945
f 1946 1947 1948
f 1949 1950 1951
f 1952 1949 1953
f 1947 1952 1954
f 1949 1951 1953
f 1953 1951 1955
f 1953 1955 1956
f 1956 1955 1957
f 1956 1957 1958
f 1958 1957 1959
f 1958 1959 1960
f 1960 1959 1961
f 1960 1961 1962
f 1962 1961 1963
f 1962 1963 1964
f 1964 1963 1965
f 1964 1965 1966
f 1966 1965 1967
f 1966 1967 1968
f 1968 1967 1969
f 1968 1969 1970
f 1970 1969 1971
f 1970 1971 1972
f 1972 1971 1973
f 1972 1973 1974
f 1974 1973 1975
f 1974 1975 1976
f 1976 1975 1977
f 1976 1977 1978
f 1978 1977 1979
f 1978 1979 1980
f 1980 1979 1981
f 1980 1981 1982
f 1982 1981 1983
f 1982 1983 1984
f 1984 1983 1985
f 1984 1985 1986
f 1986 1985 1987
f 1986 1987 1988
f 1988 1987 1942
f 1988 1942 1941
f 1946 1948 1989
f 1989 1948 1990
f 1989 1990 1991
f 1991 1990 1992
f 1991 1992 1993
f 1993 1992 1994
f 1993 1994 1995
f 1995 1994 1996
f 1995 1996 1997
f 1997 1996 1998
f 1997 1998 1999
f 1999 1998 2000
f 1999 2000 2001
f 2001 2000 2002
f 2001 2002 2003
f 2003 2002 2004
f 2003 2004 2005
f 2005 2004 2006
f 2005 2006 2007
f 2007 2006 2008
f 2007 2008 2009
f 2009 2008 2010
f 2009 2010 2011
f 2011 2010 2012
f 2011 2012 2013
f 2013 2012 2014
f 2013 2014 2015
f 2015 2014 2016
f 2015 2016 2017
f 2017 2016 2018
f 2017 2018 2019
f 2019 2018 2020
f 2019 2020 2021
f 2021 2020 2022
f 2021 2022 2023
f 2023 2022 1944
f 2023 1944 1945
f 1952 1953 1954
f 1954 1953 1956
f 1954 1956 2024
f 2024 1956 1958
f 2024 1958 2025
f 2025 1958 1960
f 2025 1960 2026
f 2026 1960 1962
f 2026 1962 2027
f 2027 1962 1964
f 2027 1964 2028
f 2028 1964 1966
f 2028 1966 2029
f 2029 1966 1968
f 2029 1968 2030
f 2030 1968 1970
f 2030 1970 2031
f 2031 1970 1972
f 2031 1972 2032
f 2032 1972 1974
f 2032 1974 2033
f 2033 1974 1976
f 2033 1976 2034
f 2034 1976 1978
f 2034 1978 2035
f 2035 1978 1980
f 2035 1980 2036
f 2036 1980 1982
f 2036 1982 2037
f 2037 1982 1984
f 2037 1984 2038
f 2038 1984 1986
f 2038 1986 2039
f 2039 1986 1988
f 2039 1988 2040
f 2040 1988 1941
f 2040 1941 1943
f 1947 1954 1948
f 1948 1954 2024
f 1948 2024 1990
f 1990 2024 2025
f 1990 2025 1992
f 1992 2025 2026
f 1992 2026 1994
f 1994 2026 2027
f 1994 2027 1996
f 1996 2027 2028
f 1996 2028 1998
f 1998 2028 2029
f 1998 2029 2000
f 2000 2029 2030
f 2000 2030 2002
f 2002 2030 2031
f 2002 2031 2004
f 2004 2031 2032
f 2004 2032 2006
f 2006 2032 2033
f 2006 2033 2008
f 2008 2033 2034
f 2008 2034 2010
f 2010 2034 2035
f 2010 2035 2012
f 2012 2035 2036
f 2012 2036 2014
f 2014 2036 2037
f 2014 2037 2016
f 2016 2037 2038
f 2016 2038 2018
f 2018 2038 2039
f 2018 2039 2020
f 2020 2039 2040
f 2020 2040 2022
f 2022 2040 1943
f 2022 1943 1944
f 2041 1578 1580
f 2042 2043 1957
f 2044 2045 2046
f 2046 2045 2047
f 2046 2047 2048
f 1634 2049 1632
f 1632 2049 2050
f 1949 1952 2051
f 2051 1952 1947
f 2051 1947 1946
f 2044 2052 2045
f 2045 2052 2053
f 2045 2053 2054
f 1572 1545 1705
f 1957 2043 1959
f 1959 2043 2055
f 1959 2055 1961
f 1961 2055 2056
f 1961 2056 1963
f 1963 2056 2057
f 1963 2057 1965
f 1965 2057 2058
f 1965 2058 1967
f 1967 2058 2059
f 1967 2059 1969
f 1969 2059 2060
f 1969 2060 1971
f 1957 1955 2042
f 2042 1955 1951
f 2042 1951 2061
f 2061 1951 1950
f 2061 1950 2047
f 2047 1950 1949
f 2062 2063 2047
f 2047 2063 2064
f 2047 2064 2048
f 1574 1573 2041
f 2041 1573 1576
f 2041 1576 1578
f 1949 2051 2047
f 2047 2051 2065
f 2047 2065 2062
f 1876 1942 1877
f 1877 1942 1987
f 2054 2066 2045
f 2045 2066 2067
f 2045 2067 2068
f 2068 2041 2045
f 2045 2041 1580
f 2045 1580 2069
f 2069 1580 1616
f 2069 1616 2070
f 2070 1616 1618
f 2070 1618 2071
f 2071 1618 1620
f 2071 1620 2072
f 2072 1620 1622
f 2072 1622 2073
f 2073 1622 1624
f 2073 1624 2074
f 2074 1624 1626
f 2074 1626 2075
f 2075 1626 1628
f 2075 1628 2050
f 2050 1628 1630
f 2050 1630 1632
f 1705 1638 1640
f 2076 1877 1975
f 1638 1705 1636
f 1636 1705 2077
f 1636 2077 1634
f 1634 2077 2078
f 1634 2078 2049
f 1646 1648 1705
f 1705 1648 1650
f 1705 1650 1572
f 2060 2079 1971
f 1971 2079 2076
f 1971 2076 1973
f 1973 2076 1975
f 1987 1985 1877
f 1877 1985 1983
f 1877 1983 1981
f 1640 1642 1705
f 1705 1642 1644
f 1705 1644 1646
f 1981 1979 1877
f 1877 1979 1977
f 1877 1977 1975
f 2080 2081 2082
f 2083 1945 1901
f 1905 1907 1895
f 2084 1895 2081
f 2081 1895 1893
f 2081 1893 1892
f 1716 2082 1831
f 1831 2082 2081
f 1831 2081 1891
f 1891 2081 1892
f 2084 2085 1895
f 1895 2085 2086
f 1895 2086 2083
f 2087 2088 2082
f 2082 2088 2089
f 2082 2089 2080
f 2083 1901 1895
f 1895 1901 1903
f 1895 1903 1905
f 1907 1909 1911
f 1911 1912 1907
f 1907 1912 1913
f 1907 1913 1936
f 1936 1899 1907
f 1907 1899 1897
f 1907 1897 1895
f 2087 2090 2088
f 2088 2090 2091
f 2088 2091 2092
f 2093 2094 2092
f 2092 2094 2095
f 2092 2095 2088
f 2096 2097 2098
f 2093 2092 2098
f 2098 2092 2099
f 2098 2099 2096
f 2100 2101 2102
f 2103 2104 2105
f 2106 2107 2108
f 2109 2110 2111
f 2112 2113 2114
f 2097 2096 2115
f 2116 2117 2118
f 2119 2120 2121
f 2122 2123 2124
f 2125 2051 1946
f 2023 2126 2127
f 2126 2023 1945
f 2080 2128 2081
f 2081 2128 2129
f 2081 2129 2130
f 2130 2129 2131
f 2130 2131 2127
f 1945 2083 2126
f 2126 2083 2086
f 2126 2086 2127
f 2127 2086 2085
f 2127 2085 2130
f 2130 2085 2084
f 2130 2084 2081
f 2132 2017 2019
f 2011 2133 2009
f 2009 2133 2007
f 2001 2003 2134
f 2134 2003 2005
f 2134 2005 2135
f 2114 2113 1993
f 2123 2122 2136
f 2122 2125 2136
f 2136 2125 1946
f 2136 1946 2112
f 2112 1946 1989
f 2112 1989 2113
f 2113 1989 1991
f 2113 1991 1993
f 2137 2138 2139
f 2139 2140 2141
f 2137 2139 2142
f 2142 2139 2141
f 2142 2141 2143
f 2144 2145 2146
f 2146 2145 2147
f 2146 2147 2148
f 2148 2147 2140
f 2148 2140 2149
f 2149 2140 2139
f 2150 2151 2152
f 2152 2151 2153
f 2152 2153 2154
f 2154 2153 2155
f 2154 2155 2144
f 2144 2155 2156
f 2144 2156 2145
f 2157 2158 2159
f 2159 2158 2160
f 2159 2160 2150
f 2150 2160 2161
f 2150 2161 2151
f 2162 2163 2157
f 2157 2163 2164
f 2157 2164 2158
f 2165 2166 2101
f 2101 2166 2167
f 2101 2167 2102
f 2102 2167 2168
f 2169 2104 2170
f 2170 2104 2103
f 2170 2103 2171
f 2171 2103 2172
f 2173 2174 2175
f 2173 2175 2176
f 2177 2178 2179
f 2179 2178 2180
f 2179 2180 2181
f 2181 2180 2174
f 2181 2174 2182
f 2182 2174 2173
f 2183 2184 2185
f 2185 2184 2186
f 2185 2186 2187
f 2188 2189 2190
f 2191 2192 2193
f 2193 2192 2188
f 2193 2188 2183
f 2183 2188 2190
f 2183 2190 2184
f 2194 1727 2195
f 2195 1727 1725
f 1737 1735 2196
f 2196 1735 1733
f 1737 2197 1739
f 1739 2197 2198
f 1739 2198 1741
f 1741 2198 2199
f 1741 2199 1743
f 1743 2199 1745
f 1745 2199 2200
f 1745 2200 1747
f 1759 1757 2201
f 2201 1757 1755
f 2201 1755 2202
f 2202 1755 1753
f 2202 1753 2203
f 2203 1753 1751
f 2203 1751 2204
f 2204 1751 1749
f 2204 1749 2205
f 2090 2087 1715
f 1715 2087 2082
f 1715 2082 1716
f 2096 2099 2206
f 2206 2099 2207
f 2099 2092 2207
f 2207 2092 2091
f 2207 2091 2208
f 2208 2091 2090
f 2111 2093 2098
f 2080 2089 2128
f 2128 2089 2088
f 2128 2088 2110
f 2110 2088 2095
f 2110 2095 2111
f 2111 2095 2094
f 2111 2094 2093
f 2166 2121 2167
f 2167 2121 2120
f 2167 2120 2168
f 2168 2120 2119
f 2168 2119 2162
f 2162 2119 2209
f 2162 2209 2163
f 1993 1995 2114
f 2114 1995 1997
f 2114 1997 2210
f 2210 1997 2211
f 2210 2211 2212
f 2212 2211 2213
f 2212 2213 2214
f 2214 2213 2215
f 2214 2215 2216
f 2216 2215 2217
f 2216 2217 2218
f 2219 2220 2221
f 2222 2223 2224
f 2224 2223 2225
f 2224 2225 2226
f 2227 2222 2228
f 2228 2222 2224
f 2228 2224 2229
f 2229 2224 2226
f 2229 2226 2230
f 2230 2226 2231
f 2230 2231 2232
f 2232 2231 2233
f 2232 2233 2017
f 2017 2132 2232
f 2232 2132 2234
f 2232 2234 2230
f 2230 2234 2235
f 2230 2235 2229
f 2229 2235 2236
f 2229 2236 2228
f 2228 2236 2221
f 2228 2221 2227
f 2227 2221 2220
f 2227 2220 2237
f 2225 2133 2226
f 2226 2133 2011
f 2226 2011 2231
f 2231 2011 2013
f 2231 2013 2233
f 2233 2013 2015
f 2233 2015 2017
f 2238 2239 2240
f 2240 2239 2241
f 2240 2241 2242
f 2242 2241 2219
f 2219 2221 2242
f 2242 2221 2236
f 2242 2236 2240
f 2240 2236 2235
f 2240 2235 2238
f 2238 2235 2234
f 2238 2234 2243
f 2243 2234 2132
f 2243 2132 2244
f 2244 2132 2019
f 2244 2019 2021
f 2245 2237 2246
f 2246 2237 2220
f 2246 2220 2247
f 2247 2220 2219
f 2247 2219 2109
f 2109 2219 2241
f 2109 2241 2110
f 2110 2241 2239
f 2110 2239 2128
f 2128 2239 2238
f 2128 2238 2129
f 2129 2238 2243
f 2129 2243 2131
f 2131 2243 2244
f 2131 2244 2127
f 2127 2244 2021
f 2127 2021 2023
f 1997 1999 2211
f 2211 1999 2001
f 2211 2001 2213
f 2213 2001 2134
f 2213 2134 2215
f 2215 2134 2135
f 2215 2135 2217
f 2248 2249 2250
f 2250 2249 2251
f 2250 2251 2252
f 2096 2206 2115
f 2115 2206 2248
f 2115 2248 2253
f 2109 2254 2247
f 2247 2254 2255
f 2247 2255 2246
f 2246 2255 2256
f 2246 2256 2245
f 2245 2256 2257
f 2245 2257 2237
f 2237 2257 2258
f 2237 2258 2227
f 2227 2258 2259
f 2227 2259 2222
f 2222 2259 2218
f 2222 2218 2223
f 2223 2218 2217
f 2223 2217 2225
f 2225 2217 2135
f 2225 2135 2133
f 2133 2135 2005
f 2133 2005 2007
f 2260 2251 2261
f 2261 2251 2249
f 2261 2249 2262
f 2262 2249 2248
f 2262 2248 2263
f 2263 2248 2206
f 2187 2264 2265
f 2265 2264 2266
f 2195 2267 2194
f 2194 2267 2268
f 2194 2268 2269
f 2269 2268 2270
f 2269 2270 2271
f 2271 2270 2272
f 2273 2272 2274
f 2274 2272 2270
f 2274 2270 2275
f 2275 2270 2268
f 2275 2268 2276
f 2276 2268 2267
f 1384 2191 1719
f 1719 2191 2193
f 1719 2193 1720
f 1720 2193 2183
f 1720 2183 1721
f 1721 2183 2185
f 1721 2185 1723
f 1723 2185 2187
f 1723 2187 1725
f 1725 2187 2265
f 1725 2265 2195
f 2195 2265 2266
f 2195 2266 2267
f 2267 2266 2277
f 2267 2277 2276
f 2186 2278 2187
f 2187 2278 2279
f 2187 2279 2264
f 2264 2279 2280
f 2264 2280 2266
f 2266 2280 2281
f 2266 2281 2277
f 2277 2281 2177
f 2277 2177 2276
f 2276 2177 2179
f 2276 2179 2275
f 2275 2179 2181
f 2275 2181 2274
f 2274 2181 2182
f 2274 2182 2273
f 1737 2196 2197
f 2197 2196 2282
f 2197 2282 2198
f 2283 2284 2285
f 2285 2284 2286
f 2285 2286 2287
f 2288 2107 2289
f 2289 2107 2106
f 2289 2106 2290
f 2291 2283 2292
f 2292 2283 2285
f 2292 2285 2293
f 2293 2285 2287
f 2252 2251 2294
f 2294 2251 2260
f 2294 2260 2291
f 2291 2260 2295
f 2291 2295 2283
f 2283 2295 2296
f 2283 2296 2284
f 2282 2297 2198
f 2198 2297 2298
f 2198 2298 2199
f 2199 2298 2299
f 2199 2299 2200
f 2200 2299 2205
f 2200 2205 1747
f 1747 2205 1749
f 2090 1715 2208
f 2208 1715 1759
f 2208 1759 2207
f 2207 1759 2201
f 2207 2201 2206
f 2206 2201 2202
f 2206 2202 2263
f 2263 2202 2203
f 2263 2203 2262
f 2262 2203 2204
f 2262 2204 2261
f 2261 2204 2205
f 2261 2205 2260
f 2260 2205 2299
f 2260 2299 2295
f 2295 2299 2298
f 2295 2298 2296
f 2296 2298 2297
f 2296 2297 2284
f 2284 2297 2282
f 2284 2282 2286
f 2300 2288 2176
f 2176 2288 2289
f 2176 2289 2173
f 2173 2289 2290
f 2173 2290 2182
f 2175 2301 2176
f 2176 2301 2302
f 2176 2302 2300
f 2300 2302 2172
f 2300 2172 2288
f 2288 2172 2103
f 2288 2103 2107
f 2107 2103 2105
f 2107 2105 2108
f 2108 2105 2303
f 2108 2303 2304
f 2304 2303 2305
f 2304 2305 2306
f 2306 2305 2307
f 2306 2307 2308
f 2117 2116 2309
f 2309 2116 2165
f 2309 2165 2310
f 2310 2165 2101
f 2310 2101 2311
f 2311 2101 2100
f 2311 2100 2312
f 2169 2118 2104
f 2104 2118 2117
f 2104 2117 2105
f 2105 2117 2309
f 2105 2309 2303
f 2303 2309 2310
f 2303 2310 2305
f 2305 2310 2311
f 2305 2311 2307
f 2307 2311 2312
f 2307 2312 2308
f 2253 2248 2313
f 2313 2248 2250
f 2313 2250 2308
f 2308 2250 2252
f 2308 2252 2306
f 2306 2252 2294
f 2306 2294 2304
f 2304 2294 2291
f 2304 2291 2108
f 2108 2291 2292
f 2108 2292 2106
f 2106 2292 2293
f 2106 2293 2290
f 2290 2293 2287
f 2290 2287 2182
f 2182 2287 2286
f 2182 2286 2273
f 2273 2286 2282
f 2273 2282 2272
f 2272 2282 2196
f 2272 2196 2271
f 2271 2196 1733
f 2271 1733 2269
f 2269 1733 1731
f 2269 1731 2194
f 2194 1731 1729
f 2194 1729 1727
f 2138 2314 2139
f 2139 2314 2124
f 2139 2124 2149
f 2149 2124 2123
f 2149 2123 2148
f 2148 2123 2136
f 2148 2136 2146
f 2146 2136 2112
f 2146 2112 2144
f 2144 2112 2114
f 2144 2114 2154
f 2154 2114 2210
f 2154 2210 2152
f 2152 2210 2212
f 2152 2212 2150
f 2150 2212 2214
f 2150 2214 2159
f 2159 2214 2216
f 2159 2216 2157
f 2157 2216 2218
f 2157 2218 2162
f 2162 2218 2259
f 2162 2259 2168
f 2168 2259 2258
f 2168 2258 2102
f 2102 2258 2257
f 2102 2257 2100
f 2100 2257 2256
f 2100 2256 2312
f 2312 2256 2255
f 2312 2255 2308
f 2308 2255 2254
f 2308 2254 2313
f 2313 2254 2109
f 2313 2109 2253
f 2253 2109 2111
f 2253 2111 2115
f 2115 2111 2098
f 2115 2098 2097
f 2315 2316 2317
f 2318 2319 2320
f 2321 2322 2323
f 2324 2323 2325
f 2326 2327 2328
f 1614 2329 1569
f 1596 2330 2331
f 2332 2333 2334
f 2335 2336 2337
f 1436 1438 2338
f 1674 2339 1673
f 2339 1674 2340
f 2340 1674 1675
f 2340 1675 2319
f 2319 1675 1684
f 2319 1684 2320
f 1677 1473 1676
f 1676 1473 1474
f 2341 1462 2342
f 2342 1462 1464
f 2342 1464 2343
f 2343 1464 1466
f 2343 1466 2344
f 2344 1466 1468
f 2344 1468 2345
f 2345 1468 1470
f 2345 1470 2346
f 2346 1470 1472
f 1456 1458 2341
f 2341 1458 1460
f 2341 1460 1462
f 2341 2347 1456
f 1456 2347 2348
f 1456 2348 1454
f 2349 1448 2350
f 2350 1448 1450
f 2350 1450 1452
f 2191 1384 2351
f 2351 1384 1383
f 2351 1383 2352
f 2353 2352 2354
f 2354 2352 2355
f 2191 2351 2192
f 2192 2351 2352
f 2192 2352 2188
f 2188 2352 2353
f 2188 2353 2189
f 2356 2357 2358
f 2358 2357 2359
f 2336 2360 2361
f 2361 2360 2362
f 2361 2362 2356
f 2334 2363 2364
f 2364 2363 2365
f 2366 2367 2368
f 2368 2367 2369
f 2368 2369 2370
f 2371 2372 2373
f 2373 2372 2374
f 2373 2374 2375
f 2376 2377 2378
f 2378 2377 2379
f 2378 2379 2374
f 2374 2379 2380
f 2374 2380 2375
f 2381 2382 2383
f 2383 2382 2376
f 2383 2376 2384
f 2384 2376 2378
f 2385 2386 2387
f 2387 2386 2388
f 2387 2388 2381
f 2381 2388 2389
f 2381 2389 2382
f 2390 2391 2392
f 2392 2391 2393
f 2392 2393 2394
f 2392 2395 2390
f 2390 2395 2396
f 2390 2396 2397
f 2397 2396 2398
f 2397 2398 2399
f 2396 2400 2398
f 2398 2400 2401
f 2398 2401 2402
f 2143 2399 2142
f 2142 2399 2398
f 2142 2398 2403
f 2403 2398 2402
f 2404 2405 2406
f 2406 2405 2407
f 2041 2407 1574
f 1574 2407 2405
f 1574 2405 1575
f 1575 2405 2408
f 2409 1584 2410
f 2410 1584 1582
f 2411 1588 2409
f 2409 1588 1586
f 2409 1586 1584
f 1590 2412 1592
f 1592 2412 2413
f 1592 2413 1594
f 1596 2331 1598
f 2414 1602 1600
f 2414 2322 1602
f 1602 2322 2321
f 1602 2321 1604
f 1604 2321 1606
f 2415 2416 1608
f 1608 2416 2417
f 1608 2417 1610
f 1671 1670 2329
f 2329 1670 1669
f 2329 1669 1569
f 2418 1668 2419
f 2419 1668 1672
f 2419 1672 1671
f 1686 2420 2421
f 1678 1685 2421
f 2421 1685 1687
f 2421 1687 1686
f 2422 1680 1679
f 1684 1683 2320
f 2320 1683 1682
f 2320 1682 1681
f 2366 2423 2367
f 2367 2423 2424
f 2367 2424 2369
f 2369 2424 2372
f 2369 2372 2370
f 2370 2372 2371
f 1582 1575 2410
f 2410 1575 2408
f 2410 2408 2409
f 2409 2408 2385
f 2409 2385 2411
f 2411 2385 2387
f 2411 2387 2425
f 2425 2387 2381
f 2425 2381 2426
f 2426 2381 2383
f 2426 2383 2427
f 2427 2383 2384
f 2427 2384 2428
f 2428 2384 2378
f 2428 2378 2429
f 2429 2378 2374
f 2429 2374 2430
f 2430 2374 2372
f 2430 2372 2431
f 2431 2372 2424
f 2431 2424 2365
f 2365 2424 2423
f 2365 2423 2364
f 2364 2423 2432
f 2364 2432 2334
f 2334 2432 2433
f 2334 2433 2332
f 2406 2400 2404
f 2404 2400 2396
f 2404 2396 2405
f 2405 2396 2395
f 2405 2395 2408
f 2408 2395 2392
f 2408 2392 2385
f 2385 2392 2394
f 2385 2394 2386
f 1590 1588 2412
f 2412 1588 2411
f 2412 2411 2413
f 2413 2411 2425
f 2413 2425 2434
f 2434 2425 2426
f 2434 2426 2435
f 2435 2426 2427
f 2435 2427 2436
f 2436 2427 2428
f 2436 2428 2437
f 2437 2428 2429
f 2438 2327 2439
f 2439 2327 2326
f 2439 2326 2440
f 2323 2324 2321
f 2321 2324 2441
f 2321 2441 1606
f 1600 1598 2414
f 2414 1598 2331
f 2414 2331 2322
f 2322 2331 2442
f 2322 2442 2323
f 2323 2442 2443
f 2323 2443 2325
f 2325 2443 2444
f 2328 2445 2326
f 2326 2445 2446
f 2326 2446 2440
f 2440 2446 2447
f 2440 2447 2448
f 2448 2447 2449
f 2448 2449 2415
f 2415 2449 2450
f 2415 2450 2416
f 2416 2450 2451
f 2416 2451 2417
f 2417 2451 2452
f 2417 2452 1610
f 1610 2452 1612
f 2437 2444 2436
f 2436 2444 2443
f 2436 2443 2435
f 2435 2443 2442
f 2435 2442 2434
f 2434 2442 2331
f 2434 2331 2413
f 2413 2331 2330
f 2413 2330 1594
f 1594 2330 1596
f 2418 2453 2454
f 2454 2453 2455
f 2454 2455 2456
f 2456 2455 2457
f 2456 2457 2458
f 2459 2460 2461
f 2461 2460 2462
f 2461 2462 2458
f 2458 2462 2456
f 2456 2462 2421
f 2456 2421 2454
f 2454 2421 2420
f 2454 2420 2418
f 2418 2420 1686
f 2418 1686 1668
f 1440 1442 2463
f 2463 1442 2464
f 2463 2464 2465
f 2465 2464 2466
f 2465 2466 2467
f 2467 2466 2468
f 2469 2470 2315
f 1438 1440 2338
f 2338 1440 2463
f 2338 2463 2471
f 2471 2463 2465
f 2471 2465 2472
f 2472 2465 2467
f 2472 2467 2473
f 2473 2467 2468
f 2473 2468 2474
f 1446 1448 2475
f 2475 1448 2349
f 2475 2349 2476
f 2476 2349 2350
f 2476 2350 2477
f 1442 1444 2464
f 2464 1444 2478
f 2464 2478 2466
f 2466 2478 2479
f 2466 2479 2468
f 2468 2479 2480
f 2468 2480 2474
f 2474 2480 2481
f 2474 2481 2482
f 2482 2481 2483
f 2482 2483 2484
f 2484 2483 2485
f 2484 2485 2486
f 2486 2485 2487
f 2486 2487 2488
f 2488 2487 2489
f 2488 2489 2459
f 2459 2489 2490
f 2459 2490 2460
f 2460 2490 2491
f 2460 2491 2462
f 2462 2491 2422
f 2462 2422 2421
f 2421 2422 1679
f 2421 1679 1678
f 1444 1446 2478
f 2478 1446 2475
f 2478 2475 2479
f 2479 2475 2476
f 2479 2476 2480
f 2480 2476 2477
f 2480 2477 2481
f 2481 2477 2492
f 2481 2492 2483
f 2483 2492 2493
f 2483 2493 2485
f 2485 2493 2494
f 2485 2494 2487
f 2487 2494 2495
f 2487 2495 2489
f 2489 2495 2496
f 2489 2496 2490
f 2490 2496 2318
f 2490 2318 2491
f 2491 2318 2320
f 2491 2320 2422
f 2422 2320 1681
f 2422 1681 1680
f 1452 1454 2350
f 2350 1454 2348
f 2350 2348 2477
f 2477 2348 2347
f 2477 2347 2492
f 2492 2347 2341
f 2492 2341 2493
f 2493 2341 2342
f 2493 2342 2494
f 2494 2342 2343
f 2494 2343 2495
f 2495 2343 2344
f 2495 2344 2496
f 2496 2344 2345
f 2496 2345 2318
f 2318 2345 2346
f 2318 2346 2319
f 2319 2346 1472
f 2319 1472 2340
f 2340 1472 1473
f 2340 1473 2339
f 2339 1473 1677
f 2339 1677 1673
f 2497 2498 2499
f 1383 1432 2352
f 2352 1432 2500
f 2352 2500 2355
f 2355 2500 2317
f 2355 2317 2501
f 2501 2317 2316
f 2501 2316 2502
f 2502 2316 2315
f 2502 2315 2503
f 2503 2315 2470
f 2503 2470 2359
f 2359 2470 2469
f 2359 2469 2358
f 2358 2469 2504
f 2358 2504 2356
f 2356 2504 2505
f 2356 2505 2361
f 2361 2505 2506
f 2361 2506 2507
f 2507 2506 2508
f 2507 2508 2509
f 2509 2508 2510
f 2509 2510 2511
f 2511 2510 2512
f 2511 2512 2513
f 2513 2512 2514
f 2513 2514 2515
f 2515 2514 2516
f 2498 2497 2517
f 2517 2497 2518
f 2517 2518 2519
f 2519 2518 2520
f 2519 2520 2328
f 2328 2520 2521
f 2328 2521 2445
f 2336 2361 2337
f 2337 2361 2507
f 2337 2507 2522
f 2522 2507 2509
f 2522 2509 2499
f 2499 2509 2511
f 2499 2511 2497
f 2497 2511 2513
f 2497 2513 2518
f 2518 2513 2515
f 2518 2515 2520
f 2520 2515 2516
f 2520 2516 2521
f 1432 1434 2500
f 2500 1434 1436
f 2500 1436 2317
f 2317 1436 2338
f 2317 2338 2315
f 2315 2338 2471
f 2315 2471 2469
f 2469 2471 2472
f 2469 2472 2504
f 2504 2472 2473
f 2504 2473 2505
f 2505 2473 2474
f 2505 2474 2506
f 2506 2474 2482
f 2506 2482 2508
f 2508 2482 2484
f 2508 2484 2510
f 2510 2484 2486
f 2510 2486 2512
f 2512 2486 2488
f 2512 2488 2514
f 2514 2488 2459
f 2514 2459 2516
f 2516 2459 2461
f 2516 2461 2521
f 2521 2461 2458
f 2521 2458 2445
f 2445 2458 2457
f 2445 2457 2446
f 2446 2457 2455
f 2446 2455 2447
f 2447 2455 2453
f 2447 2453 2449
f 2449 2453 2418
f 2449 2418 2450
f 2450 2418 2419
f 2450 2419 2451
f 2451 2419 1671
f 2451 1671 2452
f 2452 1671 2329
f 2452 2329 1612
f 1612 2329 1614
f 2335 2337 2332
f 2332 2337 2522
f 2332 2522 2333
f 2333 2522 2499
f 2333 2499 2334
f 2334 2499 2498
f 2334 2498 2363
f 2363 2498 2517
f 2363 2517 2365
f 2365 2517 2519
f 2365 2519 2431
f 2431 2519 2328
f 2431 2328 2430
f 2430 2328 2327
f 2430 2327 2429
f 2429 2327 2438
f 2429 2438 2437
f 2437 2438 2439
f 2437 2439 2444
f 2444 2439 2440
f 2444 2440 2325
f 2325 2440 2448
f 2325 2448 2324
f 2324 2448 2415
f 2324 2415 2441
f 2441 2415 1608
f 2441 1608 1606
f 2523 2524 2525
f 2526 2527 2528
f 2528 2527 2529
f 2528 2529 2530
f 2530 2529 2531
f 2531 2529 2532
f 2531 2532 2525
f 2525 2532 2533
f 2525 2533 2534
f 2534 2535 2525
f 2525 2535 2536
f 2525 2536 2523
f 2523 2536 2537
f 2523 2537 2538
f 2538 2539 2540
f 2540 2539 2541
f 2541 2542 2540
f 2540 2542 2543
f 2540 2543 2544
f 2544 2543 2545
f 2544 2545 2546
f 2546 2547 2544
f 2544 2547 2548
f 2544 2548 2549
f 2526 2528 2549
f 2549 2528 2550
f 2549 2550 2544
f 2544 2550 2551
f 2544 2551 2552
f 2552 2553 2544
f 2544 2553 2554
f 2544 2554 2555
f 2556 2557 2558
f 2558 2557 2555
f 2559 2560 2523
f 2523 2560 2561
f 2523 2561 2524
f 2556 2562 2557
f 2557 2562 2563
f 2557 2563 2523
f 2523 2563 2564
f 2523 2564 2559
f 2555 2557 2544
f 2544 2557 2565
f 2544 2565 2566
f 2566 2565 2567
f 2566 2567 2568
f 2568 2567 2569
f 2568 2569 2570
f 2570 2569 2571
f 2570 2571 2572
f 2572 2571 2573
f 2572 2573 2574
f 2574 2573 2575
f 2574 2575 2576
f 2576 2575 2577
f 2576 2577 2578
f 2578 2577 2579
f 2578 2579 2580
f 2580 2581 2582
f 2581 2580 2583
f 2584 2585 2586
f 2587 2588 2589
f 2589 2588 2590
f 2589 2590 2591
f 2592 2593 2586
f 2586 2593 2594
f 2586 2594 2584
f 2591 2590 2586
f 2586 2590 2595
f 2586 2595 2592
f 2582 2596 2580
f 2580 2596 2597
f 2580 2597 2598
f 2598 2597 2599
f 2598 2599 2600
f 2600 2601 2598
f 2598 2601 2602
f 2598 2602 2603
f 2587 2589 2603
f 2603 2589 2604
f 2603 2604 2598
f 2598 2604 2605
f 2598 2605 2606
f 2606 2607 2598
f 2598 2607 2608
f 2598 2608 2609
f 2610 2611 2579
f 2612 2613 2614
f 2610 2579 2615
f 2613 2616 2614
f 2614 2616 2617
f 2614 2617 2579
f 2579 2617 2618
f 2579 2618 2615
f 2611 2619 2579
f 2579 2619 2620
f 2579 2620 2580
f 2580 2620 2586
f 2580 2586 2583
f 2583 2586 2585
f 2538 2540 2523
f 2523 2540 2621
f 2523 2621 2622
f 2622 2621 2623
f 2622 2623 2624
f 2624 2623 2625
f 2624 2625 2626
f 2626 2625 2627
f 2626 2627 2628
f 2628 2627 2629
f 2628 2629 2630
f 2630 2629 2631
f 2630 2631 2632
f 2632 2631 2633
f 2632 2633 2634
f 2634 2633 2598
f 2634 2598 2614
f 2614 2598 2609
f 2614 2609 2612

