{"Episode_Reward/track_ang_vel_z_exp":0.027521993964910507,"Metrics/twist/error_vel_yaw":0.14506565034389496,"Perf/total_fps":155,"_runtime":16.359782932,"Metrics/twist/error_vel_xy":0.18569205701351166,"Train/mean_reward":-13.354924509602208,"Loss/entropy":37.27163238525391,"Episode_Reward/action_rate_l2":-0.04708003252744675,"Episode_Reward/dof_pos_limits":-1.1225044715956756e-07,"Loss/surrogate":-0.11950679402798414,"Train/mean_episode_length":73.87096774193549,"Episode_Reward/pose_l2":-0.5719544887542725,"Episode_Reward/track_lin_vel_xy_exp":0.007209043018519878,"_timestamp":1.758646247189892e+09,"Perf/learning_time":0.04033207893371582,"Policy/mean_noise_std":1.0147639513015747,"Episode_Termination/fell_over":1,"Perf/collection time":0.11361098289489746,"Episode_Termination/time_out":0,"Episode_Reward/power":-0.14509129524230957,"Loss/learning_rate":1e-05,"Episode_Reward/ang_vel_xy_l2":-0.01449623703956604,"_step":95,"Loss/value_function":0.6491224199533463,"_wandb":{"runtime":16}}