{"_wandb":{"runtime":51},"Loss/surrogate":-0.11606157897040248,"Perf/learning_time":0.04347395896911621,"Episode_Termination/fell_over":1,"Episode_Reward/ang_vel_xy_l2":-0.01256224513053894,"Train/mean_episode_length":58.24,"Episode_Reward/power":-0.07666467875242233,"Episode_Reward/pose_l2":-0.34938690066337585,"Episode_Termination/time_out":0,"Episode_Reward/track_ang_vel_z_exp":0.019365154206752777,"Loss/entropy":37.763376235961914,"Episode_Reward/track_lin_vel_xy_exp":0.014801437966525555,"Metrics/twist/error_vel_yaw":0.07639911770820618,"Metrics/twist/error_vel_xy":0.07175114005804062,"Episode_Reward/dof_pos_limits":-6.706988642690703e-05,"Loss/value_function":0.17614565901458262,"_step":304,"Loss/learning_rate":1e-05,"Episode_Reward/action_rate_l2":-0.03349851816892624,"_runtime":51.41757398,"Perf/collection time":0.10964441299438477,"Perf/total_fps":156,"Train/mean_reward":-9.67382082939148,"_timestamp":1.7586474145435634e+09,"Policy/mean_noise_std":1.0341403484344482}