mtllib material.mtl
usemtl mtl_ankle_motor_l
v 0.01407885 0.06897033 0.02315576
v 0.01790814 0.06890614 0.02311702
v 0.01489921 0.06935652 0.02109158
v 0.01963499 0.06885862 0.02313897
v 0.00496133 0.06901129 0.02315050
v 0.00389333 0.06933602 0.02140265
v 0.00365687 0.06900424 0.02313972
v -0.01354938 0.06863159 0.02240212
v -0.01173627 0.06866825 0.02276943
v -0.00800262 0.06897362 0.02170191
v -0.00989875 0.06872238 0.02292046
v -0.00763710 0.06879691 0.02296778
v -0.01532123 0.06860595 0.02182525
v -0.01424280 0.06866460 0.02182725
v -0.01700556 0.06858743 0.02105682
v -0.01543542 0.06886013 0.01937312
v -0.01859891 0.06857390 0.02009898
v -0.01651460 0.06903737 0.01664389
v -0.02140065 0.06856257 0.01767308
v -0.02007624 0.06856532 0.01896186
v -0.01744991 0.06919129 0.01365995
v -0.02356377 0.06857331 0.01475511
v -0.02257153 0.06856676 0.01623199
v -0.01821249 0.06931710 0.01045347
v -0.02528996 0.06858125 0.01155003
v -0.02415499 0.06857648 0.01376626
v -0.01877701 0.06941059 0.00706804
v -0.02658436 0.06858484 0.00814049
v -0.02572501 0.06858265 0.01054580
v -0.02756974 0.06858653 0.00359287
v -0.02742693 0.06858633 0.00455648
v -0.01912368 0.06946845 0.00355719
v -0.02706660 0.06858576 0.00635580
v -0.02687197 0.06858542 0.00713398
v -0.02778709 0.06858685 0.00093847
v -0.01923989 0.06948851 -0.00001817
v -0.02780298 0.06858690 -0.00001835
v -0.01912131 0.06947000 -0.00359320
v -0.02766958 0.06858688 -0.00272245
v -0.02778880 0.06858692 -0.00088988
v -0.02140081 0.06856443 -0.01767703
v -0.02257383 0.06856836 -0.01623298
v -0.01650432 0.06904238 -0.01667287
v -0.02450807 0.06857932 -0.01313126
v -0.01744125 0.06919609 -0.01369137
v -0.02601947 0.06858432 -0.00980048
v -0.01820571 0.06932119 -0.01048695
v -0.02686281 0.06858598 -0.00717185
v -0.01877236 0.06941356 -0.00710308
v -0.02707593 0.06858629 -0.00631933
v -0.02756531 0.06858681 -0.00362996
v -0.02006843 0.06856756 -0.01897284
v -0.01542384 0.06886477 -0.01939939
v -0.01858839 0.06857666 -0.02011056
v -0.00799602 0.06898396 -0.02172563
v -0.01530948 0.06861017 -0.02183497
v -0.01700055 0.06859077 -0.02106417
v -0.00763451 0.06880736 -0.02297617
v -0.00990318 0.06873021 -0.02292734
v -0.01173689 0.06867456 -0.02277569
v -0.01353959 0.06863682 -0.02241040
v 0.02100744 0.06911115 -0.02175181
v 0.01971168 0.06888840 -0.02316098
v 0.02006704 0.06928317 -0.02097489
v 0.01802275 0.06893550 -0.02313999
v 0.01488975 0.06939758 -0.02111674
v 0.00895431 0.06904022 -0.02318884
v 0.00950190 0.06942426 -0.02126969
v 0.00500345 0.06903557 -0.02316817
v 0.00389021 0.06936371 -0.02142708
v 0.02114316 0.06966183 -0.01836989
v 0.02343392 0.06950033 -0.01868645
v 0.02242411 0.06934272 -0.02004142
v 0.02466822 0.06968465 -0.01683036
v 0.02209085 0.06999288 -0.01559654
v 0.02577125 0.06984161 -0.01492131
v 0.02289307 0.07027068 -0.01267392
v 0.02674195 0.06997354 -0.01295913
v 0.02757823 0.07008232 -0.01094377
v 0.02353460 0.07049032 -0.00962556
v 0.02821667 0.07016203 -0.00907367
v 0.02400277 0.07064783 -0.00647899
v 0.02878698 0.07023031 -0.00695761
v 0.02920476 0.07027783 -0.00482397
v 0.02428803 0.07074038 -0.00326494
v 0.02947063 0.07030574 -0.00267461
v 0.02958409 0.07031470 -0.00051145
v 0.02438444 0.07076646 -0.00001647
v 0.02958847 0.07031401 0.00003126
v 0.02428996 0.07072591 0.00323217
v 0.02950837 0.07029939 0.00221648
v 0.02927465 0.07026616 0.00437422
v 0.02400659 0.07062001 0.00644674
v 0.02889076 0.07021441 0.00650299
v 0.02354022 0.07045136 0.00959416
v 0.02835896 0.07014373 0.00860121
v 0.02778245 0.07006698 0.01038493
v 0.02290039 0.07022379 0.01264365
v 0.02697450 0.06995820 0.01242837
v 0.02603576 0.06982934 0.01440183
v 0.02209972 0.06994218 0.01556766
v 0.02497124 0.06967945 0.01630648
v 0.02115342 0.06961221 0.01834263
v 0.02378472 0.06950729 0.01814346
v 0.01977552 0.06888185 0.02299557
v 0.02127557 0.06912412 0.02136832
v 0.02268064 0.06934197 0.01965469
v 0.01013564 0.06985808 -0.01871385
v 0.00418655 0.06978313 -0.01889886
v 0.01069931 0.07024185 -0.01595370
v 0.00445149 0.07015644 -0.01614708
v 0.01118056 0.07056741 -0.01300955
v 0.00467874 0.07047495 -0.01319230
v 0.01156818 0.07082745 -0.00990834
v 0.00486246 0.07073069 -0.01006301
v 0.01185261 0.07101583 -0.00668313
v 0.00499767 0.07091694 -0.00679516
v 0.01202656 0.07112808 -0.00337207
v 0.00508053 0.07102867 -0.00343099
v 0.01208545 0.07116155 -0.00001702
v 0.00510862 0.07106288 -0.00001733
v 0.01202773 0.07111569 0.00333825
v 0.00508109 0.07101879 0.00339659
v 0.01185493 0.07099207 0.00664996
v 0.00499877 0.07089800 0.00676150
v 0.01157158 0.07079426 0.00987624
v 0.00486407 0.07070428 0.01003054
v 0.01118497 0.07052765 0.01297888
v 0.00468081 0.07044340 0.01316143
v 0.01070460 0.07019912 0.01592477
v 0.00445398 0.07012267 0.01611814
v 0.01014171 0.06981660 0.01868690
v 0.00418938 0.06975053 0.01887208
v 0.01578089 0.06981743 -0.01853494
v 0.01656942 0.07018659 -0.01576751
v 0.01723967 0.07049800 -0.01283425
v 0.01777749 0.07074542 -0.00976042
v 0.01817100 0.07092375 -0.00657623
v 0.01841120 0.07102926 -0.00331593
v 0.01849245 0.07105986 -0.00001673
v 0.01841282 0.07101522 0.00328266
v 0.01817421 0.07089678 0.00654354
v 0.01778221 0.07070772 0.00972868
v 0.01724579 0.07045271 0.01280378
v 0.01657682 0.07013775 0.01573860
v 0.01578940 0.06976981 0.01850783
v -0.00186258 0.06893639 0.02307137
v -0.00194791 0.06919771 0.02155760
v -0.00862632 0.06927254 0.01922517
v -0.00207184 0.06956956 0.01905470
v -0.00918890 0.06954288 0.01648856
v -0.00218315 0.06990474 0.01630952
v -0.00967511 0.06977724 0.01351259
v -0.00227898 0.07019453 0.01334268
v -0.01007059 0.06996863 0.01032839
v -0.00235669 0.07043078 0.01018415
v -0.01036281 0.07011088 0.00697733
v -0.00241397 0.07060631 0.00687274
v -0.01054204 0.07019916 0.00350965
v -0.00244903 0.07071552 0.00345484
v -0.01060207 0.07023032 -0.00001792
v -0.00246077 0.07075473 -0.00001763
v -0.01054081 0.07020316 -0.00354518
v -0.00244879 0.07072246 -0.00348983
v -0.01036040 0.07011851 -0.00701196
v -0.00241349 0.07061958 -0.00690690
v -0.01006707 0.06997920 -0.01036156
v -0.00235599 0.07044923 -0.01021698
v -0.00967061 0.06978977 -0.01354384
v -0.00227809 0.07021651 -0.01337375
v -0.00918355 0.06955615 -0.01651753
v -0.00218208 0.06992815 -0.01633848
v -0.00862027 0.06928512 -0.01925159
v -0.00207063 0.06959201 -0.01908129
v 0.01823028 0.06798912 0.02401749
v 0.01910985 0.06588172 0.02608835
v 0.01954264 0.06501926 0.02693678
v 0.01959894 0.06501924 0.02693529
v 0.01995153 0.06604740 0.02590773
v 0.02026594 0.06704653 0.02492248
v 0.01871179 0.06677075 0.02521440
v 0.02064657 0.06836765 0.02363446
v 0.02075920 0.06878302 0.02323218
v 0.00583651 0.06501880 0.02709411
v -0.00067300 0.06501929 0.02702308
v -0.00987429 0.06808861 0.02357696
v -0.00975593 0.06502048 0.02675506
v 0.01466017 0.06501883 0.02704164
v 0.00760125 0.06501874 0.02709718
v -0.01054511 0.06502055 0.02671526
v -0.01471362 0.06502095 0.02600228
v -0.01451961 0.06502093 0.02605524
v -0.01373847 0.06502086 0.02624808
v -0.01169492 0.06502066 0.02660458
v -0.01533883 0.06502101 0.02581757
v -0.01725257 0.06502116 0.02511167
v -0.01908118 0.06502126 0.02421873
v -0.02082096 0.06502132 0.02313776
v -0.02298484 0.06808861 0.01652622
v -0.02136593 0.06502134 0.02274556
v -0.02292847 0.06502136 0.02145296
v -0.02435353 0.06502137 0.02000837
v -0.02563605 0.06502137 0.01841363
v -0.02615253 0.06502137 0.01767845
v -0.02748948 0.06502137 0.01553291
v -0.02783647 0.06502137 0.01490528
v -0.02894639 0.06502137 0.01262521
v -0.02926228 0.06502137 0.01187714
v -0.02933821 0.06502137 0.01168888
v -0.02950227 0.06502137 0.01126961
v -0.03031416 0.06502137 0.00886308
v -0.03092853 0.06502137 0.00640265
v -0.03134412 0.06502137 0.00389241
v -0.03155691 0.06502137 0.00133590
v -0.03156809 0.06502137 0.00103944
v -0.03154933 0.06502137 -0.00150713
v -0.03132600 0.06502137 -0.00403848
v -0.03089829 0.06502137 -0.00654998
v -0.03075840 0.06502137 -0.00717757
v -0.03026365 0.06502136 -0.00903693
v -0.03016427 0.06502136 -0.00936274
v -0.02931266 0.06502136 -0.01175593
v -0.02827362 0.06502136 -0.01406567
v -0.02783796 0.06502136 -0.01490594
v -0.02704894 0.06502136 -0.01628727
v -0.02563788 0.06502136 -0.01841490
v -0.02517245 0.06502135 -0.01903282
v -0.02409865 0.06502135 -0.02029271
v -0.02175940 0.06502132 -0.02244879
v -0.02193913 0.06502132 -0.02230607
v -0.02264162 0.06502134 -0.02171474
v -0.02097763 0.06502130 -0.02303215
v -0.02066651 0.06502129 -0.02324836
v -0.00987769 0.06808861 -0.02359103
v -0.01926712 0.06502124 -0.02411944
v -0.01745299 0.06502113 -0.02503012
v -0.01553826 0.06502099 -0.02576019
v -0.01384859 0.06502082 -0.02622980
v -0.01182409 0.06502062 -0.02659633
v -0.00975582 0.06502043 -0.02676479
v 0.01833394 0.06802704 -0.02402795
v 0.00595999 0.06501866 -0.02712257
v 0.01043586 0.06501854 -0.02712023
v 0.01880356 0.06680869 -0.02521933
v 0.01919256 0.06591836 -0.02609045
v 0.01962732 0.06503216 -0.02695811
v 0.01963415 0.06501909 -0.02697092
v -0.00434187 0.06501963 -0.02695573
v 0.00389944 0.06501878 -0.02710875
v 0.01966654 0.06504066 -0.02694860
v 0.01965891 0.06501908 -0.02697025
v 0.02001560 0.06607682 -0.02591768
v 0.02032378 0.06707244 -0.02493992
v 0.02069753 0.06838889 -0.02366121
v 0.02081119 0.06881390 -0.02325105
v 0.03486458 0.05775391 -0.02463733
v 0.03471879 0.05829454 -0.02463101
v 0.03589957 0.05841505 -0.02287168
v 0.03217869 0.06307475 -0.02445266
v 0.03008470 0.06515031 -0.02427094
v 0.03122526 0.06454091 -0.02383479
v 0.02508627 0.06788562 -0.02376305
v 0.02390676 0.06824595 -0.02362898
v 0.02516367 0.06844079 -0.02215730
v 0.03004933 0.06513026 0.02426479
v 0.02803135 0.06676229 0.02358534
v 0.02763680 0.06672812 0.02402976
v 0.03486156 0.05771494 0.02463687
v 0.03524606 0.05467904 0.02463159
v 0.03684143 0.05482852 0.02217451
v 0.03633185 0.05840925 0.02217559
v 0.03481984 0.05860127 0.02433456
v 0.03350675 0.06160066 0.02414263
v 0.03322010 0.06157610 0.02453294
v 0.03379994 0.06055266 0.02457475
v 0.03169441 0.06455994 0.02317497
v 0.03082677 0.06445870 0.02433530
v 0.03215592 0.06305248 0.02444917
v 0.02937729 0.06694920 0.02179636
v 0.02236307 0.06855375 0.02343512
v 0.02385064 0.06842301 0.02299414
v 0.02502767 0.06786207 0.02374937
v 0.02545585 0.06845003 0.02174523
v 0.02243085 0.06858066 -0.02345352
v 0.02768462 0.06674884 -0.02403933
v 0.03381090 0.06058189 -0.02457633
v 0.03468059 0.06178194 -0.02240881
v 0.03322401 0.06162034 -0.02453434
v 0.03237050 0.06283587 -0.02446818
v 0.03827578 0.05496103 0.01959502
v 0.03778009 0.05855475 0.01960060
v 0.03953439 0.05507599 0.01691247
v 0.03905139 0.05867973 0.01692110
v 0.04004716 0.05512254 0.01565965
v 0.04014094 0.05878513 0.01413867
v 0.04061273 0.05517376 0.01412819
v 0.04137920 0.05524316 0.01169452
v 0.04091557 0.05885942 0.01170582
v 0.04192906 0.05529319 0.00953698
v 0.04162776 0.05892776 0.00884122
v 0.04208368 0.05530737 0.00882970
v 0.04259022 0.05535457 0.00592230
v 0.04214005 0.05897775 0.00593344
v 0.04288056 0.05538324 0.00320269
v 0.04245052 0.05900981 0.00298577
v 0.04289693 0.05538497 0.00297550
v 0.04300000 0.05539840 -0.00000783
v 0.04255527 0.05902387 0.00000115
v 0.04299349 0.05539905 -0.00074852
v 0.04254884 0.05902453 -0.00073990
v 0.04288057 0.05539353 -0.00320265
v 0.04239490 0.05901583 -0.00369258
v 0.04284056 0.05539097 -0.00369956
v 0.04248592 0.05536567 -0.00662924
v 0.04203705 0.05898882 -0.00662408
v 0.04192971 0.05532271 -0.00953410
v 0.04147540 0.05894288 -0.00953083
v 0.04117016 0.05526129 -0.01241039
v 0.04070806 0.05887685 -0.01240892
v 0.04031856 0.05519003 -0.01494703
v 0.03984750 0.05879976 -0.01494689
v 0.04004718 0.05516689 -0.01565961
v 0.03871737 0.05869452 -0.01767363
v 0.03920038 0.05509352 -0.01767288
v 0.03789813 0.05497755 -0.02031580
v 0.03740114 0.05856687 -0.02031653
v 0.03641232 0.05484109 -0.02287231
v 0.03524608 0.05473114 -0.02463156
v 0.03616168 0.06194673 -0.01990365
v 0.03746042 0.06208426 -0.01731266
v 0.03857581 0.06219687 -0.01463965
v 0.03942522 0.06227892 -0.01215190
v 0.04018258 0.06234885 -0.00933099
v 0.04073682 0.06239735 -0.00648224
v 0.04108973 0.06242581 -0.00360951
v 0.04124123 0.06243503 -0.00071631
v 0.04124745 0.06243437 0.00000977
v 0.04114345 0.06241976 0.00293390
v 0.04083634 0.06238628 0.00582153
v 0.04033005 0.06233390 0.00866979
v 0.03962657 0.06226204 0.01147545
v 0.03886175 0.06218359 0.01385799
v 0.03778645 0.06207173 0.01658257
v 0.03653243 0.06193825 0.01920604
v 0.03510471 0.06178180 0.02172687
v 0.03282602 0.06474669 -0.02151052
v 0.03425205 0.06491989 -0.01910125
v 0.03550329 0.06506385 -0.01661112
v 0.03657839 0.06518131 -0.01404343
v 0.03739739 0.06526661 -0.01165451
v 0.03812776 0.06533913 -0.00894639
v 0.03866224 0.06538933 -0.00621211
v 0.03900243 0.06541875 -0.00345527
v 0.03914820 0.06542832 -0.00067914
v 0.03915408 0.06542765 0.00001751
v 0.03905321 0.06541266 0.00282296
v 0.03875633 0.06537821 0.00559320
v 0.03826735 0.06532422 0.00832554
v 0.03758836 0.06525000 0.01101701
v 0.03685056 0.06516880 0.01330268
v 0.03581389 0.06505268 0.01591678
v 0.03460576 0.06491365 0.01843443
v 0.03323137 0.06475009 0.02085447
v 0.02770787 0.06674888 -0.02401741
v 0.02894004 0.06692906 -0.02242530
v 0.03044330 0.06713752 -0.02022886
v 0.03178371 0.06731285 -0.01795616
v 0.03296079 0.06745850 -0.01561018
v 0.03397289 0.06757727 -0.01319333
v 0.03474430 0.06766351 -0.01094613
v 0.03543250 0.06773680 -0.00839979
v 0.03593620 0.06778751 -0.00582970
v 0.03625674 0.06781723 -0.00323901
v 0.03639387 0.06782689 -0.00063061
v 0.03639931 0.06782622 0.00002390
v 0.03630371 0.06781107 0.00265952
v 0.03602324 0.06777629 0.00526196
v 0.03556173 0.06772175 0.00782885
v 0.03492134 0.06764679 0.01035759
v 0.03422596 0.06756476 0.01250549
v 0.03324962 0.06744743 0.01496284
v 0.03211278 0.06730692 0.01733088
v 0.03082072 0.06714156 0.01960908
v 0.02629228 0.06861445 -0.02067572
v 0.02767048 0.06881592 -0.01863808
v 0.02890070 0.06898597 -0.01653521
v 0.02998210 0.06912770 -0.01436857
v 0.03091276 0.06924366 -0.01213941
v 0.03162262 0.06932808 -0.01006858
v 0.03225627 0.06939999 -0.00772353
v 0.03272021 0.06944983 -0.00535767
v 0.03301543 0.06947907 -0.00297354
v 0.03314154 0.06948853 -0.00057358
v 0.03314647 0.06948785 0.00002858
v 0.03305796 0.06947282 0.00245329
v 0.03279901 0.06943843 0.00484745
v 0.03237330 0.06938462 0.00720911
v 0.03178307 0.06931080 0.00953615
v 0.03114266 0.06923021 0.01151341
v 0.03024429 0.06911527 0.01377681
v 0.02919931 0.06897806 0.01595995
v 0.02801293 0.06881715 0.01806312
v 0.02668904 0.06863065 0.02008631
v 0.03208630 0.05567657 0.02688517
v 0.03214059 0.05467904 0.02688484
v 0.01979886 0.06501898 0.02692937
v 0.02048239 0.06501807 0.02689490
v 0.02186102 0.06492211 0.02684594
v 0.03202057 0.05615965 0.02688517
v 0.03185592 0.05694855 0.02688500
v 0.03117868 0.05877683 0.02688352
v 0.03169889 0.05749402 0.02688473
v 0.03007653 0.06051408 0.02688036
v 0.03087060 0.05935036 0.02688270
v 0.03103049 0.05906438 0.02688314
v 0.02911348 0.06157099 0.02687707
v 0.02973645 0.06092138 0.02687928
v 0.02591216 0.06373111 0.02686452
v 0.02726649 0.06299984 0.02687022
v 0.02806374 0.06245661 0.02687338
v 0.02849334 0.06212085 0.02687492
v 0.02219608 0.06487001 0.02684576
v 0.02227740 0.06485577 0.02684622
v 0.02394403 0.06446718 0.02685517
v 0.02552271 0.06390442 0.02686275
v 0.02028267 0.06501826 -0.02694487
v 0.02081898 0.06501194 -0.02691362
v 0.02048231 0.06501799 -0.02693284
v 0.02219607 0.06486994 -0.02688512
v 0.02287189 0.06473877 -0.02688893
v 0.02392513 0.06447262 -0.02689411
v 0.02553441 0.06389938 -0.02690016
v 0.02615199 0.06361671 -0.02690196
v 0.02755155 0.06281648 -0.02690471
v 0.02701952 0.06314965 -0.02690385
v 0.02982019 0.06082498 -0.02690484
v 0.02876475 0.06189048 -0.02690550
v 0.02806927 0.06245246 -0.02690530
v 0.03164607 0.05765337 -0.02689678
v 0.03034947 0.06015288 -0.02690371
v 0.03101783 0.05908787 -0.02690122
v 0.03109111 0.05894962 -0.02690084
v 0.03214046 0.05473114 -0.02688492
v 0.03202895 0.05610745 -0.02689092
v 0.03184587 0.05698769 -0.02689438
v 0.03171445 0.05744518 -0.02689605
v 0.03925981 0.02730758 0.01754045
v 0.04013330 0.02673481 0.01543756
v 0.03541644 0.03475241 -0.02438598
v 0.03524608 0.03688860 -0.02463156
v 0.03638059 0.03317166 -0.02292275
v 0.03743233 0.02945472 -0.02116178
v 0.03659337 0.03096857 -0.02258153
v 0.03589026 0.03275643 -0.02368310
v 0.03834570 0.02822012 -0.01945784
v 0.04192907 0.02653820 0.00953694
v 0.04091583 0.02653820 0.01322479
v 0.03524606 0.03688860 0.02463159
v 0.03541368 0.03476959 0.02438998
v 0.03588689 0.03276703 0.02368821
v 0.03637999 0.03317251 0.02292372
v 0.03658816 0.03097952 0.02258997
v 0.03743122 0.02945641 0.02116374
v 0.03834503 0.02822089 0.01945916
v 0.04208795 0.02653820 0.00880936
v 0.04288056 0.02653820 0.00320268
v 0.04289834 0.02653820 0.00295507
v 0.04289834 0.02653820 -0.00295504
v 0.04288057 0.02653820 -0.00320264
v 0.04208795 0.02653820 -0.00880932
v 0.04192908 0.02653820 -0.00953691
v 0.04091584 0.02653820 -0.01322475
v 0.04013374 0.02673462 -0.01543642
v 0.04004563 0.02677754 -0.01566358
v 0.03926118 0.02730646 -0.01753738
v 0.03214059 0.04208860 0.02688484
v 0.03198186 0.04103142 0.02700001
v 0.03198186 0.03688860 0.02700001
v 0.03198188 0.03688860 -0.02699999
v 0.03198188 0.04103142 -0.02699999
v 0.03214061 0.04208860 -0.02688482
v 0.03214061 0.05467904 -0.02688482
v 0.03213646 0.03379279 -0.02667704
v 0.03256640 0.03090017 -0.02575276
v 0.03320439 0.02830918 -0.02430419
v 0.03340411 0.02766625 -0.02382997
v 0.03442725 0.02505621 -0.02121923
v 0.03396565 0.02611529 -0.02243721
v 0.03641688 0.02217326 -0.01490834
v 0.03562513 0.02300198 -0.01767111
v 0.03550714 0.02316290 -0.01805018
v 0.03479444 0.02432608 -0.02019652
v 0.03712655 0.02188860 -0.01199998
v 0.03819012 0.02188860 -0.00799348
v 0.03712654 0.02188860 0.01200002
v 0.03819011 0.02188860 0.00799351
v 0.03892545 0.02188860 -0.00268137
v 0.03892545 0.02188860 0.00268140
v 0.03641649 0.02217354 0.01490983
v 0.03562389 0.02300361 0.01767514
v 0.03550712 0.02316291 0.01805020
v 0.03442723 0.02505621 0.02121926
v 0.03479383 0.02432719 0.02019824
v 0.03340410 0.02766621 0.02382995
v 0.03396465 0.02611774 0.02243977
v 0.03213396 0.03381769 0.02668230
v 0.03256334 0.03091554 0.02575946
v 0.03319966 0.02832505 0.02431527
v 0.03122784 0.03976060 0.02700001
v 0.02999500 0.03882204 0.02700001
v 0.02698146 0.03688860 0.02700001
v 0.02848186 0.03848860 0.02700001
v 0.02698146 0.03848860 0.02700001
v 0.03195601 0.04112879 0.02700001
v 0.03195200 0.04113041 0.02700001
v 0.03196384 0.04112208 0.02700001
v 0.03196924 0.04111343 0.02700001
v 0.02999502 0.03882204 -0.02699999
v 0.03122786 0.03976060 -0.02699999
v 0.02848188 0.03848860 -0.02699999
v 0.02698149 0.03688860 -0.02699999
v 0.02698149 0.03848860 -0.02699999
v 0.03197245 0.04110586 -0.02699999
v 0.03198132 0.04105330 -0.02699999
v 0.03195202 0.04113041 -0.02699999
v 0.03195839 0.04112732 -0.02699999
v 0.03196489 0.04112075 -0.02699999
v 0.03616090 0.02188860 -0.01199998
v 0.03553296 0.02199223 -0.01376014
v 0.03523322 0.02210113 -0.01451608
v 0.03482324 0.02229817 -0.01548128
v 0.03402498 0.02281080 -0.01717834
v 0.03357353 0.02316380 -0.01805224
v 0.03315684 0.02352528 -0.01881332
v 0.02979119 0.02766572 -0.02382954
v 0.03031257 0.02686139 -0.02315593
v 0.03223754 0.02443574 -0.02036217
v 0.03168457 0.02505707 -0.02122034
v 0.03125590 0.02557834 -0.02185280
v 0.02940748 0.02831207 -0.02430621
v 0.02866513 0.02973837 -0.02518613
v 0.02818796 0.03083560 -0.02572446
v 0.02804425 0.03120783 -0.02588267
v 0.02756182 0.03269229 -0.02640106
v 0.02702066 0.03579926 -0.02696038
v 0.02722363 0.03417921 -0.02675327
v 0.02706109 0.03533529 0.02691937
v 0.02729350 0.03381259 0.02668123
v 0.02767840 0.03228948 0.02627755
v 0.02818789 0.03083573 0.02572454
v 0.02884072 0.02937546 0.02498280
v 0.02961559 0.02795513 0.02404962
v 0.02979043 0.02766692 0.02383051
v 0.03048645 0.02660942 0.02292423
v 0.03141948 0.02537519 0.02161465
v 0.03168449 0.02505714 0.02122046
v 0.03240549 0.02425801 0.02009126
v 0.03333139 0.02336982 0.01849944
v 0.03357365 0.02316368 0.01805201
v 0.03423129 0.02266382 0.01675982
v 0.03504549 0.02218499 0.01496714
v 0.03616089 0.02188860 0.01200002
v 0.03576128 0.02193281 0.01315077
v 0.03523344 0.02210103 0.01451553
v 0.03163186 0.04218860 0.02700001
v 0.03163186 0.05477904 0.02700001
v 0.02224858 0.04958860 0.02700001
v 0.02224858 0.06443512 0.02700001
v 0.02279866 0.06432578 0.02700001
v 0.02440883 0.06387974 0.02700001
v 0.03005686 0.03946062 0.02700001
v 0.03120984 0.04061360 0.02700001
v 0.02848186 0.03903860 0.02700001
v 0.02224858 0.03903860 0.02700001
v 0.02970898 0.06025667 0.02700001
v 0.02877423 0.06128872 0.02700001
v 0.02768783 0.06219801 0.02700001
v 0.02748314 0.06234396 0.02700001
v 0.02618334 0.06312629 0.02700001
v 0.02475544 0.06375638 0.02700001
v 0.03153503 0.05607284 0.02700001
v 0.03124863 0.05732991 0.02700001
v 0.03113232 0.05768161 0.02700001
v 0.03060037 0.05888893 0.02700001
v 0.02989345 0.06001337 0.02700001
v 0.02204858 0.04978860 0.02700101
v 0.02212512 0.04977338 0.02700039
v 0.02082842 0.06459247 0.02705049
v 0.02048633 0.06459861 0.02707780
v 0.01931177 0.04978860 0.02721681
v 0.02210959 0.06445971 0.02700049
v 0.02218995 0.04973007 0.02700010
v 0.02223329 0.04966530 0.02700002
v 0.01931177 0.06459861 0.02721681
v 0.01781538 0.06459861 0.02749753
v 0.01643862 0.04978860 0.02786250
v 0.01369143 0.06322341 0.02892308
v 0.01369143 0.04978860 0.02892308
v 0.01517380 0.06384299 0.02829312
v 0.01671312 0.06433484 0.02778130
v -0.01367904 0.06261978 0.02892894
v -0.01369146 0.06228983 0.02892307
v -0.01144019 0.06200631 0.02988515
v -0.01369146 0.04978860 0.02892307
v -0.00961566 0.06148474 0.03052112
v -0.00929596 0.04978860 0.03062001
v -0.00757692 0.06097318 0.03109003
v -0.00000001 0.04978860 0.03200000
v 0.00035463 0.06014596 0.03199803
v -0.00176858 0.06018548 0.03195109
v -0.00469892 0.04978860 0.03165312
v -0.00341801 0.06030866 0.03181693
v -0.00470078 0.06045968 0.03165285
v -0.00551043 0.06057977 0.03152198
v 0.00245366 0.06024124 0.03190579
v 0.00469889 0.04978860 0.03165312
v 0.00453265 0.06047100 0.03167736
v 0.00629567 0.06077476 0.03137458
v 0.00929593 0.04978860 0.03062002
v 0.00840078 0.06127319 0.03087761
v 0.01335013 0.06306560 0.02908219
v 0.01247394 0.06268147 0.02946864
v 0.01045901 0.06190924 0.03024251
v 0.00930031 0.06153268 0.03061869
v 0.01800071 0.06465170 0.02744071
v 0.01801546 0.06466348 0.02742866
v 0.00851896 0.06466872 0.02753856
v 0.00585405 0.06466880 0.02753768
v 0.01801696 0.06466909 0.02742306
v 0.00328548 0.06466895 0.02752304
v -0.00573446 0.06466990 0.02735705
v 0.00422616 0.06466889 0.02753000
v -0.00973857 0.06467048 0.02722119
v -0.00698758 0.06467007 0.02731890
v -0.01461723 0.04978860 0.02851319
v -0.01452319 0.05108121 0.02855229
v -0.01576009 0.06316216 0.02783863
v -0.01743031 0.06356850 0.02680798
v -0.01857312 0.05201241 0.02649183
v -0.01693343 0.04978860 0.02745181
v -0.02324131 0.04978860 0.02330561
v -0.02265642 0.04978860 0.02378243
v -0.02227826 0.05292404 0.02385451
v -0.02124769 0.04978860 0.02484449
v -0.01914412 0.04978860 0.02622740
v -0.02409744 0.04978860 0.02256612
v -0.02556076 0.05379695 0.02069575
v -0.02590881 0.04978860 0.02081810
v -0.02920308 0.04930681 0.01688633
v -0.02887915 0.04942048 0.01731942
v -0.02835166 0.05461282 0.01708191
v -0.02773591 0.04969558 0.01876246
v -0.02655831 0.04978860 0.02012176
v -0.02672555 0.06460976 0.01749260
v -0.02574680 0.06460880 0.01888522
v -0.02533299 0.06460841 0.01943089
v -0.02400275 0.06460717 0.02104008
v -0.02109484 0.06432168 0.02397692
v -0.02279375 0.06457682 0.02234338
v -0.02303308 0.06460630 0.02209375
v -0.02317122 0.06460643 0.02194912
v -0.02371505 0.06460691 0.02136232
v -0.01774518 0.06364145 0.02659689
v -0.01963502 0.06404938 0.02520773
v -0.02088618 0.06428545 0.02416204
v -0.02335228 0.06466625 0.02171875
v -0.02330380 0.06464776 0.02179025
v -0.02335319 0.06466855 0.02171458
v -0.02294668 0.06467136 0.02207798
v -0.02335298 0.06467007 0.02171256
v -0.02311945 0.06461716 0.02200145
v -0.02279916 0.06467135 0.02220657
v -0.02188635 0.06467134 0.02294992
v -0.02026027 0.06467130 0.02407770
v -0.01852992 0.06467122 0.02504484
v -0.01669792 0.06467111 0.02584695
v -0.01566004 0.06467102 0.02621134
v -0.01373350 0.06467085 0.02673099
v -0.01175851 0.06467067 0.02706793
v -0.03536725 0.04658358 0.01069800
v -0.03536635 0.04652544 0.01070504
v -0.03454207 0.04653996 0.01139070
v -0.03536899 0.04664180 0.01069030
v -0.03378635 0.06141979 0.01036676
v -0.03386208 0.06135505 0.01031499
v -0.03554799 0.05175702 0.01001832
v -0.03418178 0.06107471 0.01010043
v -0.03476311 0.06053530 0.00972625
v -0.03480838 0.06049169 0.00969795
v -0.03568728 0.05952171 0.00917819
v -0.03579022 0.05938905 0.00912119
v -0.03255277 0.06238462 0.01126416
v -0.03271470 0.04657215 0.01310344
v -0.03198558 0.04746496 0.01374336
v -0.03130560 0.06318974 0.01228655
v -0.03120081 0.04817903 0.01451489
v -0.03086660 0.06343608 0.01267717
v -0.03018530 0.04885327 0.01564171
v -0.02908199 0.06427419 0.01445517
v -0.02962913 0.06404879 0.01387417
v -0.02802983 0.06460918 0.01568121
v -0.03147649 0.06326043 0.01162888
v -0.03165795 0.06331811 0.01094103
v -0.03507268 0.06054153 0.00852040
v -0.03511549 0.06049968 0.00849088
v -0.03473745 0.06086338 0.00874860
v -0.03320337 0.06219693 0.00980449
v -0.03250285 0.06273501 0.01030004
v -0.03166730 0.06332064 0.01090576
v -0.02867554 0.06467137 0.01432583
v -0.02786412 0.06466202 0.01585976
v -0.02785447 0.06466842 0.01586295
v -0.02785194 0.06467076 0.01586238
v -0.02990496 0.06441659 0.01228065
v -0.02947316 0.06467137 0.01261026
v -0.02914580 0.06467137 0.01334705
v -0.03324911 0.04567727 0.01255131
v -0.03537416 0.04578792 0.01069117
v -0.03494775 0.04352790 0.00976110
v -0.03546292 0.04504921 0.01043422
v -0.03541592 0.04369166 0.00957203
v -0.03563058 0.04436440 0.00995544
v -0.03588023 0.04375536 0.00928541
v -0.03353751 0.04503462 0.01208673
v -0.03380908 0.04420593 0.01135556
v -0.03395306 0.04354065 0.01059602
v -0.03778494 0.04648107 0.00965911
v -0.03778440 0.04646109 0.00966123
v -0.03650614 0.04651505 0.01001745
v -0.03650530 0.04647668 0.01002184
v -0.03778552 0.04650102 0.00965683
v -0.03650741 0.04655347 0.01001269
v -0.03718508 0.05678953 0.00871766
v -0.03760392 0.05564273 0.00872776
v -0.03667671 0.05168534 0.00939362
v -0.03788780 0.05426432 0.00881680
v -0.03795926 0.05285464 0.00894958
v -0.03590698 0.05923172 0.00905978
v -0.03647557 0.05832397 0.00883582
v -0.03698114 0.05721354 0.00874043
v -0.03639366 0.05893794 0.00773242
v -0.03628213 0.05934554 -0.00705735
v -0.03579287 0.05983344 -0.00781873
v -0.03636642 0.05893778 -0.00786011
v -0.03510147 0.06049930 -0.00855024
v -0.03480903 0.06049119 -0.00969754
v -0.03493457 0.06036773 -0.00961982
v -0.03749575 0.05721412 -0.00616998
v -0.03688381 0.05882798 -0.00533837
v -0.03665395 0.05899299 -0.00620045
v -0.03703450 0.05721352 -0.00851152
v -0.03693907 0.05881385 -0.00500036
v -0.03767636 0.05721431 -0.00494866
v -0.03721171 0.05881419 -0.00218699
v -0.03549720 0.06013668 0.00812385
v -0.03605408 0.05958521 0.00740658
v -0.03646666 0.05917574 0.00664248
v -0.03677270 0.05890357 0.00579013
v -0.03703451 0.05721360 0.00851148
v -0.03727071 0.05721387 0.00740907
v -0.03765059 0.05721425 0.00514138
v -0.03694686 0.05881409 0.00494144
v -0.03772142 0.05721433 0.00459291
v -0.03711424 0.05881422 0.00346729
v -0.03782937 0.05721442 0.00359705
v -0.03727013 0.05881430 0.00065498
v -0.03799255 0.05721455 0.00075220
v -0.03794211 0.05721452 -0.00209657
v -0.03579021 0.05938911 -0.00912121
v -0.03636033 0.05853022 -0.00887144
v -0.03688334 0.05746210 -0.00875072
v -0.03698113 0.05721344 -0.00874048
v -0.03800303 0.04404999 0.00876157
v -0.03691539 0.04398413 0.00893461
v -0.03672269 0.04457972 0.00946492
v -0.03789598 0.04464742 0.00921381
v -0.03658984 0.04520188 0.00982244
v -0.03782439 0.04524944 0.00950422
v -0.03651822 0.04585057 0.01000931
v -0.03778646 0.04587314 0.00965398
v -0.03845570 0.04257518 0.00649301
v -0.03827310 0.04304560 0.00749463
v -0.03789641 0.04525554 0.00921205
v -0.03809168 0.04366666 0.00836802
v -0.03862863 0.04227716 0.00536925
v -0.03810841 0.05285481 0.00829149
v -0.03898193 0.05285564 0.00118695
v -0.03900000 0.04218860 -0.00000001
v -0.03882492 0.05285552 0.00369131
v -0.03876023 0.04218860 0.00431798
v -0.03858771 0.05285532 0.00565587
v -0.03825176 0.05285496 0.00760282
v -0.03900000 0.05285566 -0.00000001
v -0.03897771 0.05285564 -0.00131832
v -0.03876022 0.04218860 -0.00431801
v -0.03881202 0.05285549 -0.00382450
v -0.03861505 0.04229350 -0.00546607
v -0.03848261 0.05285522 -0.00633160
v -0.03824014 0.05285497 -0.00766103
v -0.03778493 0.04648106 -0.00965914
v -0.03778552 0.04650102 -0.00965686
v -0.03795924 0.05285455 -0.00894963
v -0.03778439 0.04646109 -0.00966127
v -0.03778102 0.04617930 -0.00967435
v -0.03778126 0.04612783 -0.00967341
v -0.03778939 0.04578406 -0.00964153
v -0.03780123 0.04555123 -0.00959494
v -0.03780210 0.04553734 -0.00959152
v -0.03787632 0.04478461 -0.00929393
v -0.03796366 0.04424706 -0.00893038
v -0.03800303 0.04405014 -0.00876159
v -0.03809182 0.04366620 -0.00836741
v -0.03825106 0.04311220 -0.00760634
v -0.03844255 0.04260298 -0.00657040
v -0.03786085 0.05509087 0.00823834
v -0.03800329 0.05509103 0.00755407
v -0.03224652 0.06259872 -0.01150376
v -0.03145586 0.06325159 -0.01171308
v -0.03130757 0.06318924 -0.01228477
v -0.03210699 0.06302209 -0.01057964
v -0.03345991 0.06169180 -0.01059415
v -0.03163538 0.06331079 -0.01103140
v -0.03167043 0.06332044 -0.01089925
v -0.03493833 0.06065858 -0.00865874
v -0.03354349 0.06191897 -0.00957173
v -0.03857283 0.05509159 0.00366754
v -0.03833712 0.05509138 0.00561953
v -0.03872884 0.05509172 0.00117926
v -0.03872465 0.05509171 -0.00130984
v -0.03856001 0.05509158 -0.00379995
v -0.03823270 0.05509129 -0.00629086
v -0.03799172 0.05509102 -0.00761204
v -0.03747243 0.05605967 -0.00871475
v -0.03779543 0.05484358 -0.00877275
v -0.03795324 0.05349455 -0.00888555
v -0.03565859 0.05522235 -0.00959841
v -0.03677930 0.05516014 -0.00900781
v -0.03667669 0.05168531 -0.00939366
v -0.03650740 0.04655347 -0.01001272
v -0.03536898 0.04664180 -0.01069033
v -0.03554797 0.05175699 -0.01001836
v -0.03120080 0.04817903 -0.01451491
v -0.03198479 0.04746578 -0.01374411
v -0.03271469 0.04657215 -0.01310347
v -0.02899650 0.06430774 -0.01454901
v -0.02845416 0.06449267 -0.01516771
v -0.02731541 0.06100392 -0.01733783
v -0.02803576 0.06460918 -0.01567360
v -0.02672554 0.06460976 -0.01749262
v -0.03012013 0.06382234 -0.01338097
v -0.03018552 0.04885314 -0.01564145
v -0.02920306 0.04930681 -0.01688636
v -0.03454205 0.04653996 -0.01139074
v -0.03536633 0.04652544 -0.01070507
v -0.03536724 0.04658359 -0.01069804
v -0.03279257 0.04657078 -0.01302444
v -0.03601722 0.04379623 -0.00922699
v -0.03698348 0.04399323 -0.00891826
v -0.03683827 0.04417821 -0.00913225
v -0.03650529 0.04647667 -0.01002187
v -0.03650011 0.04611943 -0.01003749
v -0.03651708 0.04575683 -0.00999667
v -0.03653991 0.04551395 -0.00993806
v -0.03659234 0.04514155 -0.00979894
v -0.03666514 0.04477840 -0.00960280
v -0.03672592 0.04454158 -0.00943964
v -0.03578804 0.04395056 -0.00952906
v -0.03588049 0.04375536 -0.00928524
v -0.03564356 0.04432526 -0.00991987
v -0.03556596 0.04458161 -0.01013581
v -0.03547510 0.04498261 -0.01039859
v -0.03541051 0.04540170 -0.01058772
v -0.03538219 0.04567981 -0.01066888
v -0.03536054 0.04610213 -0.01072677
v -0.03650612 0.04651505 -0.01001748
v -0.02976274 0.06450158 -0.01239104
v -0.02947392 0.06467136 -0.01261147
v -0.02906372 0.06467136 -0.01352723
v -0.02791066 0.06464501 -0.01581758
v -0.02876568 0.06467136 -0.01414777
v -0.02787520 0.06465967 -0.01584837
v -0.02785813 0.06467136 -0.01585327
v -0.02786089 0.06466868 -0.01585414
v -0.02786500 0.06466559 -0.01585357
v -0.01369143 0.06228983 -0.02892308
v -0.01405435 0.05744768 -0.02875571
v -0.01794749 0.05838284 -0.02665712
v -0.02812115 0.04962396 -0.01829051
v -0.02699107 0.04977611 -0.01963628
v -0.02655829 0.04978860 -0.02012179
v -0.02464485 0.06017888 -0.02089064
v -0.02613031 0.04978860 -0.02058514
v -0.02478093 0.04978860 -0.02193757
v -0.02150129 0.05929933 -0.02401788
v -0.02288176 0.04978860 -0.02360134
v -0.02086570 0.04978860 -0.02511284
v -0.02265645 0.04978860 -0.02378241
v -0.01811580 0.04978860 -0.02682425
v -0.01873623 0.04978860 -0.02647003
v -0.01878909 0.04978860 -0.02643903
v -0.01585897 0.04978860 -0.02797083
v -0.01461721 0.04978860 -0.02851320
v -0.01368844 0.06236947 -0.02892450
v -0.01766225 0.06362581 -0.02665289
v -0.01368291 0.06251634 -0.02892711
v -0.01565676 0.06313972 -0.02789761
v -0.01367887 0.06262353 -0.02892902
v -0.01957432 0.06404039 -0.02525559
v -0.02088571 0.06428840 -0.02416222
v -0.02139271 0.06437464 -0.02370682
v -0.02301060 0.06460629 -0.02211712
v -0.02418058 0.06460734 -0.02083661
v -0.02661430 0.06460965 -0.01765884
v -0.02615927 0.06460920 -0.01831689
v -0.02462483 0.06460775 -0.02031323
v -0.03288363 0.04631850 -0.01295551
v -0.03395305 0.04354065 -0.01059605
v -0.03378887 0.04428078 -0.01142967
v -0.03482486 0.04352948 -0.00986053
v -0.03506961 0.04357729 -0.00972026
v -0.03561451 0.04373412 -0.00946322
v -0.03569074 0.04374477 -0.00941623
v -0.03333279 0.04550669 -0.01243474
v -0.03357418 0.04493951 -0.01201149
v -0.03368448 0.04462687 -0.01174966
v -0.01369143 0.04978860 -0.02892308
v 0.00772621 0.06111120 -0.03105327
v 0.00972509 0.06168247 -0.03048643
v 0.00929596 0.04978860 -0.03062001
v 0.01356382 0.06318960 -0.02898315
v 0.01369146 0.06324951 -0.02892307
v 0.01369146 0.04978860 -0.02892307
v -0.01189535 0.06213772 -0.02970691
v -0.00961151 0.06148778 -0.03052243
v -0.00929593 0.04978860 -0.03062002
v 0.01167097 0.06237669 -0.02979578
v 0.00469892 0.04978860 -0.03165312
v 0.00000001 0.04978860 -0.03200000
v 0.00159211 0.06019405 -0.03196037
v 0.00367974 0.06036993 -0.03178773
v 0.00470140 0.06050634 -0.03165275
v 0.00576344 0.06068403 -0.03147670
v -0.00469889 0.04978860 -0.03165312
v -0.00282345 0.06026128 -0.03187520
v -0.00050307 0.06015285 -0.03199605
v -0.00922008 0.06138010 -0.03064295
v -0.00711070 0.06087841 -0.03119997
v -0.00497879 0.06050432 -0.03161031
v -0.01025618 0.06467048 -0.02720844
v -0.00973794 0.06467044 -0.02723025
v -0.01211151 0.06467065 -0.02702897
v -0.01410532 0.06467085 -0.02665218
v -0.01449486 0.06467088 -0.02655518
v -0.01910183 0.06467122 -0.02475368
v -0.01730829 0.06467111 -0.02560808
v -0.01696630 0.06467109 -0.02574760
v -0.01640596 0.06467105 -0.02596105
v -0.02180792 0.06467132 -0.02301360
v -0.02080595 0.06467129 -0.02372889
v -0.02317076 0.06463878 -0.02192794
v -0.02332870 0.06467040 -0.02173808
v -0.02332693 0.06466482 -0.02174778
v -0.02332905 0.06466900 -0.02173978
v 0.01481747 0.06373645 -0.02843179
v 0.01643864 0.04978860 -0.02786248
v 0.02224861 0.04958860 -0.02699999
v 0.02223338 0.04966514 -0.02700000
v 0.02224861 0.06443512 -0.02699999
v 0.02219008 0.04972997 -0.02700008
v 0.01607051 0.06417890 -0.02797813
v 0.01765545 0.06459861 -0.02753456
v 0.01931179 0.04978860 -0.02721679
v 0.01931179 0.06459861 -0.02721679
v 0.02048636 0.06459861 -0.02707778
v 0.02212531 0.04977331 -0.02700037
v 0.02204861 0.04978860 -0.02700099
v 0.02210961 0.06445971 -0.02700047
v 0.02177042 0.06451192 -0.02700571
v -0.00081386 0.06466921 -0.02748956
v 0.00495548 0.06466872 -0.02755949
v 0.00689022 0.06466862 -0.02756699
v 0.01782852 0.06465035 -0.02747974
v 0.01784180 0.06465989 -0.02747001
v 0.01462931 0.06466866 -0.02751906
v 0.01784519 0.06466486 -0.02746504
v 0.01784578 0.06466889 -0.02746104
v 0.03163188 0.04218860 -0.02699999
v 0.03120986 0.04061360 -0.02699999
v 0.03005688 0.03946062 -0.02699999
v 0.03163188 0.05477904 -0.02699999
v 0.02224861 0.03903860 -0.02699999
v 0.02848188 0.03903860 -0.02699999
v 0.02380552 0.06407030 -0.02699999
v 0.02527815 0.06354962 -0.02699999
v 0.02638883 0.06301747 -0.02699999
v 0.02759934 0.06226198 -0.02699999
v 0.02868273 0.06137549 -0.02699999
v 0.02919113 0.06086417 -0.02699999
v 0.03002608 0.05982781 -0.02699999
v 0.03069639 0.05870329 -0.02699999
v 0.03107104 0.05784921 -0.02699999
v 0.03143811 0.05660331 -0.02699999
v 0.03161458 0.05532786 -0.02699999
v 0.02673948 0.03870000 -0.02700000
v 0.02673948 0.02600000 -0.02700000
v 0.02224860 0.03870000 -0.02700000
v 0.02224860 0.02600000 -0.02700000
v 0.02771281 0.02600000 0.02600000
v 0.02771281 0.02200000 0.02600000
v 0.03068642 0.02200000 0.02241302
v 0.03746859 0.02788545 0.00633285
v 0.03756413 0.02755237 0.00573899
v 0.03752638 0.04170000 0.00598090
v 0.03411429 0.02698676 -0.01673963
v 0.03409050 0.02689607 -0.01678803
v 0.03380793 0.04170000 -0.01735005
v 0.03459811 0.02786771 -0.01571530
v 0.03433841 0.02754095 -0.01627494
v 0.03430561 0.02748113 -0.01634397
v 0.03399255 0.02624055 -0.01698548
v 0.03398529 0.02600000 -0.01700000
v 0.03382567 0.02200000 -0.01731542
v 0.03398529 0.02500000 -0.01700000
v 0.03403311 0.02438802 -0.01690407
v 0.03416616 0.02384602 -0.01663350
v 0.03437143 0.02340383 -0.01620509
v 0.03752638 0.04170000 -0.00598090
v 0.03734970 0.02800000 -0.00700000
v 0.03611731 0.04170000 -0.01181270
v 0.03611731 0.02800000 -0.01181270
v 0.03491418 0.02800000 -0.01500000
v 0.03771791 0.04170000 -0.00462162
v 0.03771791 0.03870000 -0.00462162
v 0.03762953 0.02395736 -0.00529328
v 0.03800000 0.02200000 -0.00000000
v 0.03756413 0.02344763 -0.00573899
v 0.03752841 0.02200000 -0.00596809
v 0.03746859 0.02311455 -0.00633285
v 0.03766369 0.02458082 -0.00504442
v 0.03766962 0.02500000 -0.00500000
v 0.03766962 0.02600000 -0.00500000
v 0.03765471 0.02665722 -0.00511107
v 0.03800000 0.03870000 -0.00000000
v 0.03760989 0.02724032 -0.00543105
v 0.03753541 0.02768584 -0.00592392
v 0.03743342 0.02794579 -0.00653750
v 0.03464154 0.02309831 -0.01561933
v 0.03491418 0.02300000 -0.01500000
v 0.03612537 0.02200000 -0.01178805
v 0.03611731 0.02300000 -0.01181270
v 0.03734970 0.02300000 -0.00700000
v 0.03766962 0.02600000 0.00500000
v 0.03766962 0.02500000 0.00500000
v 0.03766369 0.02641918 0.00504442
v 0.03753541 0.02331416 0.00592392
v 0.03752841 0.02200000 0.00596809
v 0.03760989 0.02375967 0.00543105
v 0.03765471 0.02434278 0.00511107
v 0.03771791 0.04170000 0.00462162
v 0.03771791 0.03870000 0.00462162
v 0.03762953 0.02704264 0.00529328
v 0.03743342 0.02305421 0.00653750
v 0.03734970 0.02300000 0.00700000
v 0.03612537 0.02200000 0.01178805
v 0.03611731 0.02300000 0.01181270
v 0.03382567 0.02200000 0.01731542
v 0.03491418 0.02300000 0.01500000
v 0.03459811 0.02313229 0.01571530
v 0.03411429 0.02401324 0.01673963
v 0.03409050 0.02410393 0.01678803
v 0.03433841 0.02345905 0.01627494
v 0.03430561 0.02351887 0.01634397
v 0.03399255 0.02475946 0.01698548
v 0.03398529 0.02500000 0.01700000
v 0.03398529 0.02600000 0.01700000
v 0.03403311 0.02661199 0.01690407
v 0.03416616 0.02715398 0.01663350
v 0.03380793 0.04170000 0.01735005
v 0.03437143 0.02759617 0.01620509
v 0.03464154 0.02790169 0.01561933
v 0.03491418 0.02800000 0.01500000
v 0.03611731 0.04170000 0.01181270
v 0.03611731 0.02800000 0.01181270
v 0.03734970 0.02800000 0.00700000
v 0.03186432 0.04170000 -0.02070424
v 0.03186432 0.03870000 -0.02070424
v 0.03065579 0.03870000 -0.02245490
v 0.03068642 0.02200000 -0.02241302
v 0.02771281 0.02600000 -0.02600000
v 0.02771281 0.02200000 -0.02600000
v 0.03065579 0.03870000 0.02245490
v 0.02673948 0.03870000 0.02700000
v 0.02673948 0.02600000 0.02700000
v 0.03186432 0.04170000 0.02070424
v 0.03186432 0.03870000 0.02070424
v 0.03038299 0.03870000 -0.02092543
v 0.03075428 0.03870000 -0.02112183
v 0.03117347 0.03870000 -0.02114842
v 0.03156660 0.03870000 -0.02100053
v 0.02056920 0.03870000 -0.02451342
v 0.02549458 0.03870000 -0.02281896
v 0.02572233 0.03870000 -0.02366896
v 0.01786331 0.03870000 -0.02748669
v 0.01369144 0.03870000 -0.02892308
v 0.01600000 0.03870000 -0.02771281
v 0.02572233 0.03870000 -0.02196896
v 0.02451342 0.03870000 -0.02056920
v 0.02634458 0.03870000 -0.02134672
v 0.02599751 0.03870000 -0.01953004
v 0.02719458 0.03870000 -0.02111896
v 0.02780235 0.03870000 -0.01937213
v 0.02804458 0.03870000 -0.02134672
v 0.02944434 0.03870000 -0.02013781
v 0.02866682 0.03870000 -0.02196896
v 0.02889458 0.03870000 -0.02281896
v 0.02866682 0.03870000 -0.02366896
v 0.02804458 0.03870000 -0.02429120
v 0.02634458 0.03870000 -0.02429120
v 0.02719458 0.03870000 -0.02451896
v 0.01369144 0.02600000 -0.02892308
v 0.01786331 0.02600000 -0.02748669
v -0.02771281 0.02600000 -0.02600000
v -0.02673948 0.02600000 -0.02700000
v -0.02224860 0.02600000 -0.02700000
v 0.01094464 0.02600000 -0.03007016
v -0.01094464 0.02600000 -0.03007016
v -0.01786331 0.02600000 -0.02748669
v -0.01369144 0.02600000 -0.02892308
v -0.00555674 0.02600000 -0.03151385
v -0.00000000 0.02600000 -0.03200000
v 0.00555674 0.02600000 -0.03151385
v 0.03672533 0.04170000 0.00350000
v 0.03550000 0.04170000 0.00350000
v 0.03375000 0.04170000 0.00303109
v 0.02909921 0.04170000 0.00403786
v 0.02953786 0.04170000 0.00359921
v -0.01094464 0.04170000 0.03007016
v -0.00555674 0.04170000 0.03151385
v 0.02746214 0.04170000 0.00359921
v -0.03611731 0.04170000 0.01181270
v -0.03380793 0.04170000 0.01735005
v -0.03550000 0.04170000 0.00350000
v 0.03747420 0.04170000 0.00383729
v 0.03713599 0.04170000 0.00358821
v 0.03768030 0.04170000 0.00420328
v -0.01600000 0.04170000 -0.02771281
v -0.02056920 0.04170000 -0.02451342
v 0.02746214 0.04170000 0.00240079
v 0.03375000 0.04170000 -0.00303109
v 0.02780235 0.04170000 -0.01937213
v 0.02599751 0.04170000 -0.01953004
v 0.02944434 0.04170000 0.02013781
v 0.02850000 0.04170000 0.00419842
v 0.02056920 0.04170000 0.02451342
v 0.02451342 0.04170000 0.02056920
v 0.02790079 0.04170000 0.00403786
v -0.03200000 0.04170000 -0.00000000
v -0.02780235 0.04170000 0.01937213
v -0.02599751 0.04170000 0.01953004
v 0.02790079 0.04170000 0.00196214
v 0.02850000 0.04170000 0.00180158
v 0.02056920 0.04170000 -0.02451342
v 0.02909921 0.04170000 0.00196214
v 0.03117347 0.04170000 0.02114842
v 0.03156660 0.04170000 0.02100053
v 0.01600000 0.04170000 0.02771281
v 0.02557846 0.04170000 0.01971442
v 0.02688953 0.04170000 0.01933228
v 0.02824705 0.04170000 0.01948095
v 0.02451342 0.04170000 -0.02056920
v 0.03246891 0.04170000 -0.00175000
v 0.03200000 0.04170000 -0.00000000
v 0.02953786 0.04170000 0.00240079
v 0.03246891 0.04170000 0.00175000
v 0.02969842 0.04170000 0.00300000
v 0.03117347 0.04170000 -0.02114842
v 0.03075428 0.04170000 -0.02112183
v 0.03038299 0.04170000 -0.02092543
v 0.02944434 0.04170000 -0.02013781
v 0.03550000 0.04170000 -0.00350000
v 0.03672533 0.04170000 -0.00350000
v -0.00000000 0.04170000 0.03200000
v 0.00555674 0.04170000 0.03151385
v 0.01094464 0.04170000 0.03007016
v 0.02730158 0.04170000 0.00300000
v -0.03246891 0.04170000 -0.00175000
v -0.03375000 0.04170000 -0.00303109
v -0.02451342 0.04170000 -0.02056920
v -0.02557846 0.04170000 -0.01971442
v -0.03380793 0.04170000 -0.01735005
v -0.03611731 0.04170000 -0.01181270
v -0.03550000 0.04170000 -0.00350000
v -0.03752638 0.04170000 -0.00598090
v -0.03672533 0.04170000 -0.00350000
v 0.01600000 0.04170000 -0.02771281
v 0.01094464 0.04170000 -0.03007016
v 0.00555674 0.04170000 -0.03151385
v -0.00000000 0.04170000 -0.03200000
v 0.03038299 0.04170000 0.02092543
v 0.03075428 0.04170000 0.02112183
v -0.03117347 0.04170000 -0.02114842
v -0.03156660 0.04170000 -0.02100053
v -0.03186432 0.04170000 -0.02070424
v -0.03246891 0.04170000 0.00175000
v -0.03375000 0.04170000 0.00303109
v -0.02944434 0.04170000 0.02013781
v -0.03038299 0.04170000 0.02092543
v -0.03747420 0.04170000 0.00383729
v -0.03768030 0.04170000 0.00420328
v -0.03771791 0.04170000 0.00462162
v -0.02451342 0.04170000 0.02056920
v -0.02056920 0.04170000 0.02451342
v -0.01600000 0.04170000 0.02771281
v -0.00555674 0.04170000 -0.03151385
v -0.01094464 0.04170000 -0.03007016
v 0.03156660 0.04170000 -0.02100053
v 0.03713599 0.04170000 -0.00358821
v 0.03747420 0.04170000 -0.00383729
v 0.03768030 0.04170000 -0.00420328
v -0.03747420 0.04170000 -0.00383729
v -0.03713599 0.04170000 -0.00358821
v -0.03768030 0.04170000 -0.00420328
v -0.03771791 0.04170000 -0.00462162
v -0.02688953 0.04170000 -0.01933228
v -0.02824705 0.04170000 -0.01948095
v -0.02944434 0.04170000 -0.02013781
v -0.03038299 0.04170000 -0.02092543
v -0.03075428 0.04170000 -0.02112183
v -0.03117347 0.04170000 0.02114842
v -0.03075428 0.04170000 0.02112183
v -0.03156660 0.04170000 0.02100053
v -0.03186432 0.04170000 0.02070424
v -0.03752638 0.04170000 0.00598090
v -0.03672533 0.04170000 0.00350000
v -0.03713599 0.04170000 0.00358821
v 0.02224860 0.02600000 0.02700000
v 0.02224860 0.03870000 0.02700000
v -0.02056920 0.03870000 -0.02451342
v -0.02451342 0.03870000 -0.02056920
v -0.01369144 0.03870000 -0.02892308
v -0.01600000 0.03870000 -0.02771281
v -0.01700000 0.02300000 -0.02600000
v -0.02632489 0.02300000 -0.02600000
v -0.02771281 0.02400000 -0.02600000
v 0.02632489 0.02100000 -0.02600000
v 0.01700000 0.02100000 -0.02600000
v -0.00841798 0.01619260 -0.02600000
v -0.01202170 0.01373103 -0.02600000
v -0.01493796 0.01048427 -0.02600000
v -0.01700000 0.00663796 -0.02600000
v 0.01700000 0.00663796 -0.02600000
v 0.01493796 0.01048427 -0.02600000
v 0.01202170 0.01373103 -0.02600000
v 0.00841798 0.01619260 -0.02600000
v 0.00433287 0.01772819 -0.02600000
v -0.00000000 0.01825000 -0.02600000
v -0.00433287 0.01772819 -0.02600000
v 0.02802602 0.02100000 -0.02415662
v 0.03699675 0.02100000 -0.00049026
v 0.02632489 0.02100000 0.02600000
v 0.02802602 0.02100000 0.02415662
v 0.02840129 0.02107500 0.02383112
v 0.02865629 0.02100000 0.02340549
v 0.03654082 0.02100000 -0.00581103
v 0.03517470 0.02100000 -0.01147783
v 0.03293552 0.02100000 -0.01685975
v 0.02987888 0.02100000 -0.02182321
v 0.02865629 0.02100000 -0.02340549
v 0.02840090 0.02107500 -0.02383159
v 0.02987888 0.02100000 0.02182321
v 0.03293552 0.02100000 0.01685975
v 0.03517470 0.02100000 0.01147783
v 0.03654082 0.02100000 0.00581103
v 0.03699675 0.02100000 0.00049026
v 0.03707500 0.02107500 -0.00000000
v 0.01700000 0.02100000 0.02600000
v -0.02771281 0.02600000 0.02600000
v -0.02771281 0.02400000 0.02600000
v -0.02632489 0.02300000 0.02600000
v -0.01700000 0.02300000 0.02600000
v 0.00841798 0.01619260 0.02600000
v 0.01202170 0.01373103 0.02600000
v 0.01493796 0.01048427 0.02600000
v 0.01700000 0.00663796 0.02600000
v -0.01700000 0.00663796 0.02600000
v -0.01493796 0.01048427 0.02600000
v -0.01202170 0.01373103 0.02600000
v -0.00841798 0.01619260 0.02600000
v -0.00433287 0.01772819 0.02600000
v -0.00000000 0.01825000 0.02600000
v 0.00433287 0.01772819 0.02600000
v -0.02224860 0.02600000 0.02700000
v -0.02673948 0.02600000 0.02700000
v -0.01786331 0.02600000 0.02748669
v 0.01786331 0.02600000 0.02748669
v -0.01369144 0.02600000 0.02892308
v 0.01369144 0.02600000 0.02892308
v -0.01094464 0.02600000 0.03007016
v 0.01094464 0.02600000 0.03007016
v 0.00555674 0.02600000 0.03151385
v -0.00555674 0.02600000 0.03151385
v -0.00000000 0.02600000 0.03200000
v -0.02224860 0.03870000 -0.02700000
v -0.01786331 0.03870000 -0.02748669
v -0.02673948 0.03870000 -0.02700000
v -0.03068642 0.02400000 -0.02241302
v -0.02673948 0.03870000 0.02700000
v -0.03065579 0.03870000 0.02245490
v -0.03065579 0.03870000 -0.02245490
v -0.03186432 0.03870000 -0.02070424
v -0.03771791 0.03870000 0.00462162
v -0.03186432 0.03870000 0.02070424
v -0.03382567 0.02400000 0.01731542
v -0.03068642 0.02400000 0.02241302
v -0.03382567 0.02400000 -0.01731542
v -0.03612537 0.02400000 -0.01178805
v -0.03752841 0.02400000 -0.00596809
v -0.03771791 0.03870000 -0.00462162
v -0.03800000 0.03870000 -0.00000000
v -0.03800000 0.02400000 0.00000000
v -0.03752841 0.02400000 0.00596809
v -0.03612537 0.02400000 0.01178805
v -0.03156660 0.03870000 -0.02100053
v -0.03117347 0.03870000 -0.02114842
v -0.03075428 0.03870000 -0.02112183
v -0.03038299 0.03870000 -0.02092543
v -0.02944434 0.03870000 -0.02013781
v -0.02557846 0.03870000 -0.01971442
v -0.02688953 0.03870000 -0.01933228
v -0.02824705 0.03870000 -0.01948095
v -0.01369144 0.03870000 0.02892308
v 0.02056920 0.03870000 0.02451342
v 0.02451342 0.03870000 0.02056920
v 0.01369144 0.03870000 0.02892308
v 0.01600000 0.03870000 0.02771281
v -0.01600000 0.03870000 0.02771281
v -0.02056920 0.03870000 0.02451342
v -0.02451342 0.03870000 0.02056920
v 0.01786331 0.03870000 0.02748669
v 0.02000000 0.02100000 -0.02300000
v 0.02726146 0.02100000 0.02439254
v 0.02000000 0.02100000 0.02300000
v 0.02875587 0.02100000 -0.02261158
v 0.02562370 0.02100000 0.02293279
v 0.02588234 0.02100000 0.02368996
v 0.03656271 0.02100000 -0.00116244
v 0.02726146 0.02100000 -0.02439254
v 0.02647964 0.02100000 -0.02422235
v 0.02000000 0.02100000 0.02280351
v 0.02008419 0.02100000 0.02240190
v 0.02032258 0.02100000 0.02206791
v 0.02647964 0.02100000 0.02422235
v 0.02875587 0.02100000 0.02261158
v 0.02577047 0.02100000 0.02214624
v 0.02295712 0.02100000 0.01931245
v 0.02628479 0.02100000 0.02153331
v 0.02703390 0.02100000 0.02125218
v 0.02295712 0.02100000 -0.01931245
v 0.02032258 0.02100000 -0.02206791
v 0.02562370 0.02100000 -0.02293279
v 0.02008419 0.02100000 -0.02240190
v 0.02845250 0.02100000 0.02187119
v 0.02782448 0.02100000 0.02137541
v 0.02588234 0.02100000 -0.02368996
v 0.02000000 0.02100000 -0.02280351
v 0.02577047 0.02100000 -0.02214624
v 0.02628479 0.02100000 -0.02153331
v 0.02522094 0.02100000 -0.01624512
v 0.02703390 0.02100000 -0.02125218
v 0.02707749 0.02100000 -0.01291547
v 0.02849679 0.02100000 -0.00937726
v 0.02782448 0.02100000 -0.02137541
v 0.03585441 0.02100000 -0.00153461
v 0.03505464 0.02100000 -0.00151072
v 0.02845250 0.02100000 -0.02187119
v 0.02522094 0.02100000 0.01624512
v 0.02707749 0.02100000 0.01291547
v 0.02849679 0.02100000 0.00937726
v 0.02945592 0.02100000 -0.00568762
v 0.03436980 0.02100000 -0.00109694
v 0.02993938 0.02100000 -0.00190613
v 0.03397666 0.02100000 -0.00040006
v 0.02993938 0.02100000 0.00190613
v 0.03397666 0.02100000 0.00040006
v 0.02945592 0.02100000 0.00568762
v 0.03436980 0.02100000 0.00109694
v 0.03505464 0.02100000 0.00151072
v 0.03585441 0.02100000 0.00153461
v 0.03656271 0.02100000 0.00116244
v -0.02987888 0.02300000 0.02182321
v -0.02987888 0.02300000 -0.02182321
v -0.03293552 0.02300000 -0.01685975
v -0.03517470 0.02300000 -0.01147783
v -0.03654082 0.02300000 -0.00581103
v -0.03700000 0.02300000 0.00000000
v -0.03654082 0.02300000 0.00581103
v -0.03517470 0.02300000 0.01147783
v -0.03293552 0.02300000 0.01685975
v -0.02000000 0.02300000 0.02300000
v -0.02000000 0.02300000 -0.02300000
v -0.02000000 0.02300000 -0.02280351
v -0.02008419 0.02300000 -0.02240190
v -0.02032258 0.02300000 -0.02206791
v -0.02522094 0.02300000 -0.01624512
v -0.02707749 0.02300000 -0.01291547
v -0.02849679 0.02300000 -0.00937726
v -0.02945592 0.02300000 -0.00568762
v -0.02295712 0.02300000 0.01931245
v -0.02032258 0.02300000 0.02206791
v -0.02993938 0.02300000 -0.00190613
v -0.02993938 0.02300000 0.00190613
v -0.02945592 0.02300000 0.00568762
v -0.02849679 0.02300000 0.00937726
v -0.02707749 0.02300000 0.01291547
v -0.02522094 0.02300000 0.01624512
v -0.02008419 0.02300000 0.02240190
v -0.02000000 0.02300000 0.02280351
v -0.02295712 0.02300000 -0.01931245
v -0.01900000 0.02273205 -0.02400000
v -0.01826795 0.02200000 -0.02473205
v -0.01700000 -0.01130000 -0.02600000
v -0.01800000 -0.01130000 -0.02500000
v -0.01800000 0.02100000 -0.02500000
v -0.01806815 0.02151764 -0.02493185
v 0.01900000 0.02073205 -0.02400000
v 0.01826795 0.02000000 -0.02473205
v 0.01806815 0.01951764 -0.02493185
v 0.01800000 0.01900000 -0.02500000
v 0.01800000 -0.01130000 -0.02500000
v 0.01700000 -0.01130000 -0.02600000
v 0.01900000 0.02073205 0.02400000
v 0.01826795 0.02000000 0.02473205
v 0.01700000 -0.01130000 0.02600000
v 0.01800000 -0.01130000 0.02500000
v 0.01800000 0.01900000 0.02500000
v 0.01806815 0.01951764 0.02493185
v -0.01900000 0.02273205 0.02400000
v -0.01826795 0.02200000 0.02473205
v -0.01806815 0.02151764 0.02493185
v -0.01800000 0.02100000 0.02500000
v -0.01800000 -0.01130000 0.02500000
v -0.01700000 -0.01130000 0.02600000
v -0.02224860 0.03870000 0.02700000
v -0.01786331 0.03870000 0.02748669
v 0.01980411 0.02084776 -0.02150491
v 0.01938326 0.02084776 -0.02209452
v 0.01923463 0.02084776 -0.02280351
v 0.01900000 0.02073205 -0.02280351
v 0.01878904 0.02041421 -0.02183394
v 0.01858579 0.02041421 -0.02280351
v 0.01826795 0.02000000 -0.02280351
v 0.01839199 0.01976537 -0.02165982
v 0.01815224 0.01976537 -0.02280351
v 0.01825257 0.01900000 -0.02159868
v 0.01800000 0.01900000 -0.02280351
v 0.01936457 0.02041421 -0.02102762
v 0.01907087 0.01976537 -0.02070871
v 0.01896774 0.01900000 -0.02059672
v 0.02154315 0.01976537 0.01812296
v 0.01907087 0.01976537 0.02070871
v 0.01896774 0.01900000 0.02059672
v 0.02142664 0.01900000 0.01802495
v 0.02241059 0.01900000 0.01678587
v 0.02366753 0.01976537 0.01524456
v 0.02353955 0.01900000 0.01516212
v 0.02540974 0.01976537 0.01211998
v 0.02509949 0.01900000 0.01241030
v 0.02527233 0.01900000 0.01205444
v 0.02674162 0.01976537 0.00879969
v 0.02659700 0.01900000 0.00875211
v 0.02694398 0.01900000 0.00761721
v 0.02764167 0.01976537 0.00533731
v 0.02749219 0.01900000 0.00530844
v 0.02809536 0.01976537 0.00178873
v 0.02788200 0.01900000 0.00256787
v 0.02794342 0.01900000 0.00177906
v 0.02809536 0.01976537 -0.00178873
v 0.02794342 0.01900000 -0.00177906
v 0.02788200 0.01900000 -0.00256787
v 0.02764167 0.01976537 -0.00533731
v 0.02749219 0.01900000 -0.00530844
v 0.02674162 0.01976537 -0.00879969
v 0.02694398 0.01900000 -0.00761721
v 0.02659700 0.01900000 -0.00875211
v 0.02540974 0.01976537 -0.01211998
v 0.02527233 0.01900000 -0.01205444
v 0.02509949 0.01900000 -0.01241030
v 0.02366753 0.01976537 -0.01524456
v 0.02353955 0.01900000 -0.01516212
v 0.02154315 0.01976537 -0.01812296
v 0.02142664 0.01900000 -0.01802495
v 0.02241059 0.01900000 -0.01678587
v 0.02187491 0.02041421 -0.01840205
v 0.02403202 0.02041421 -0.01547932
v 0.02580105 0.02041421 -0.01230663
v 0.02715344 0.02041421 -0.00893521
v 0.02806735 0.02041421 -0.00541950
v 0.02852803 0.02041421 -0.00181628
v 0.02852803 0.02041421 0.00181628
v 0.02806735 0.02041421 0.00541950
v 0.02715344 0.02041421 0.00893521
v 0.02580105 0.02041421 0.01230663
v 0.02403202 0.02041421 0.01547932
v 0.02187491 0.02041421 0.01840205
v 0.01936457 0.02041421 0.02102762
v 0.02237143 0.02084776 -0.01881975
v 0.02457750 0.02084776 -0.01583068
v 0.02638669 0.02084776 -0.01258597
v 0.02776977 0.02084776 -0.00913802
v 0.02870443 0.02084776 -0.00554251
v 0.02917556 0.02084776 -0.00185750
v 0.02917556 0.02084776 0.00185750
v 0.02870443 0.02084776 0.00554251
v 0.02776977 0.02084776 0.00913802
v 0.02638669 0.02084776 0.01258597
v 0.02457750 0.02084776 0.01583068
v 0.02237143 0.02084776 0.01881975
v 0.01980411 0.02084776 0.02150491
v 0.01826795 0.02000000 0.02280351
v 0.01815224 0.01976537 0.02280351
v 0.01839199 0.01976537 0.02165982
v 0.01938326 0.02084776 0.02209452
v 0.01878904 0.02041421 0.02183394
v 0.01858579 0.02041421 0.02280351
v 0.01900000 0.02073205 0.02280351
v 0.01923463 0.02084776 0.02280351
v 0.01800000 0.01900000 0.02280351
v 0.01825257 0.01900000 0.02159868
v -0.01825257 0.02100000 0.02159868
v -0.01800000 0.02100000 0.02280351
v -0.01815224 0.02176537 0.02280351
v -0.01896774 0.02100000 0.02059672
v -0.01839199 0.02176537 0.02165982
v -0.01826795 0.02200000 0.02280351
v -0.01878904 0.02241421 0.02183394
v -0.01907087 0.02176537 0.02070871
v -0.01936457 0.02241421 0.02102762
v -0.01938326 0.02284776 0.02209452
v -0.01980411 0.02284776 0.02150491
v -0.01923463 0.02284776 0.02280351
v -0.01900000 0.02273205 0.02280351
v -0.01858579 0.02241421 0.02280351
v -0.02509949 0.02100000 -0.01241030
v -0.02527233 0.02100000 -0.01205444
v -0.02540974 0.02176537 -0.01211998
v -0.02788200 0.02100000 -0.00256787
v -0.02794342 0.02100000 -0.00177906
v -0.02809536 0.02176537 -0.00178873
v -0.02694398 0.02100000 0.00761721
v -0.02659700 0.02100000 0.00875211
v -0.02674162 0.02176537 0.00879969
v -0.02241059 0.02100000 0.01678587
v -0.02142664 0.02100000 0.01802495
v -0.02154315 0.02176537 0.01812296
v -0.01980411 0.02284776 -0.02150491
v -0.02237143 0.02284776 -0.01881975
v -0.02457750 0.02284776 -0.01583068
v -0.02638669 0.02284776 -0.01258597
v -0.02776977 0.02284776 -0.00913802
v -0.02870443 0.02284776 -0.00554251
v -0.02917556 0.02284776 -0.00185750
v -0.02917556 0.02284776 0.00185750
v -0.02870443 0.02284776 0.00554251
v -0.02776977 0.02284776 0.00913802
v -0.02638669 0.02284776 0.01258597
v -0.02457750 0.02284776 0.01583068
v -0.02237143 0.02284776 0.01881975
v -0.02187491 0.02241421 0.01840205
v -0.02403202 0.02241421 0.01547932
v -0.02366753 0.02176537 0.01524456
v -0.02353955 0.02100000 0.01516212
v -0.02540974 0.02176537 0.01211998
v -0.02527233 0.02100000 0.01205444
v -0.02509949 0.02100000 0.01241030
v -0.02580105 0.02241421 0.01230663
v -0.02715344 0.02241421 0.00893521
v -0.02806735 0.02241421 0.00541950
v -0.02764167 0.02176537 0.00533731
v -0.02749219 0.02100000 0.00530844
v -0.02809536 0.02176537 0.00178873
v -0.02794342 0.02100000 0.00177906
v -0.02788200 0.02100000 0.00256787
v -0.02852803 0.02241421 0.00181628
v -0.02852803 0.02241421 -0.00181628
v -0.02806735 0.02241421 -0.00541950
v -0.02764167 0.02176537 -0.00533731
v -0.02749219 0.02100000 -0.00530844
v -0.02674162 0.02176537 -0.00879969
v -0.02659700 0.02100000 -0.00875211
v -0.02694398 0.02100000 -0.00761721
v -0.02715344 0.02241421 -0.00893521
v -0.02580105 0.02241421 -0.01230663
v -0.02403202 0.02241421 -0.01547932
v -0.02366753 0.02176537 -0.01524456
v -0.02353955 0.02100000 -0.01516212
v -0.02154315 0.02176537 -0.01812296
v -0.02142664 0.02100000 -0.01802495
v -0.02241059 0.02100000 -0.01678587
v -0.02187491 0.02241421 -0.01840205
v -0.01936457 0.02241421 -0.02102762
v -0.01907087 0.02176537 -0.02070871
v -0.01896774 0.02100000 -0.02059672
v -0.01825257 0.02100000 -0.02159868
v -0.01839199 0.02176537 -0.02165982
v -0.01800000 0.02100000 -0.02280351
v -0.01815224 0.02176537 -0.02280351
v -0.01826795 0.02200000 -0.02280351
v -0.01878904 0.02241421 -0.02183394
v -0.01858579 0.02241421 -0.02280351
v -0.01900000 0.02273205 -0.02280351
v -0.01938326 0.02284776 -0.02209452
v -0.01923463 0.02284776 -0.02280351
v -0.01800000 -0.01130000 -0.02280351
v 0.01800000 -0.01130000 -0.02280351
v 0.01800000 -0.01130000 0.02280351
v -0.01800000 -0.01130000 0.02280351
v 0.01825257 -0.01130000 -0.02159868
v 0.01896774 -0.01130000 -0.02059672
v 0.02241059 -0.01130000 -0.01678587
v 0.02509949 -0.01130000 -0.01241030
v 0.02694398 -0.01130000 -0.00761721
v 0.02788200 -0.01130000 -0.00256787
v 0.02788200 -0.01130000 0.00256787
v 0.02694398 -0.01130000 0.00761721
v 0.02509949 -0.01130000 0.01241030
v 0.02241059 -0.01130000 0.01678587
v 0.01896774 -0.01130000 0.02059672
v 0.01825257 -0.01130000 0.02159868
v -0.01825257 -0.01130000 0.02159868
v -0.01896774 -0.01130000 0.02059672
v -0.02241059 -0.01130000 0.01678587
v -0.02509949 -0.01130000 0.01241030
v -0.02694398 -0.01130000 0.00761721
v -0.02788200 -0.01130000 0.00256787
v -0.02788200 -0.01130000 -0.00256787
v -0.02694398 -0.01130000 -0.00761721
v -0.02509949 -0.01130000 -0.01241030
v -0.02241059 -0.01130000 -0.01678587
v -0.01896774 -0.01130000 -0.02059672
v -0.01825257 -0.01130000 -0.02159868
v 0.00616705 -0.01503429 -0.02433059
v 0.00598557 -0.01510746 -0.02437587
v 0.00598425 -0.01510799 -0.02800000
v -0.00871021 -0.01371841 -0.02800000
v -0.00598425 -0.01510799 -0.02800000
v -0.00611535 -0.01505540 -0.02434363
v -0.00740661 -0.01446391 -0.02398233
v -0.00879716 -0.01366282 -0.02350787
v -0.01112738 -0.01184247 -0.02800000
v -0.01000088 -0.01280800 -0.02302156
v -0.01112738 -0.01184247 -0.02249870
v -0.00212292 -0.01611073 -0.02501006
v -0.00304684 -0.01596181 -0.02491439
v -0.00304612 -0.01596194 -0.02800000
v -0.00342081 -0.01588586 -0.02486580
v -0.00478611 -0.01552919 -0.02463946
v -0.00070269 -0.01623480 -0.02509016
v -0.00000000 -0.01625000 -0.02800000
v 0.00000000 -0.01625000 -0.02510000
v 0.00304612 -0.01596194 -0.02800000
v 0.00211647 -0.01611158 -0.02501061
v 0.00071011 -0.01623448 -0.02508995
v 0.00564378 -0.01523845 -0.02445726
v 0.00426547 -0.01568019 -0.02473491
v 0.00284935 -0.01599824 -0.02493775
v 0.00698435 -0.01467247 -0.02410869
v 0.00871021 -0.01371841 -0.02800000
v 0.00714758 -0.01459365 -0.02406080
v 0.01089709 -0.01205470 -0.02261113
v 0.01112738 -0.01184247 -0.02800000
v 0.01104247 -0.01192167 -0.02254049
v 0.01112738 -0.01184247 -0.02249870
v 0.01009009 -0.01273784 -0.02298260
v 0.00972293 -0.01302026 -0.02314033
v 0.00847206 -0.01386675 -0.02362698
v 0.01249690 -0.01130000 -0.02657346
v 0.01249690 -0.01130000 -0.02176781
v 0.01199400 -0.01136426 -0.02699167
v 0.01176038 -0.01144056 -0.02217439
v 0.01113186 -0.01183827 -0.02799349
v 0.01128259 -0.01171083 -0.02778467
v 0.01174481 -0.01144680 -0.02723935
v -0.01113186 -0.01183827 -0.02799349
v -0.01176038 -0.01144056 -0.02217439
v -0.01249690 -0.01130000 -0.02176781
v -0.01249690 -0.01130000 -0.02657346
v -0.01199400 -0.01136426 -0.02699167
v -0.01174481 -0.01144680 -0.02723935
v -0.01128259 -0.01171083 -0.02778467
v -0.01155416 -0.01153613 0.02228254
v -0.01008256 -0.00689000 0.02298591
v -0.01112738 -0.01184247 0.02249870
v -0.01008256 -0.01274381 0.02298591
v -0.01172017 -0.01145699 0.02219567
v -0.01223407 -0.01131735 0.02191660
v -0.01372840 -0.00689000 0.02101288
v -0.01237917 -0.01130347 0.02183497
v -0.00871269 -0.01371684 0.02353931
v -0.00616169 -0.00689000 0.02433195
v -0.00822276 -0.01401602 0.02371489
v -0.00207274 -0.01611727 0.02501427
v -0.00304868 -0.01596146 0.02491416
v -0.00207274 -0.00689000 0.02501427
v -0.00417109 -0.01570556 0.02475100
v -0.00616169 -0.01503649 0.02433195
v -0.00000425 -0.01625000 0.02510000
v 0.00207274 -0.00689000 0.02501427
v 0.00207274 -0.01611727 0.02501427
v 0.00822350 -0.01401559 0.02371464
v 0.00616169 -0.01503649 0.02433195
v 0.00616169 -0.00689000 0.02433195
v 0.00417231 -0.01570523 0.02475080
v 0.00304869 -0.01596146 0.02491416
v 0.01177009 -0.01143674 0.02216924
v 0.01131560 -0.01168614 0.02240462
v 0.01008256 -0.00689000 0.02298591
v 0.01372840 -0.00689000 0.02101288
v 0.01249690 -0.01130000 0.02176781
v 0.01197241 -0.01137000 0.02206063
v 0.01112738 -0.01184247 0.02249870
v 0.01008256 -0.01274381 0.02298591
v 0.00871268 -0.01371684 0.02353931
v 0.01008256 -0.00689000 -0.02298591
v 0.01372840 -0.00689000 -0.02101288
v 0.01372840 -0.01130000 -0.02101288
v 0.01699977 -0.00689000 -0.01846667
v 0.01699977 -0.01130000 -0.01846667
v 0.01980743 -0.00689000 -0.01541674
v 0.01980743 -0.01130000 -0.01541674
v 0.02207479 -0.00689000 -0.01194628
v 0.02207479 -0.01130000 -0.01194628
v 0.02374001 -0.00689000 -0.00814996
v 0.02374001 -0.01130000 -0.00814996
v 0.02475767 -0.00689000 -0.00413132
v 0.02475767 -0.01130000 -0.00413132
v 0.02510000 -0.00689000 -0.00000000
v 0.02510000 -0.01130000 -0.00000000
v 0.02475767 -0.00689000 0.00413132
v 0.02475767 -0.01130000 0.00413132
v 0.02374001 -0.00689000 0.00814996
v 0.02374001 -0.01130000 0.00814996
v 0.02207479 -0.00689000 0.01194628
v 0.02207479 -0.01130000 0.01194628
v 0.01980743 -0.00689000 0.01541674
v 0.01980743 -0.01130000 0.01541674
v 0.01699977 -0.00689000 0.01846667
v 0.01699977 -0.01130000 0.01846667
v 0.01372840 -0.01130000 0.02101288
v 0.00616169 -0.00689000 -0.02433195
v 0.00207274 -0.00689000 -0.02501427
v -0.00207274 -0.00689000 -0.02501427
v -0.00616169 -0.00689000 -0.02433195
v -0.01008256 -0.00689000 -0.02298591
v -0.01372840 -0.00689000 -0.02101288
v -0.01249690 -0.01130000 0.02176781
v -0.01372840 -0.01130000 0.02101288
v -0.01699977 -0.00689000 0.01846667
v -0.01699977 -0.01130000 0.01846667
v -0.01980743 -0.00689000 0.01541674
v -0.01980743 -0.01130000 0.01541674
v -0.02207479 -0.00689000 0.01194628
v -0.02207479 -0.01130000 0.01194628
v -0.02374001 -0.00689000 0.00814996
v -0.02374001 -0.01130000 0.00814996
v -0.02475767 -0.00689000 0.00413132
v -0.02475767 -0.01130000 0.00413132
v -0.02510000 -0.00689000 0.00000000
v -0.02510000 -0.01130000 0.00000000
v -0.02475767 -0.00689000 -0.00413132
v -0.02475767 -0.01130000 -0.00413132
v -0.02374001 -0.00689000 -0.00814996
v -0.02374001 -0.01130000 -0.00814996
v -0.02207479 -0.00689000 -0.01194628
v -0.02207479 -0.01130000 -0.01194628
v -0.01980743 -0.00689000 -0.01541674
v -0.01980743 -0.01130000 -0.01541674
v -0.01699977 -0.00689000 -0.01846667
v -0.01699977 -0.01130000 -0.01846667
v -0.01372840 -0.01130000 -0.02101288
v -0.01249690 -0.01130000 0.02657346
v -0.01199400 -0.01136426 0.02699167
v -0.01174481 -0.01144680 0.02723935
v -0.01128259 -0.01171083 0.02778467
v -0.01113186 -0.01183827 0.02799349
v -0.01112738 -0.01184247 0.02800000
v 0.00304612 -0.01596194 0.02800000
v 0.00871021 -0.01371841 0.02800000
v 0.01112738 -0.01184247 0.02800000
v 0.00598425 -0.01510799 0.02800000
v -0.00000000 -0.01625000 0.02800000
v -0.00304612 -0.01596194 0.02800000
v -0.00598425 -0.01510799 0.02800000
v -0.00871021 -0.01371841 0.02800000
v 0.01174481 -0.01144680 0.02723935
v 0.01199400 -0.01136426 0.02699167
v 0.01249690 -0.01130000 0.02657346
v 0.01113186 -0.01183827 0.02799349
v 0.01128259 -0.01171083 0.02778467
v 0.01250000 -0.01300000 -0.02238660
v 0.01825257 -0.01300000 -0.02159868
v 0.01243497 -0.01300000 -0.02214003
v 0.01896774 -0.01300000 -0.02059672
v 0.02183762 -0.01300000 -0.01752479
v -0.02183762 -0.01300000 -0.01752479
v -0.01243497 -0.01300000 -0.02214003
v -0.01225680 -0.01300000 -0.02195759
v 0.01300000 -0.01300000 -0.02600000
v 0.01700000 -0.01300000 -0.02600000
v 0.01800000 -0.01300000 -0.02500000
v -0.01250000 -0.01300000 0.02238660
v -0.01825257 -0.01300000 0.02159868
v -0.01243497 -0.01300000 0.02214003
v -0.01896774 -0.01300000 0.02059672
v -0.02183762 -0.01300000 0.01752479
v -0.01187500 -0.01300000 0.02056810
v -0.01201183 -0.01300000 0.02188674
v -0.01526621 -0.01300000 0.01819356
v -0.01225680 -0.01300000 0.02195759
v -0.01819356 -0.01300000 0.01526621
v -0.01300000 -0.01300000 0.02600000
v -0.01700000 -0.01300000 0.02600000
v -0.01800000 -0.01300000 0.02500000
v -0.01896774 -0.01300000 -0.02059672
v -0.01825257 -0.01300000 -0.02159868
v -0.01250000 -0.01300000 -0.02238660
v -0.01800000 -0.01300000 -0.02280351
v -0.01250000 -0.01300000 -0.02550000
v -0.01800000 -0.01300000 -0.02500000
v 0.01250000 -0.01300000 -0.02550000
v 0.01256699 -0.01300000 -0.02575000
v 0.01275000 -0.01300000 -0.02593301
v -0.01275000 -0.01300000 -0.02593301
v -0.01256699 -0.01300000 -0.02575000
v -0.01300000 -0.01300000 -0.02600000
v -0.01700000 -0.01300000 -0.02600000
v -0.02338918 -0.01300000 0.00412414
v -0.02792099 -0.01300000 0.00210196
v -0.02375000 -0.01300000 -0.00000000
v -0.02792099 -0.01300000 -0.00210196
v -0.02338918 -0.01300000 -0.00412414
v -0.02729160 -0.01300000 -0.00625850
v -0.02231770 -0.01300000 -0.00812298
v -0.02604699 -0.01300000 -0.01027396
v -0.02056810 -0.01300000 -0.01187500
v -0.02421524 -0.01300000 -0.01405782
v -0.01819356 -0.01300000 -0.01526621
v -0.01526621 -0.01300000 -0.01819356
v -0.01187500 -0.01300000 -0.02056810
v -0.01201183 -0.01300000 -0.02188674
v -0.01176378 -0.01300000 -0.02194592
v -0.00812298 -0.01300000 -0.02231770
v -0.00802246 -0.01300000 -0.02357223
v -0.00412414 -0.01300000 -0.02338918
v -0.00406580 -0.01300000 -0.02456582
v -0.00000000 -0.01300000 -0.02375000
v -0.00000000 -0.01300000 -0.02490000
v 0.00412414 -0.01300000 -0.02338918
v 0.00406580 -0.01300000 -0.02456582
v 0.00812298 -0.01300000 -0.02231770
v 0.00802246 -0.01300000 -0.02357223
v 0.01187500 -0.01300000 -0.02056810
v 0.01176378 -0.01300000 -0.02194592
v 0.01526621 -0.01300000 -0.01819356
v 0.01201183 -0.01300000 -0.02188674
v 0.01819356 -0.01300000 -0.01526621
v 0.01225680 -0.01300000 -0.02195759
v 0.01243497 -0.01300000 0.02214003
v 0.01825257 -0.01300000 0.02159868
v 0.01250000 -0.01300000 0.02238660
v 0.01800000 -0.01300000 0.02280351
v 0.01250000 -0.01300000 0.02550000
v 0.01800000 -0.01300000 0.02500000
v 0.01225680 -0.01300000 0.02195759
v 0.02183762 -0.01300000 0.01752479
v 0.01896774 -0.01300000 0.02059672
v 0.01800000 -0.01300000 -0.02280351
v -0.02056810 -0.01300000 0.01187500
v -0.02421524 -0.01300000 0.01405782
v -0.02231770 -0.01300000 0.00812298
v -0.02604699 -0.01300000 0.01027396
v -0.02729160 -0.01300000 0.00625850
v -0.01250000 -0.01300000 0.02550000
v -0.01256699 -0.01300000 0.02575000
v -0.01275000 -0.01300000 0.02593301
v 0.01275000 -0.01300000 0.02593301
v 0.01256699 -0.01300000 0.02575000
v 0.01300000 -0.01300000 0.02600000
v 0.01700000 -0.01300000 0.02600000
v 0.01526621 -0.01300000 0.01819356
v 0.01201183 -0.01300000 0.02188674
v 0.01187500 -0.01300000 0.02056810
v 0.01176378 -0.01300000 0.02194592
v 0.00812298 -0.01300000 0.02231770
v 0.00802246 -0.01300000 0.02357223
v 0.00412414 -0.01300000 0.02338918
v 0.00406580 -0.01300000 0.02456582
v -0.00000000 -0.01300000 0.02375000
v -0.00000000 -0.01300000 0.02490000
v -0.00412414 -0.01300000 0.02338918
v -0.00406580 -0.01300000 0.02456582
v -0.00812298 -0.01300000 0.02231770
v -0.00802246 -0.01300000 0.02357223
v -0.01176378 -0.01300000 0.02194592
v -0.01800000 -0.01300000 0.02280351
v 0.02338918 -0.01300000 -0.00412414
v 0.02792099 -0.01300000 -0.00210196
v 0.02375000 -0.01300000 0.00000000
v 0.02792099 -0.01300000 0.00210196
v 0.02338918 -0.01300000 0.00412414
v 0.02729160 -0.01300000 0.00625850
v 0.02231770 -0.01300000 0.00812298
v 0.02604699 -0.01300000 0.01027396
v 0.02056810 -0.01300000 0.01187500
v 0.02421524 -0.01300000 0.01405782
v 0.01819356 -0.01300000 0.01526621
v 0.02056810 -0.01300000 -0.01187500
v 0.02421524 -0.01300000 -0.01405782
v 0.02231770 -0.01300000 -0.00812298
v 0.02604699 -0.01300000 -0.01027396
v 0.02729160 -0.01300000 -0.00625850
v 0.02451342 0.04970000 0.02056920
v 0.02195973 0.04970000 0.02327596
v 0.02195973 0.04170000 0.02327596
v 0.01910907 0.04970000 0.02566794
v 0.01910907 0.04170000 0.02566794
v 0.01600000 0.04970000 0.02771281
v 0.01267455 0.04970000 0.02938292
v 0.01267455 0.04170000 0.02938292
v 0.00917770 0.04970000 0.03065567
v 0.00917770 0.04170000 0.03065567
v 0.00555674 0.04970000 0.03151385
v 0.00186063 0.04970000 0.03194586
v 0.00186063 0.04170000 0.03194586
v -0.00186063 0.04970000 0.03194586
v -0.00186063 0.04170000 0.03194586
v -0.00555674 0.04970000 0.03151385
v -0.00917770 0.04970000 0.03065567
v -0.00917770 0.04170000 0.03065567
v -0.01267455 0.04970000 0.02938292
v -0.01267455 0.04170000 0.02938292
v -0.01600000 0.04970000 0.02771281
v -0.01910907 0.04970000 0.02566794
v -0.01910907 0.04170000 0.02566794
v -0.02195973 0.04970000 0.02327596
v -0.02195973 0.04170000 0.02327596
v -0.02451342 0.04970000 0.02056920
v -0.02451342 0.04970000 -0.02056920
v -0.02195973 0.04970000 -0.02327596
v -0.02195973 0.04170000 -0.02327596
v -0.01910907 0.04970000 -0.02566794
v -0.01910907 0.04170000 -0.02566794
v -0.01600000 0.04970000 -0.02771281
v -0.01267455 0.04970000 -0.02938292
v -0.01267455 0.04170000 -0.02938292
v -0.00917770 0.04970000 -0.03065567
v -0.00917770 0.04170000 -0.03065567
v -0.00555674 0.04970000 -0.03151385
v -0.00186063 0.04970000 -0.03194586
v -0.00186063 0.04170000 -0.03194586
v 0.00186063 0.04970000 -0.03194586
v 0.00186063 0.04170000 -0.03194586
v 0.00555674 0.04970000 -0.03151385
v 0.00917770 0.04970000 -0.03065567
v 0.00917770 0.04170000 -0.03065567
v 0.01267455 0.04970000 -0.02938292
v 0.01267455 0.04170000 -0.02938292
v 0.01600000 0.04970000 -0.02771281
v 0.01910907 0.04970000 -0.02566794
v 0.01910907 0.04170000 -0.02566794
v 0.02195973 0.04970000 -0.02327596
v 0.02195973 0.04170000 -0.02327596
v 0.02451342 0.04970000 -0.02056920
f 1 2 3
f 3 2 4
f 1 3 5
f 5 3 6
f 5 6 7
f 8 9 10
f 10 9 11
f 10 11 12
f 13 14 15
f 15 14 16
f 15 16 17
f 18 19 16
f 16 19 20
f 16 20 17
f 21 22 18
f 18 22 23
f 18 23 19
f 24 25 21
f 21 25 26
f 21 26 22
f 27 28 24
f 24 28 29
f 24 29 25
f 30 31 32
f 32 31 33
f 32 33 27
f 27 33 34
f 27 34 28
f 30 32 35
f 35 32 36
f 35 36 37
f 38 39 36
f 36 39 40
f 36 40 37
f 41 42 43
f 43 42 44
f 43 44 45
f 45 44 46
f 45 46 47
f 47 46 48
f 47 48 49
f 49 48 50
f 49 50 38
f 38 50 51
f 38 51 39
f 41 43 52
f 52 43 53
f 52 53 54
f 55 56 53
f 53 56 57
f 53 57 54
f 55 58 59
f 59 60 55
f 55 60 61
f 55 61 56
f 62 63 64
f 64 63 65
f 64 65 66
f 66 65 67
f 66 67 68
f 68 67 69
f 68 69 70
f 71 72 73
f 72 71 74
f 74 71 75
f 74 75 76
f 76 75 77
f 76 77 78
f 78 77 79
f 79 77 80
f 79 80 81
f 81 80 82
f 81 82 83
f 83 82 84
f 84 82 85
f 84 85 86
f 86 85 87
f 87 85 88
f 87 88 89
f 89 88 90
f 89 90 91
f 91 90 92
f 92 90 93
f 92 93 94
f 94 93 95
f 94 95 96
f 96 95 97
f 97 95 98
f 97 98 99
f 99 98 100
f 100 98 101
f 100 101 102
f 102 101 103
f 102 103 104
f 4 105 3
f 3 105 106
f 3 106 103
f 103 106 107
f 103 107 104
f 108 109 110
f 110 109 111
f 110 111 112
f 112 111 113
f 112 113 114
f 114 113 115
f 114 115 116
f 116 115 117
f 116 117 118
f 118 117 119
f 118 119 120
f 120 119 121
f 120 121 122
f 122 121 123
f 122 123 124
f 124 123 125
f 124 125 126
f 126 125 127
f 126 127 128
f 128 127 129
f 128 129 130
f 130 129 131
f 130 131 132
f 132 131 133
f 134 108 135
f 135 108 110
f 135 110 136
f 136 110 112
f 136 112 137
f 137 112 114
f 137 114 138
f 138 114 116
f 138 116 139
f 139 116 118
f 139 118 140
f 140 118 120
f 140 120 141
f 141 120 122
f 141 122 142
f 142 122 124
f 142 124 143
f 143 124 126
f 143 126 144
f 144 126 128
f 144 128 145
f 145 128 130
f 145 130 146
f 146 130 132
f 71 134 75
f 75 134 135
f 75 135 77
f 77 135 136
f 77 136 80
f 80 136 137
f 80 137 82
f 82 137 138
f 82 138 85
f 85 138 139
f 85 139 88
f 88 139 140
f 88 140 90
f 90 140 141
f 90 141 93
f 93 141 142
f 93 142 95
f 95 142 143
f 95 143 98
f 98 143 144
f 98 144 101
f 101 144 145
f 101 145 103
f 103 145 146
f 103 146 3
f 3 146 132
f 3 132 6
f 6 132 133
f 12 147 10
f 10 147 148
f 10 148 149
f 149 148 150
f 149 150 151
f 151 150 152
f 151 152 153
f 153 152 154
f 153 154 155
f 155 154 156
f 155 156 157
f 157 156 158
f 157 158 159
f 159 158 160
f 159 160 161
f 161 160 162
f 161 162 163
f 163 162 164
f 163 164 165
f 165 164 166
f 165 166 167
f 167 166 168
f 167 168 169
f 169 168 170
f 169 170 171
f 171 170 172
f 171 172 173
f 173 172 174
f 173 174 70
f 69 58 70
f 70 58 55
f 70 55 173
f 173 55 53
f 173 53 171
f 171 53 43
f 171 43 169
f 169 43 45
f 169 45 167
f 167 45 47
f 167 47 165
f 165 47 49
f 165 49 163
f 163 49 38
f 163 38 161
f 161 38 36
f 161 36 159
f 159 36 32
f 159 32 157
f 157 32 27
f 157 27 155
f 155 27 24
f 155 24 153
f 153 24 21
f 153 21 151
f 151 21 18
f 151 18 149
f 149 18 16
f 149 16 10
f 10 16 14
f 10 14 8
f 8 14 13
f 147 7 148
f 148 7 6
f 148 6 150
f 150 6 133
f 150 133 152
f 152 133 131
f 152 131 154
f 154 131 129
f 154 129 156
f 156 129 127
f 156 127 158
f 158 127 125
f 158 125 160
f 160 125 123
f 160 123 162
f 162 123 121
f 162 121 164
f 164 121 119
f 164 119 166
f 166 119 117
f 166 117 168
f 168 117 115
f 168 115 170
f 170 115 113
f 170 113 172
f 172 113 111
f 172 111 174
f 174 111 109
f 174 109 70
f 70 109 108
f 70 108 68
f 68 108 134
f 68 134 66
f 66 134 71
f 66 71 64
f 64 71 73
f 64 73 62
f 4 2 175
f 176 177 178
f 178 179 176
f 176 179 180
f 176 180 181
f 181 180 182
f 181 182 175
f 175 182 183
f 175 183 4
f 1 5 184
f 184 5 185
f 7 147 186
f 186 147 12
f 186 12 11
f 7 186 5
f 5 186 187
f 5 187 185
f 177 176 188
f 188 176 181
f 188 181 189
f 189 181 175
f 189 175 184
f 184 175 2
f 184 2 1
f 11 9 186
f 186 9 190
f 186 190 187
f 191 192 8
f 8 192 193
f 8 193 9
f 9 193 194
f 9 194 190
f 191 8 195
f 195 8 13
f 195 13 196
f 196 13 15
f 196 15 197
f 197 15 17
f 197 17 198
f 19 23 199
f 198 17 200
f 200 17 20
f 200 20 201
f 201 20 19
f 201 19 202
f 202 19 199
f 202 199 203
f 199 23 22
f 203 199 204
f 204 199 22
f 204 22 205
f 205 22 26
f 205 26 206
f 206 26 25
f 206 25 207
f 207 25 208
f 208 25 29
f 208 29 209
f 209 29 210
f 210 29 28
f 210 28 211
f 211 28 34
f 211 34 212
f 34 33 212
f 212 33 31
f 212 31 213
f 213 31 30
f 213 30 214
f 214 30 35
f 214 35 215
f 215 35 37
f 215 37 216
f 37 40 216
f 216 40 39
f 216 39 217
f 217 39 51
f 217 51 218
f 218 51 50
f 218 50 219
f 219 50 220
f 220 50 48
f 220 48 221
f 221 48 46
f 221 46 222
f 222 46 223
f 223 46 44
f 223 44 224
f 224 44 225
f 225 44 42
f 225 42 226
f 226 42 227
f 227 42 41
f 227 41 228
f 228 41 52
f 229 230 52
f 52 230 231
f 52 231 228
f 229 52 232
f 232 52 54
f 232 54 233
f 60 59 234
f 233 54 235
f 235 54 57
f 235 57 236
f 236 57 56
f 236 56 237
f 237 56 61
f 237 61 238
f 238 61 60
f 238 60 239
f 239 60 234
f 239 234 240
f 67 65 241
f 69 67 242
f 242 67 241
f 242 241 243
f 243 241 244
f 244 245 243
f 243 245 246
f 243 246 247
f 248 240 234
f 248 234 249
f 242 249 69
f 69 249 234
f 69 234 58
f 58 234 59
f 241 65 63
f 250 251 247
f 247 246 250
f 250 246 245
f 250 245 252
f 252 245 244
f 252 244 253
f 253 244 241
f 253 241 254
f 254 241 63
f 254 63 255
f 256 257 258
f 259 260 261
f 262 263 264
f 183 105 4
f 265 266 267
f 268 269 270
f 271 272 268
f 273 274 275
f 276 277 278
f 266 265 279
f 183 280 281
f 281 280 282
f 281 282 283
f 105 183 106
f 73 284 62
f 62 284 255
f 62 255 63
f 262 264 285
f 257 286 287
f 287 286 288
f 287 288 289
f 268 270 271
f 271 270 290
f 271 290 291
f 291 290 292
f 291 292 293
f 293 292 294
f 293 294 295
f 294 296 295
f 295 296 297
f 295 297 298
f 298 297 299
f 298 299 300
f 299 301 300
f 300 301 302
f 300 302 303
f 303 302 304
f 303 304 305
f 304 306 305
f 305 306 307
f 305 307 308
f 308 307 309
f 308 309 310
f 310 309 311
f 310 311 312
f 311 313 312
f 312 313 314
f 312 314 315
f 315 314 316
f 315 316 317
f 317 316 318
f 317 318 319
f 319 318 320
f 319 320 321
f 321 320 322
f 321 322 323
f 322 324 323
f 323 324 325
f 323 325 326
f 326 325 327
f 326 327 258
f 258 327 328
f 258 328 256
f 257 287 258
f 258 287 329
f 258 329 326
f 326 329 330
f 326 330 323
f 323 330 331
f 323 331 321
f 321 331 332
f 321 332 319
f 319 332 333
f 319 333 317
f 317 333 334
f 317 334 315
f 315 334 335
f 315 335 312
f 312 335 336
f 312 336 310
f 310 336 337
f 310 337 308
f 308 337 338
f 308 338 305
f 305 338 339
f 305 339 303
f 303 339 340
f 303 340 300
f 300 340 341
f 300 341 298
f 298 341 342
f 298 342 295
f 295 342 343
f 295 343 293
f 293 343 344
f 293 344 291
f 291 344 345
f 291 345 271
f 271 345 273
f 271 273 272
f 272 273 275
f 272 275 268
f 259 261 289
f 289 261 346
f 289 346 287
f 287 346 347
f 287 347 329
f 329 347 348
f 329 348 330
f 330 348 349
f 330 349 331
f 331 349 350
f 331 350 332
f 332 350 351
f 332 351 333
f 333 351 352
f 333 352 334
f 334 352 353
f 334 353 335
f 335 353 354
f 335 354 336
f 336 354 355
f 336 355 337
f 337 355 356
f 337 356 338
f 338 356 357
f 338 357 339
f 339 357 358
f 339 358 340
f 340 358 359
f 340 359 341
f 341 359 360
f 341 360 342
f 342 360 361
f 342 361 343
f 343 361 362
f 343 362 344
f 344 362 363
f 344 363 345
f 345 363 276
f 345 276 273
f 273 276 278
f 273 278 274
f 285 364 260
f 260 364 365
f 260 365 261
f 261 365 366
f 261 366 346
f 346 366 367
f 346 367 347
f 347 367 368
f 347 368 348
f 348 368 369
f 348 369 349
f 349 369 370
f 349 370 350
f 350 370 371
f 350 371 351
f 351 371 372
f 351 372 352
f 352 372 373
f 352 373 353
f 353 373 374
f 353 374 354
f 354 374 375
f 354 375 355
f 355 375 376
f 355 376 356
f 356 376 377
f 356 377 357
f 357 377 378
f 357 378 358
f 358 378 379
f 358 379 359
f 359 379 380
f 359 380 360
f 360 380 381
f 360 381 361
f 361 381 382
f 361 382 362
f 362 382 383
f 362 383 363
f 363 383 279
f 363 279 276
f 276 279 265
f 276 265 277
f 285 264 364
f 364 264 384
f 364 384 365
f 365 384 385
f 365 385 366
f 366 385 386
f 366 386 367
f 367 386 387
f 367 387 368
f 368 387 388
f 368 388 369
f 369 388 389
f 369 389 370
f 370 389 390
f 370 390 371
f 371 390 391
f 371 391 372
f 372 391 392
f 372 392 373
f 373 392 393
f 373 393 374
f 374 393 394
f 374 394 375
f 375 394 395
f 375 395 376
f 376 395 396
f 376 396 377
f 377 396 397
f 377 397 378
f 378 397 398
f 378 398 379
f 379 398 399
f 379 399 380
f 380 399 400
f 380 400 381
f 381 400 401
f 381 401 382
f 382 401 402
f 382 402 383
f 383 402 403
f 383 403 279
f 279 403 283
f 279 283 266
f 266 283 282
f 266 282 267
f 183 281 106
f 106 281 283
f 106 283 107
f 107 283 403
f 107 403 104
f 104 403 402
f 104 402 102
f 102 402 401
f 102 401 100
f 100 401 400
f 100 400 99
f 99 400 399
f 99 399 97
f 97 399 398
f 97 398 96
f 96 398 397
f 96 397 94
f 94 397 396
f 94 396 92
f 92 396 395
f 92 395 91
f 91 395 394
f 91 394 89
f 89 394 393
f 89 393 87
f 87 393 392
f 87 392 86
f 86 392 391
f 86 391 84
f 84 391 390
f 84 390 83
f 83 390 389
f 83 389 81
f 81 389 388
f 81 388 79
f 79 388 387
f 79 387 78
f 78 387 386
f 78 386 76
f 76 386 385
f 76 385 74
f 74 385 384
f 74 384 72
f 72 384 264
f 72 264 73
f 73 264 263
f 73 263 284
f 404 405 269
f 178 406 179
f 179 406 407
f 179 407 180
f 280 183 182
f 180 407 182
f 182 407 408
f 182 408 280
f 404 269 409
f 409 269 268
f 409 268 410
f 275 411 268
f 268 411 412
f 268 412 410
f 278 413 274
f 274 413 414
f 274 414 275
f 275 414 415
f 275 415 411
f 277 416 278
f 278 416 417
f 278 417 413
f 265 267 418
f 418 419 265
f 265 419 420
f 265 420 277
f 277 420 421
f 277 421 416
f 408 422 280
f 280 422 423
f 280 423 282
f 282 423 424
f 282 424 267
f 267 424 425
f 267 425 418
f 252 426 250
f 250 426 251
f 253 427 252
f 252 427 428
f 252 428 426
f 253 254 427
f 427 254 255
f 427 255 429
f 429 255 284
f 429 284 430
f 430 284 263
f 430 263 431
f 431 263 262
f 431 262 432
f 432 262 285
f 432 285 433
f 260 434 285
f 285 434 435
f 285 435 433
f 436 437 260
f 260 437 438
f 260 438 434
f 286 257 439
f 260 259 436
f 436 259 289
f 436 289 440
f 440 289 288
f 440 288 441
f 441 288 286
f 441 286 442
f 442 286 439
f 256 328 443
f 443 444 256
f 256 444 445
f 256 445 257
f 257 445 446
f 257 446 439
f 447 448 292
f 449 450 451
f 452 453 451
f 451 453 454
f 451 454 449
f 450 328 451
f 451 328 327
f 451 327 452
f 452 327 325
f 452 325 455
f 455 325 324
f 456 299 297
f 456 297 457
f 457 297 296
f 457 296 448
f 448 296 294
f 448 294 292
f 270 269 458
f 459 460 461
f 461 460 462
f 461 462 463
f 447 292 464
f 464 292 290
f 464 290 463
f 463 290 270
f 463 270 461
f 461 270 458
f 461 458 459
f 299 456 301
f 301 456 465
f 301 465 302
f 302 465 466
f 302 466 304
f 304 466 306
f 306 466 467
f 306 467 307
f 307 467 468
f 307 468 309
f 309 468 311
f 311 468 469
f 311 469 313
f 313 469 314
f 314 469 470
f 314 470 316
f 316 470 471
f 316 471 318
f 318 471 472
f 318 472 320
f 320 472 473
f 320 473 322
f 322 473 474
f 322 474 324
f 324 474 475
f 324 475 455
f 458 269 405
f 405 476 458
f 458 476 477
f 458 477 478
f 479 480 450
f 450 480 481
f 450 481 328
f 328 481 482
f 328 482 443
f 479 450 483
f 483 450 449
f 483 449 484
f 484 449 454
f 484 454 485
f 485 454 453
f 485 453 486
f 486 453 452
f 455 487 452
f 452 487 488
f 452 488 486
f 489 490 475
f 475 490 491
f 475 491 455
f 455 491 492
f 455 492 487
f 472 493 473
f 473 493 489
f 473 489 474
f 474 489 475
f 472 471 493
f 493 471 494
f 457 495 456
f 456 495 496
f 471 470 494
f 494 470 469
f 494 469 497
f 469 468 497
f 497 468 467
f 497 467 498
f 498 467 466
f 498 466 496
f 496 466 465
f 496 465 456
f 495 457 499
f 499 457 448
f 499 448 500
f 500 448 447
f 500 447 501
f 501 447 464
f 463 502 464
f 464 502 503
f 464 503 501
f 462 504 463
f 463 504 505
f 463 505 502
f 458 478 459
f 459 478 506
f 459 506 460
f 460 506 507
f 460 507 462
f 462 507 508
f 462 508 504
f 477 509 478
f 478 509 510
f 478 510 511
f 511 510 512
f 511 512 513
f 514 515 516
f 516 515 509
f 516 509 517
f 517 509 477
f 479 518 519
f 518 479 520
f 520 479 521
f 520 521 522
f 523 524 519
f 519 524 480
f 519 480 479
f 525 526 519
f 519 526 527
f 519 527 523
f 493 528 489
f 489 528 529
f 529 530 489
f 489 530 531
f 489 531 490
f 490 531 532
f 490 532 491
f 491 532 533
f 491 533 492
f 492 533 534
f 492 534 487
f 535 486 536
f 536 486 488
f 534 537 487
f 487 537 538
f 487 538 488
f 488 538 539
f 488 539 536
f 540 484 535
f 535 484 485
f 535 485 486
f 540 541 484
f 484 541 542
f 484 542 483
f 483 542 543
f 483 543 544
f 521 479 545
f 545 479 483
f 545 483 546
f 546 483 544
f 478 511 547
f 478 547 506
f 547 548 506
f 506 548 549
f 506 549 507
f 549 550 507
f 507 550 551
f 507 551 508
f 551 552 508
f 508 552 553
f 508 553 504
f 504 553 554
f 504 554 505
f 505 554 555
f 505 555 502
f 555 556 502
f 502 556 557
f 502 557 503
f 503 557 558
f 503 558 501
f 501 558 559
f 501 559 500
f 500 559 560
f 500 560 499
f 499 560 561
f 562 495 563
f 563 495 499
f 563 499 564
f 564 499 561
f 565 566 567
f 568 567 569
f 569 567 570
f 571 572 573
f 573 572 565
f 573 565 574
f 574 565 567
f 575 576 567
f 567 576 577
f 567 577 578
f 578 579 567
f 567 579 580
f 567 580 570
f 566 581 567
f 567 581 582
f 567 582 583
f 583 584 567
f 567 584 585
f 567 585 575
f 586 587 568
f 588 589 590
f 586 568 590
f 590 568 591
f 590 591 588
f 587 592 568
f 568 592 593
f 568 593 567
f 589 594 590
f 590 594 595
f 590 595 596
f 597 598 599
f 599 598 596
f 599 596 600
f 600 596 595
f 601 602 603
f 603 602 604
f 603 604 605
f 605 604 606
f 605 606 607
f 608 609 610
f 608 610 611
f 610 612 611
f 611 612 613
f 611 613 606
f 606 613 614
f 606 614 607
f 609 608 615
f 615 608 616
f 615 616 617
f 617 616 618
f 618 616 619
f 618 619 620
f 598 597 621
f 621 622 598
f 598 622 623
f 598 623 619
f 619 623 624
f 619 624 620
f 595 625 626
f 597 599 627
f 597 627 621
f 624 627 620
f 620 627 628
f 624 623 627
f 627 623 622
f 627 622 621
f 599 600 627
f 627 600 595
f 627 595 629
f 629 595 626
f 610 630 612
f 612 630 631
f 612 631 613
f 610 609 630
f 630 609 615
f 630 615 632
f 632 615 617
f 632 617 628
f 628 617 618
f 628 618 620
f 633 605 634
f 634 605 607
f 634 607 631
f 631 607 614
f 631 614 613
f 635 604 636
f 636 604 602
f 637 638 639
f 601 637 602
f 602 637 639
f 602 639 636
f 636 639 640
f 636 640 635
f 641 642 643
f 643 642 644
f 643 644 639
f 639 644 645
f 639 645 640
f 641 643 646
f 646 643 647
f 646 647 648
f 649 650 651
f 651 650 652
f 651 652 647
f 647 652 653
f 647 653 648
f 654 651 655
f 655 651 647
f 655 647 656
f 656 647 657
f 643 658 659
f 659 660 643
f 643 660 661
f 643 661 647
f 647 661 662
f 647 662 657
f 638 663 639
f 639 663 664
f 639 664 643
f 643 664 665
f 643 665 658
f 666 667 668
f 668 667 669
f 668 669 670
f 667 671 669
f 669 671 660
f 669 660 672
f 672 660 659
f 672 659 673
f 673 659 658
f 673 658 674
f 674 658 665
f 674 665 675
f 665 664 675
f 675 664 663
f 675 663 676
f 676 663 638
f 676 638 677
f 638 637 677
f 677 637 601
f 677 601 678
f 678 601 603
f 678 603 679
f 679 603 605
f 679 605 633
f 680 681 682
f 680 682 683
f 684 685 686
f 686 685 687
f 686 687 688
f 688 689 686
f 686 689 690
f 686 690 691
f 683 682 686
f 686 682 692
f 686 692 684
f 682 693 692
f 692 693 694
f 692 694 695
f 695 694 696
f 695 696 697
f 698 699 696
f 696 699 700
f 696 700 697
f 698 649 699
f 699 649 651
f 699 651 701
f 701 651 654
f 692 702 703
f 702 692 695
f 704 705 689
f 704 689 706
f 706 689 688
f 706 688 707
f 688 687 707
f 707 687 685
f 707 685 708
f 703 709 692
f 692 709 708
f 692 708 684
f 684 708 685
f 700 699 710
f 710 699 701
f 711 712 701
f 701 712 713
f 701 713 710
f 702 695 697
f 714 709 703
f 703 702 714
f 714 702 697
f 714 697 715
f 715 697 700
f 715 700 716
f 716 700 710
f 717 693 718
f 718 693 682
f 718 682 681
f 719 720 721
f 721 720 722
f 721 722 723
f 717 718 724
f 724 718 720
f 724 720 725
f 725 720 719
f 725 719 726
f 727 728 729
f 729 728 730
f 729 730 680
f 680 730 681
f 731 727 732
f 732 727 729
f 732 729 683
f 683 729 680
f 733 734 735
f 735 734 736
f 735 736 737
f 691 738 686
f 686 738 739
f 686 739 735
f 735 739 740
f 735 740 733
f 683 686 732
f 732 686 735
f 732 735 731
f 731 735 737
f 739 738 741
f 742 743 744
f 745 746 747
f 748 749 750
f 742 744 750
f 750 744 751
f 750 751 748
f 749 748 752
f 752 748 753
f 752 753 754
f 689 705 690
f 690 705 755
f 690 755 691
f 691 755 738
f 738 755 756
f 738 756 741
f 741 756 757
f 741 757 758
f 740 739 759
f 759 739 741
f 759 741 760
f 760 741 758
f 760 758 761
f 761 758 762
f 761 762 763
f 763 762 764
f 763 764 765
f 765 764 766
f 765 766 767
f 767 766 754
f 767 754 768
f 768 754 753
f 745 747 743
f 743 747 769
f 743 769 744
f 744 769 770
f 744 770 751
f 751 770 771
f 751 771 772
f 773 774 775
f 773 775 776
f 776 775 777
f 776 777 778
f 778 777 779
f 778 779 780
f 780 779 730
f 780 730 728
f 681 730 718
f 718 730 779
f 718 779 720
f 720 779 777
f 720 777 722
f 722 777 775
f 722 775 723
f 723 775 774
f 781 782 783
f 783 782 784
f 783 784 773
f 780 728 783
f 783 728 785
f 783 785 781
f 773 776 783
f 783 776 778
f 783 778 780
f 737 786 731
f 731 786 785
f 731 785 727
f 727 785 728
f 787 788 789
f 789 788 790
f 789 790 791
f 791 790 785
f 791 785 792
f 792 785 786
f 787 793 788
f 788 793 794
f 788 794 795
f 795 794 796
f 795 796 797
f 797 796 798
f 797 798 799
f 800 797 801
f 801 797 799
f 801 799 802
f 800 803 797
f 797 803 804
f 797 804 805
f 805 806 797
f 797 806 807
f 797 807 808
f 808 809 797
f 797 809 810
f 797 810 811
f 811 812 797
f 797 812 813
f 797 813 814
f 815 786 737
f 737 736 815
f 815 736 734
f 815 734 759
f 759 734 733
f 759 733 740
f 759 760 815
f 815 760 816
f 815 816 786
f 786 816 792
f 817 818 819
f 820 821 746
f 821 820 817
f 818 817 822
f 822 817 820
f 822 820 823
f 745 824 746
f 746 824 825
f 746 825 820
f 763 765 826
f 791 792 827
f 827 792 816
f 827 816 761
f 761 816 760
f 789 791 826
f 826 791 827
f 826 827 763
f 763 827 761
f 826 765 767
f 787 789 828
f 828 789 826
f 826 767 828
f 828 767 768
f 828 768 829
f 829 768 753
f 829 753 830
f 830 753 748
f 830 748 831
f 787 828 793
f 793 828 829
f 793 829 794
f 794 829 830
f 794 830 796
f 796 830 831
f 796 831 798
f 832 751 772
f 772 833 832
f 832 833 834
f 832 834 799
f 799 834 835
f 799 835 802
f 748 751 831
f 831 751 832
f 831 832 798
f 798 832 799
f 770 769 836
f 834 833 837
f 837 833 772
f 837 772 771
f 834 837 835
f 835 837 838
f 835 838 802
f 801 802 839
f 839 802 838
f 839 838 840
f 840 838 841
f 841 838 837
f 841 837 836
f 836 837 771
f 836 771 770
f 819 842 817
f 817 842 843
f 817 843 844
f 845 846 847
f 847 846 848
f 847 848 849
f 819 850 842
f 842 850 845
f 842 845 851
f 851 845 847
f 851 847 852
f 853 854 855
f 855 840 853
f 853 840 817
f 853 817 856
f 856 817 844
f 746 836 747
f 747 836 769
f 840 841 817
f 817 841 836
f 817 836 821
f 821 836 746
f 857 858 859
f 803 860 804
f 804 860 861
f 804 861 805
f 805 861 862
f 805 862 806
f 806 862 863
f 806 863 807
f 807 863 864
f 807 864 808
f 808 864 865
f 808 865 809
f 865 866 809
f 809 866 859
f 809 859 810
f 810 859 858
f 810 858 811
f 867 868 857
f 857 859 867
f 867 859 866
f 867 866 869
f 869 866 865
f 869 865 870
f 870 865 864
f 870 864 871
f 871 864 863
f 871 863 872
f 872 863 862
f 872 862 873
f 873 862 861
f 873 861 874
f 874 861 860
f 874 860 854
f 855 854 875
f 875 854 860
f 875 860 800
f 800 860 803
f 840 855 839
f 839 855 875
f 839 875 801
f 801 875 800
f 822 823 876
f 876 877 878
f 850 819 818
f 879 848 880
f 879 880 881
f 882 883 880
f 880 883 884
f 880 884 881
f 848 846 880
f 880 846 845
f 880 845 878
f 878 845 850
f 878 850 876
f 876 850 818
f 876 818 822
f 885 886 887
f 888 852 847
f 888 847 889
f 889 847 890
f 890 847 891
f 890 891 892
f 892 891 893
f 893 891 894
f 893 894 895
f 887 896 894
f 894 896 897
f 894 897 895
f 898 899 887
f 887 899 900
f 887 900 896
f 898 887 901
f 901 887 886
f 901 886 902
f 903 904 905
f 905 904 906
f 905 906 907
f 903 885 904
f 904 885 887
f 904 887 908
f 908 887 894
f 908 894 909
f 909 894 910
f 910 894 911
f 911 894 891
f 911 891 912
f 849 913 847
f 847 913 914
f 847 914 891
f 891 914 915
f 891 915 912
f 916 856 844
f 856 916 853
f 917 870 918
f 918 870 871
f 917 919 870
f 870 919 920
f 870 920 869
f 869 920 921
f 869 921 867
f 867 921 922
f 867 922 868
f 854 853 874
f 874 853 916
f 874 916 873
f 873 916 923
f 873 923 872
f 872 923 924
f 872 924 871
f 871 924 925
f 871 925 918
f 885 926 886
f 886 926 902
f 927 928 929
f 930 931 932
f 885 903 933
f 933 903 905
f 933 905 907
f 885 933 926
f 926 933 934
f 926 934 935
f 929 928 932
f 932 928 936
f 932 936 930
f 937 938 939
f 939 940 937
f 937 940 941
f 937 941 929
f 929 941 942
f 929 942 927
f 943 944 938
f 938 944 945
f 938 945 939
f 934 946 935
f 935 946 947
f 935 947 943
f 943 947 948
f 943 948 944
f 949 950 934
f 949 934 951
f 934 933 951
f 951 933 907
f 951 907 952
f 952 907 906
f 952 906 953
f 954 955 904
f 904 955 956
f 904 956 906
f 906 956 957
f 906 957 953
f 958 959 909
f 909 959 954
f 909 954 908
f 908 954 904
f 960 961 958
f 962 960 911
f 911 960 958
f 911 958 910
f 910 958 909
f 962 963 960
f 960 963 961
f 931 964 932
f 932 964 965
f 966 967 968
f 968 967 969
f 964 970 965
f 965 970 971
f 965 971 972
f 972 971 973
f 972 973 974
f 969 975 968
f 968 975 976
f 968 976 977
f 977 976 972
f 977 972 978
f 978 972 974
f 944 948 979
f 979 948 947
f 979 947 950
f 950 947 946
f 950 946 934
f 980 939 979
f 979 939 945
f 979 945 944
f 942 941 980
f 980 941 940
f 980 940 939
f 930 936 981
f 981 936 928
f 981 928 980
f 980 928 927
f 980 927 942
f 982 971 983
f 983 971 984
f 983 984 985
f 985 984 986
f 971 970 984
f 984 970 964
f 984 964 981
f 981 964 931
f 981 931 930
f 987 988 989
f 966 990 991
f 991 990 987
f 991 987 992
f 992 987 989
f 968 993 966
f 966 993 994
f 966 994 995
f 995 996 966
f 966 996 997
f 966 997 998
f 998 999 966
f 966 999 1000
f 966 1000 1001
f 1001 1002 966
f 966 1002 1003
f 966 1003 990
f 1004 1005 1006
f 1006 1005 1007
f 1008 1009 1010
f 1011 1012 1013
f 1014 1015 1016
f 1017 1018 1016
f 1016 1018 1019
f 1016 1019 1014
f 1015 1020 1016
f 1016 1020 1021
f 1016 1021 1022
f 1022 1021 1023
f 1023 1024 1022
f 1022 1024 1025
f 1022 1025 1026
f 1027 1028 1029
f 1029 1028 1030
f 1029 1030 1016
f 1016 1030 1031
f 1016 1031 1017
f 1027 1032 1033
f 1034 1035 1036
f 1036 1035 1037
f 1036 1037 1038
f 1034 1039 1035
f 1035 1039 1040
f 1035 1040 1041
f 1041 1042 1043
f 1043 1042 1044
f 1043 1044 1033
f 1033 1044 1045
f 1033 1045 1027
f 1027 1045 1046
f 1027 1046 1028
f 1026 1047 1022
f 1022 1047 1048
f 1022 1048 1049
f 1049 1048 1050
f 1049 1050 1037
f 1037 1050 1051
f 1037 1051 1038
f 1052 1053 1035
f 1041 1043 1035
f 1035 1043 1054
f 1035 1054 1052
f 1055 1056 1057
f 1057 1056 1035
f 1057 1035 1058
f 1058 1035 1053
f 1059 1013 1060
f 1060 1013 1012
f 1060 1012 1043
f 1043 1012 1061
f 1043 1061 1054
f 1055 1062 1056
f 1056 1062 1063
f 1056 1063 1064
f 1064 1063 1065
f 1064 1065 1066
f 1066 1065 1067
f 1066 1067 1068
f 1069 1070 1066
f 1068 1071 1066
f 1066 1071 1072
f 1066 1072 1069
f 1070 1073 1066
f 1066 1073 1074
f 1066 1074 1075
f 1076 1077 1078
f 1078 1077 1079
f 1079 1080 1078
f 1078 1080 1081
f 1078 1081 1082
f 1082 1081 1083
f 1082 1083 1013
f 1013 1083 1084
f 1013 1084 1011
f 1085 1016 1086
f 1086 1016 1022
f 1086 1022 1087
f 1087 1022 1088
f 1005 1004 1089
f 1089 1004 1087
f 1089 1087 1090
f 1090 1087 1088
f 1091 1092 1093
f 1078 1094 1095
f 1093 1008 1091
f 1091 1008 1010
f 1091 1010 1095
f 1095 1010 1066
f 1095 1066 1078
f 1078 1066 1075
f 1078 1075 1076
f 1096 1097 1087
f 1097 1098 1087
f 1087 1098 1099
f 1087 1099 1086
f 1100 1101 1102
f 1103 1104 1105
f 1101 1100 1106
f 1106 1100 1107
f 1106 1107 1108
f 1108 1107 1109
f 1108 1109 1110
f 1110 1109 1111
f 1110 1111 1112
f 1112 1111 1113
f 1112 1113 1114
f 1114 1113 1096
f 1114 1096 1115
f 1115 1096 1087
f 1115 1087 1116
f 1116 1087 1004
f 1116 1004 1117
f 1105 1100 1103
f 1103 1100 1102
f 1103 1102 1006
f 1006 1102 1118
f 1006 1118 1004
f 1004 1118 1119
f 1004 1119 1117
f 1120 1104 1121
f 1121 1104 1103
f 1121 1103 1007
f 1007 1103 1006
f 1122 1123 1124
f 1125 1120 1126
f 1005 1089 1007
f 1007 1089 1122
f 1007 1122 1121
f 1122 1124 1121
f 1121 1124 1127
f 1121 1127 1120
f 1120 1127 1128
f 1120 1128 1126
f 1129 1130 1126
f 1126 1130 1131
f 1126 1131 1125
f 1132 1133 1013
f 1013 1133 1134
f 1135 1078 1082
f 1135 1082 1136
f 1137 1138 1139
f 1140 1141 1142
f 1143 1144 1145
f 1145 1144 1132
f 1145 1132 1059
f 1059 1132 1013
f 1146 1147 1148
f 1149 1150 1151
f 1152 1135 1153
f 1154 1155 1156
f 1157 1158 1159
f 1160 1161 1162
f 1162 1161 1163
f 1164 1165 1094
f 1154 1156 1166
f 1155 1167 1156
f 1156 1167 1168
f 1156 1168 1153
f 1153 1168 1169
f 1153 1169 1152
f 1151 1170 1149
f 1149 1170 1162
f 1149 1162 1171
f 1171 1162 1163
f 1171 1163 1172
f 1172 1163 1173
f 1172 1173 1174
f 1174 1173 1175
f 1174 1175 1134
f 1134 1175 1136
f 1134 1136 1013
f 1013 1136 1082
f 1176 1177 1178
f 1150 1149 1179
f 1179 1149 1180
f 1179 1180 1178
f 1032 1027 1181
f 1181 1027 1180
f 1138 1182 1139
f 1139 1182 1183
f 1139 1183 1156
f 1156 1183 1184
f 1156 1184 1166
f 1159 1185 1157
f 1157 1185 1148
f 1157 1148 1186
f 1186 1148 1147
f 1186 1147 1187
f 1187 1147 1188
f 1187 1188 1189
f 1190 1191 1192
f 1192 1191 1193
f 1192 1193 1194
f 1162 1195 1160
f 1160 1195 1196
f 1160 1196 1148
f 1148 1196 1197
f 1148 1197 1198
f 1135 1152 1078
f 1078 1152 1199
f 1078 1199 1094
f 1094 1199 1200
f 1094 1200 1164
f 1201 1202 1203
f 1157 1204 1158
f 1158 1204 1205
f 1158 1205 1206
f 1206 1205 1142
f 1206 1142 1207
f 1207 1142 1141
f 1208 1209 1210
f 1159 1211 1185
f 1185 1211 1212
f 1185 1212 1139
f 1139 1212 1213
f 1139 1213 1137
f 1198 1214 1148
f 1148 1214 1215
f 1148 1215 1146
f 1216 1176 1085
f 1085 1176 1178
f 1085 1178 1016
f 1016 1178 1180
f 1016 1180 1029
f 1029 1180 1027
f 1217 1218 1181
f 1181 1218 1219
f 1181 1219 1032
f 1220 1221 1222
f 1222 1221 1194
f 1222 1194 1223
f 1223 1194 1193
f 1189 1224 1187
f 1187 1224 1225
f 1187 1225 1192
f 1192 1225 1226
f 1192 1226 1190
f 1190 1226 1227
f 1190 1227 1203
f 1203 1227 1228
f 1203 1228 1201
f 1229 1230 1231
f 1231 1230 1207
f 1231 1207 1232
f 1232 1207 1141
f 1140 1142 1233
f 1233 1142 1234
f 1233 1234 1210
f 1210 1234 1235
f 1210 1235 1208
f 1236 1093 1237
f 1237 1093 1092
f 1104 1120 1125
f 1146 1238 1147
f 1147 1238 1239
f 1147 1239 1188
f 1215 1240 1146
f 1146 1240 1241
f 1146 1241 1238
f 1105 1104 1196
f 1196 1195 1105
f 1105 1195 1162
f 1105 1162 1100
f 1100 1162 1170
f 1100 1170 1107
f 1104 1125 1196
f 1196 1125 1131
f 1196 1131 1197
f 1197 1131 1130
f 1197 1130 1198
f 1198 1130 1129
f 1198 1129 1214
f 1214 1129 1126
f 1214 1126 1215
f 1215 1126 1128
f 1215 1128 1240
f 1242 1243 1244
f 1089 1090 1245
f 1244 1122 1242
f 1242 1122 1089
f 1242 1089 1246
f 1246 1089 1245
f 1247 1248 1242
f 1242 1248 1249
f 1242 1249 1250
f 1251 1252 1246
f 1246 1252 1253
f 1246 1253 1254
f 1254 1255 1246
f 1246 1255 1256
f 1246 1256 1242
f 1242 1256 1257
f 1242 1257 1247
f 1258 1245 1090
f 1037 1035 1259
f 1260 1261 1009
f 1009 1261 1262
f 1009 1262 1010
f 1010 1262 1263
f 1259 1264 1037
f 1037 1264 1265
f 1037 1265 1049
f 1049 1265 1266
f 1049 1266 1022
f 1022 1266 1267
f 1022 1267 1088
f 1088 1267 1268
f 1088 1268 1090
f 1090 1268 1269
f 1090 1269 1258
f 1263 1270 1010
f 1010 1270 1271
f 1010 1271 1066
f 1066 1271 1272
f 1066 1272 1064
f 1064 1272 1273
f 1064 1273 1056
f 1056 1273 1274
f 1056 1274 1035
f 1035 1274 1275
f 1035 1275 1259
f 1276 1260 1009
f 1277 1278 1279
f 1009 1008 1276
f 1276 1008 1277
f 1276 1277 1280
f 1280 1277 1279
f 1281 1282 1276
f 1276 1282 1283
f 1276 1283 1284
f 1285 1286 1280
f 1280 1286 1287
f 1280 1287 1288
f 1288 1289 1280
f 1280 1289 1290
f 1280 1290 1276
f 1276 1290 1291
f 1276 1291 1281
f 1292 1293 1277
f 1294 1295 1296
f 1296 1295 1297
f 1296 1297 1298
f 1294 1292 1295
f 1295 1292 1277
f 1295 1277 1236
f 1236 1277 1008
f 1236 1008 1093
f 1297 1299 1298
f 1298 1299 1300
f 1298 1300 1301
f 1301 1300 1302
f 1124 1303 1127
f 1127 1303 1304
f 1127 1304 1128
f 1128 1304 1240
f 1303 1124 1305
f 1305 1124 1123
f 1122 1244 1306
f 1293 1307 1277
f 1277 1307 1308
f 1277 1308 1278
f 1309 1305 1123
f 1190 1203 1310
f 1233 1210 1311
f 1312 1313 1308
f 1308 1313 1314
f 1308 1314 1278
f 1123 1122 1309
f 1309 1122 1306
f 1309 1306 1310
f 1310 1306 1315
f 1310 1315 1190
f 1190 1315 1316
f 1190 1316 1191
f 1191 1316 1317
f 1191 1317 1193
f 1223 1193 1318
f 1318 1193 1317
f 1318 1317 1319
f 1319 1317 1320
f 1319 1320 1311
f 1311 1320 1321
f 1311 1321 1233
f 1233 1321 1322
f 1233 1322 1140
f 1140 1322 1313
f 1140 1313 1141
f 1141 1313 1312
f 1141 1312 1232
f 1310 1203 1202
f 1310 1202 1323
f 1323 1202 1201
f 1323 1201 1324
f 1324 1201 1228
f 1324 1228 1325
f 1325 1228 1227
f 1325 1227 1326
f 1227 1226 1326
f 1326 1226 1327
f 1188 1239 1189
f 1189 1239 1328
f 1189 1328 1224
f 1224 1328 1329
f 1224 1329 1225
f 1225 1329 1330
f 1225 1330 1226
f 1226 1330 1327
f 1331 1296 1298
f 1166 1332 1154
f 1154 1332 1333
f 1154 1333 1155
f 1184 1334 1166
f 1166 1334 1335
f 1166 1335 1332
f 1336 1331 1137
f 1137 1213 1336
f 1336 1213 1212
f 1336 1212 1337
f 1337 1212 1211
f 1337 1211 1338
f 1331 1298 1137
f 1137 1298 1301
f 1137 1301 1138
f 1138 1301 1302
f 1138 1302 1182
f 1182 1302 1300
f 1182 1300 1183
f 1183 1300 1299
f 1183 1299 1184
f 1184 1299 1297
f 1184 1297 1334
f 1236 1237 1295
f 1295 1237 1339
f 1295 1339 1297
f 1297 1339 1334
f 1309 1310 1323
f 1241 1240 1304
f 1323 1324 1309
f 1309 1324 1325
f 1309 1325 1305
f 1305 1325 1326
f 1305 1326 1303
f 1326 1327 1303
f 1303 1327 1330
f 1303 1330 1329
f 1241 1304 1238
f 1238 1304 1303
f 1238 1303 1239
f 1239 1303 1329
f 1239 1329 1328
f 1340 1246 1245
f 1341 1261 1260
f 1260 1276 1342
f 1343 1268 1267
f 1344 1345 1342
f 1264 1259 1346
f 1258 1347 1245
f 1245 1347 1348
f 1245 1348 1340
f 1349 1350 1351
f 1342 1345 1260
f 1260 1345 1352
f 1260 1352 1341
f 1270 1263 1353
f 1342 1349 1344
f 1344 1349 1351
f 1344 1351 1354
f 1354 1351 1355
f 1354 1355 1356
f 1356 1355 1357
f 1358 1359 1360
f 1360 1359 1361
f 1270 1353 1271
f 1271 1353 1362
f 1271 1362 1272
f 1272 1362 1363
f 1272 1363 1273
f 1348 1364 1340
f 1340 1364 1360
f 1340 1360 1365
f 1365 1360 1361
f 1360 1366 1358
f 1358 1366 1367
f 1358 1367 1368
f 1368 1367 1369
f 1368 1369 1370
f 1370 1369 1371
f 1264 1346 1372
f 1372 1346 1373
f 1372 1373 1374
f 1343 1267 1375
f 1375 1267 1266
f 1375 1266 1372
f 1372 1266 1265
f 1372 1265 1264
f 1355 1376 1357
f 1357 1376 1377
f 1357 1377 1363
f 1363 1377 1378
f 1369 1372 1371
f 1371 1372 1374
f 1371 1374 1379
f 1379 1374 1380
f 1379 1380 1381
f 1381 1380 1382
f 1381 1382 1383
f 1383 1382 1384
f 1383 1384 1385
f 1385 1384 1386
f 1385 1386 1378
f 1378 1386 1387
f 1378 1387 1363
f 1363 1387 1388
f 1363 1388 1273
f 1273 1388 1389
f 1273 1389 1274
f 1306 1244 1243
f 1390 1279 1278
f 1243 1391 1306
f 1306 1391 1392
f 1306 1392 1315
f 1315 1392 1393
f 1315 1393 1316
f 1316 1393 1394
f 1316 1394 1317
f 1317 1394 1395
f 1317 1395 1320
f 1320 1395 1396
f 1320 1396 1321
f 1321 1396 1397
f 1321 1397 1322
f 1322 1397 1398
f 1322 1398 1313
f 1313 1398 1390
f 1313 1390 1314
f 1314 1390 1278
f 1399 1280 1279
f 1243 1242 1400
f 1401 1402 1403
f 1391 1404 1392
f 1392 1404 1405
f 1392 1405 1393
f 1393 1405 1406
f 1393 1406 1394
f 1394 1406 1407
f 1394 1407 1395
f 1390 1408 1279
f 1279 1408 1409
f 1407 1410 1395
f 1395 1410 1411
f 1395 1411 1396
f 1396 1411 1412
f 1396 1412 1397
f 1397 1412 1413
f 1397 1413 1398
f 1398 1413 1414
f 1398 1414 1390
f 1390 1414 1415
f 1390 1415 1408
f 1409 1416 1279
f 1279 1416 1417
f 1279 1417 1399
f 1400 1401 1243
f 1243 1401 1403
f 1243 1403 1391
f 1391 1403 1418
f 1391 1418 1404
f 1419 1400 1242
f 1419 1242 1420
f 1421 1422 1250
f 1250 1422 1423
f 1250 1423 1242
f 1242 1423 1424
f 1242 1424 1420
f 1340 1425 1246
f 1246 1425 1426
f 1426 1427 1246
f 1246 1427 1428
f 1246 1428 1251
f 1251 1428 1429
f 1251 1429 1430
f 1431 1342 1276
f 1431 1276 1432
f 1433 1434 1284
f 1284 1434 1435
f 1284 1435 1276
f 1276 1435 1436
f 1276 1436 1432
f 1399 1437 1280
f 1280 1437 1438
f 1438 1439 1280
f 1280 1439 1440
f 1280 1440 1285
f 1285 1440 1441
f 1285 1441 1442
f 1443 1307 1292
f 1292 1307 1293
f 1296 1331 1294
f 1294 1331 1444
f 1294 1444 1292
f 1292 1444 1443
f 1361 1359 1445
f 1361 1446 1365
f 1365 1446 1447
f 1447 1446 1448
f 1448 1446 1449
f 1448 1449 1450
f 1450 1449 1451
f 1451 1449 1452
f 1451 1452 1453
f 1453 1452 1454
f 1453 1454 1455
f 1361 1445 1446
f 1446 1445 1456
f 1446 1456 1449
f 1449 1456 1457
f 1449 1457 1452
f 1452 1457 1458
f 1452 1458 1454
f 1459 1460 1461
f 1461 1462 1459
f 1459 1462 1463
f 1459 1463 1464
f 1464 1463 1465
f 1464 1465 1466
f 1465 1467 1466
f 1466 1467 1468
f 1466 1468 1469
f 1468 1470 1469
f 1469 1470 1471
f 1469 1471 1472
f 1472 1471 1473
f 1472 1473 1474
f 1473 1475 1474
f 1474 1475 1476
f 1474 1476 1477
f 1476 1478 1477
f 1477 1478 1479
f 1477 1479 1480
f 1480 1479 1481
f 1480 1481 1482
f 1481 1483 1482
f 1482 1483 1484
f 1482 1484 1485
f 1484 1486 1485
f 1485 1486 1487
f 1485 1487 1488
f 1488 1487 1489
f 1488 1489 1490
f 1458 1457 1491
f 1491 1457 1490
f 1491 1490 1492
f 1492 1490 1489
f 1457 1456 1490
f 1490 1456 1493
f 1490 1493 1488
f 1488 1493 1494
f 1488 1494 1485
f 1485 1494 1495
f 1485 1495 1482
f 1482 1495 1496
f 1482 1496 1480
f 1480 1496 1497
f 1480 1497 1477
f 1477 1497 1498
f 1477 1498 1474
f 1474 1498 1499
f 1474 1499 1472
f 1472 1499 1500
f 1472 1500 1469
f 1469 1500 1501
f 1469 1501 1466
f 1466 1501 1502
f 1466 1502 1464
f 1464 1502 1503
f 1464 1503 1459
f 1459 1503 1504
f 1459 1504 1460
f 1460 1504 1505
f 1456 1445 1493
f 1493 1445 1506
f 1493 1506 1494
f 1494 1506 1507
f 1494 1507 1495
f 1495 1507 1508
f 1495 1508 1496
f 1496 1508 1509
f 1496 1509 1497
f 1497 1509 1510
f 1497 1510 1498
f 1498 1510 1511
f 1498 1511 1499
f 1499 1511 1512
f 1499 1512 1500
f 1500 1512 1513
f 1500 1513 1501
f 1501 1513 1514
f 1501 1514 1502
f 1502 1514 1515
f 1502 1515 1503
f 1503 1515 1516
f 1503 1516 1504
f 1504 1516 1517
f 1504 1517 1505
f 1505 1517 1518
f 1445 1359 1506
f 1506 1359 1358
f 1506 1358 1507
f 1507 1358 1368
f 1507 1368 1508
f 1508 1368 1370
f 1508 1370 1509
f 1509 1370 1371
f 1509 1371 1510
f 1510 1371 1379
f 1510 1379 1511
f 1511 1379 1381
f 1511 1381 1512
f 1512 1381 1383
f 1512 1383 1513
f 1513 1383 1385
f 1513 1385 1514
f 1514 1385 1378
f 1514 1378 1515
f 1515 1378 1377
f 1515 1377 1516
f 1516 1377 1376
f 1516 1376 1517
f 1517 1376 1355
f 1517 1355 1518
f 1518 1355 1351
f 1519 1520 1521
f 1351 1350 1522
f 1351 1522 1518
f 1518 1522 1523
f 1518 1523 1505
f 1524 1523 1525
f 1525 1523 1522
f 1525 1522 1526
f 1526 1522 1350
f 1526 1350 1349
f 1524 1519 1523
f 1523 1519 1521
f 1523 1521 1505
f 1505 1521 1460
f 1520 1527 1521
f 1521 1527 1528
f 1521 1528 1460
f 1460 1528 1461
f 1435 1527 1436
f 1436 1527 1520
f 1436 1520 1432
f 1520 1519 1432
f 1432 1519 1524
f 1432 1524 1431
f 1349 1342 1526
f 1526 1342 1431
f 1526 1431 1525
f 1525 1431 1524
f 1425 1340 1365
f 1365 1447 1425
f 1425 1447 1448
f 1425 1448 1426
f 1455 1428 1453
f 1453 1428 1427
f 1453 1427 1451
f 1451 1427 1426
f 1451 1426 1450
f 1450 1426 1448
f 1529 1530 1531
f 1532 1529 1533
f 1529 1531 1533
f 1533 1531 1534
f 1533 1534 1535
f 1532 1533 1536
f 1536 1533 1535
f 1536 1535 1537
f 1537 1535 1538
f 1537 1538 1539
f 1540 1538 1541
f 1541 1538 1535
f 1541 1535 1542
f 1542 1535 1534
f 1540 1417 1538
f 1538 1417 1416
f 1538 1416 1539
f 1539 1416 1409
f 1543 1544 1545
f 1546 1547 1548
f 1549 1550 1551
f 1552 1553 1554
f 1418 1403 1555
f 1404 1418 1556
f 1405 1404 1557
f 1406 1405 1558
f 1407 1406 1559
f 1410 1407 1560
f 1411 1410 1561
f 1412 1411 1562
f 1413 1412 1563
f 1414 1413 1564
f 1415 1414 1565
f 1408 1415 1566
f 1409 1408 1567
f 1409 1567 1539
f 1539 1567 1568
f 1539 1568 1537
f 1537 1568 1554
f 1537 1554 1536
f 1536 1554 1553
f 1536 1553 1532
f 1408 1566 1567
f 1567 1566 1569
f 1567 1569 1568
f 1568 1569 1570
f 1568 1570 1554
f 1554 1570 1571
f 1554 1571 1552
f 1572 1573 1574
f 1415 1565 1566
f 1566 1565 1575
f 1566 1575 1569
f 1569 1575 1572
f 1569 1572 1570
f 1570 1572 1574
f 1570 1574 1571
f 1414 1564 1565
f 1565 1564 1576
f 1565 1576 1575
f 1575 1576 1551
f 1575 1551 1572
f 1572 1551 1550
f 1572 1550 1573
f 1413 1563 1564
f 1564 1563 1577
f 1564 1577 1576
f 1576 1577 1578
f 1576 1578 1551
f 1551 1578 1579
f 1551 1579 1549
f 1580 1581 1582
f 1412 1562 1563
f 1563 1562 1583
f 1563 1583 1577
f 1577 1583 1580
f 1577 1580 1578
f 1578 1580 1582
f 1578 1582 1579
f 1411 1561 1562
f 1562 1561 1584
f 1562 1584 1583
f 1583 1584 1548
f 1583 1548 1580
f 1580 1548 1547
f 1580 1547 1581
f 1410 1560 1561
f 1561 1560 1585
f 1561 1585 1584
f 1584 1585 1586
f 1584 1586 1548
f 1548 1586 1587
f 1548 1587 1546
f 1588 1589 1590
f 1407 1559 1560
f 1560 1559 1591
f 1560 1591 1585
f 1585 1591 1588
f 1585 1588 1586
f 1586 1588 1590
f 1586 1590 1587
f 1406 1558 1559
f 1559 1558 1592
f 1559 1592 1591
f 1591 1592 1545
f 1591 1545 1588
f 1588 1545 1544
f 1588 1544 1589
f 1405 1557 1558
f 1558 1557 1593
f 1558 1593 1592
f 1592 1593 1594
f 1592 1594 1545
f 1545 1594 1595
f 1545 1595 1543
f 1596 1597 1598
f 1404 1556 1557
f 1557 1556 1599
f 1557 1599 1593
f 1593 1599 1596
f 1593 1596 1594
f 1594 1596 1598
f 1594 1598 1595
f 1418 1555 1556
f 1556 1555 1600
f 1556 1600 1599
f 1599 1600 1601
f 1599 1601 1596
f 1596 1601 1602
f 1596 1602 1597
f 1603 1602 1601
f 1603 1604 1605
f 1605 1604 1606
f 1606 1604 1607
f 1607 1604 1608
f 1607 1608 1609
f 1609 1608 1610
f 1610 1608 1611
f 1610 1611 1612
f 1612 1611 1402
f 1612 1402 1401
f 1603 1601 1604
f 1604 1601 1600
f 1604 1600 1608
f 1608 1600 1555
f 1608 1555 1611
f 1611 1555 1403
f 1611 1403 1402
f 1423 1605 1424
f 1424 1605 1606
f 1424 1606 1420
f 1606 1607 1420
f 1420 1607 1609
f 1420 1609 1419
f 1401 1400 1612
f 1612 1400 1419
f 1612 1419 1610
f 1610 1419 1609
f 1437 1399 1417
f 1417 1540 1437
f 1437 1540 1541
f 1437 1541 1438
f 1530 1440 1531
f 1531 1440 1439
f 1531 1439 1534
f 1534 1439 1438
f 1534 1438 1542
f 1542 1438 1541
f 1423 1422 1605
f 1605 1422 1613
f 1455 1614 1428
f 1428 1614 1429
f 1435 1434 1527
f 1527 1434 1615
f 1530 1616 1440
f 1440 1616 1441
f 1614 1455 1617
f 1617 1455 1454
f 1617 1454 1618
f 1618 1454 1458
f 1458 1491 1618
f 1618 1491 1619
f 1487 1620 1489
f 1489 1620 1619
f 1489 1619 1492
f 1492 1619 1491
f 1487 1486 1620
f 1620 1486 1484
f 1620 1484 1621
f 1479 1622 1481
f 1481 1622 1621
f 1481 1621 1483
f 1483 1621 1484
f 1479 1478 1622
f 1622 1478 1476
f 1622 1476 1623
f 1471 1624 1473
f 1473 1624 1623
f 1473 1623 1475
f 1475 1623 1476
f 1471 1470 1624
f 1624 1470 1468
f 1624 1468 1625
f 1468 1467 1625
f 1625 1467 1465
f 1625 1465 1626
f 1461 1627 1462
f 1462 1627 1626
f 1462 1626 1463
f 1463 1626 1465
f 1627 1461 1628
f 1628 1461 1528
f 1628 1528 1615
f 1615 1528 1527
f 1616 1530 1629
f 1629 1530 1529
f 1629 1529 1630
f 1630 1529 1532
f 1532 1553 1630
f 1630 1553 1631
f 1574 1632 1571
f 1571 1632 1631
f 1571 1631 1552
f 1552 1631 1553
f 1574 1573 1632
f 1632 1573 1550
f 1632 1550 1633
f 1582 1634 1579
f 1579 1634 1633
f 1579 1633 1549
f 1549 1633 1550
f 1582 1581 1634
f 1634 1581 1547
f 1634 1547 1635
f 1590 1636 1587
f 1587 1636 1635
f 1587 1635 1546
f 1546 1635 1547
f 1590 1589 1636
f 1636 1589 1544
f 1636 1544 1637
f 1544 1543 1637
f 1637 1543 1595
f 1637 1595 1638
f 1602 1639 1597
f 1597 1639 1638
f 1597 1638 1598
f 1598 1638 1595
f 1639 1602 1640
f 1640 1602 1603
f 1640 1603 1613
f 1613 1603 1605
f 1641 1642 1643
f 1644 1645 1646
f 1646 1647 1644
f 1644 1647 1648
f 1644 1648 1649
f 1649 1648 1650
f 1649 1650 1651
f 1652 1653 1654
f 1654 1653 1655
f 1654 1655 1645
f 1645 1655 1656
f 1645 1656 1646
f 1652 1654 1657
f 1657 1654 1658
f 1657 1658 1659
f 1660 1661 1658
f 1658 1661 1662
f 1658 1662 1659
f 1642 1663 1643
f 1643 1663 1664
f 1643 1664 1660
f 1660 1664 1665
f 1660 1665 1661
f 1641 1643 1666
f 1666 1643 1667
f 1666 1667 1668
f 1669 1670 1671
f 1671 1670 1672
f 1669 1673 1670
f 1670 1673 1674
f 1670 1674 1667
f 1667 1674 1675
f 1667 1675 1668
f 1676 1677 1678
f 1678 1677 1679
f 1670 1680 1672
f 1672 1680 1681
f 1672 1681 1679
f 1679 1681 1682
f 1679 1682 1678
f 1683 1649 1651
f 1684 1685 1686
f 1686 1687 1684
f 1684 1687 1688
f 1684 1688 1651
f 1651 1688 1689
f 1651 1689 1683
f 1690 1691 1692
f 1692 1691 1693
f 1690 1694 1691
f 1691 1694 1695
f 1691 1695 1696
f 1696 1695 1697
f 1693 1691 1698
f 1698 1691 1699
f 1698 1699 1700
f 1701 1702 1703
f 1703 1702 1704
f 1703 1704 1699
f 1699 1704 1705
f 1699 1705 1700
f 1701 1703 1706
f 1706 1703 1707
f 1706 1707 1708
f 1709 1710 1711
f 1711 1710 1712
f 1711 1712 1707
f 1707 1712 1713
f 1707 1713 1708
f 1714 1715 1716
f 1717 1718 1716
f 1716 1718 1719
f 1716 1719 1714
f 1715 1720 1716
f 1716 1720 1721
f 1716 1721 1711
f 1711 1721 1722
f 1711 1722 1709
f 1669 1671 1723
f 1671 1672 1723
f 1723 1672 1679
f 1723 1679 1724
f 1679 1677 1724
f 1724 1677 1725
f 1724 1725 1726
f 1726 1725 1727
f 1726 1727 1728
f 1728 1727 1729
f 1728 1729 1730
f 1730 1729 1731
f 1730 1731 1732
f 1732 1731 1733
f 1732 1733 1734
f 1734 1733 1735
f 1734 1735 1736
f 1736 1735 1737
f 1736 1737 1738
f 1738 1737 1739
f 1738 1739 1740
f 1740 1739 1741
f 1740 1741 1742
f 1742 1741 1743
f 1742 1743 1744
f 1744 1743 1745
f 1744 1745 1746
f 1746 1745 1747
f 1746 1747 1717
f 1717 1747 1748
f 1717 1748 1718
f 1749 1666 1668
f 1668 1675 1749
f 1749 1675 1674
f 1749 1674 1723
f 1723 1674 1673
f 1723 1673 1669
f 1750 1665 1664
f 1664 1663 1750
f 1750 1663 1642
f 1750 1642 1749
f 1749 1642 1641
f 1749 1641 1666
f 1653 1652 1751
f 1751 1652 1657
f 1657 1659 1751
f 1751 1659 1662
f 1751 1662 1750
f 1750 1662 1661
f 1750 1661 1665
f 1647 1646 1752
f 1752 1646 1656
f 1752 1656 1751
f 1751 1656 1655
f 1751 1655 1653
f 1684 1753 1685
f 1685 1753 1754
f 1684 1651 1753
f 1753 1651 1650
f 1753 1650 1752
f 1752 1650 1648
f 1752 1648 1647
f 1697 1755 1696
f 1696 1755 1756
f 1696 1756 1757
f 1757 1756 1758
f 1757 1758 1759
f 1759 1758 1760
f 1759 1760 1761
f 1761 1760 1762
f 1761 1762 1763
f 1763 1762 1764
f 1763 1764 1765
f 1765 1764 1766
f 1765 1766 1767
f 1767 1766 1768
f 1767 1768 1769
f 1769 1768 1770
f 1769 1770 1771
f 1771 1770 1772
f 1771 1772 1773
f 1773 1772 1774
f 1773 1774 1775
f 1775 1774 1776
f 1775 1776 1777
f 1777 1776 1778
f 1777 1778 1754
f 1754 1778 1779
f 1754 1779 1685
f 1755 1697 1780
f 1780 1697 1695
f 1780 1695 1781
f 1781 1695 1694
f 1781 1694 1782
f 1782 1694 1690
f 1782 1690 1783
f 1783 1690 1692
f 1783 1692 1784
f 1784 1692 1785
f 1708 1713 1786
f 1787 1722 1788
f 1788 1722 1721
f 1788 1721 1720
f 1786 1713 1789
f 1713 1712 1789
f 1789 1712 1710
f 1789 1710 1787
f 1787 1710 1709
f 1787 1709 1722
f 1708 1786 1706
f 1706 1786 1790
f 1706 1790 1701
f 1701 1790 1791
f 1701 1791 1702
f 1702 1791 1704
f 1704 1791 1792
f 1704 1792 1705
f 1705 1792 1700
f 1700 1792 1793
f 1700 1793 1698
f 1698 1793 1693
f 1693 1793 1785
f 1693 1785 1692
f 1715 1714 1794
f 1794 1714 1795
f 1795 1714 1796
f 1796 1714 1719
f 1796 1719 1718
f 1797 1788 1720
f 1715 1794 1720
f 1720 1794 1798
f 1720 1798 1797
f 1799 1800 1801
f 1801 1800 1802
f 1801 1802 1803
f 1804 1805 1806
f 1807 1808 1809
f 1810 1811 1812
f 1812 1811 1813
f 1812 1813 1814
f 1815 1816 1817
f 1817 1816 1818
f 1817 1818 1819
f 1820 1821 1822
f 1804 1823 1805
f 1805 1823 1824
f 1805 1824 1825
f 1825 1824 1826
f 1825 1826 1827
f 1827 1826 1828
f 1829 1830 1831
f 1832 1833 1834
f 1834 1833 1827
f 1834 1827 1835
f 1835 1827 1828
f 1836 1837 1838
f 1838 1837 1839
f 1838 1839 1840
f 1840 1839 1841
f 1840 1841 1842
f 1842 1841 1843
f 1842 1843 1844
f 1844 1843 1845
f 1844 1845 1846
f 1846 1845 1804
f 1846 1804 1847
f 1847 1804 1806
f 1847 1806 1848
f 1806 1849 1848
f 1848 1849 1850
f 1848 1850 1851
f 1851 1850 1852
f 1851 1852 1853
f 1853 1852 1854
f 1853 1854 1855
f 1855 1854 1856
f 1855 1856 1857
f 1857 1856 1858
f 1857 1858 1859
f 1859 1858 1860
f 1859 1860 1861
f 1861 1860 1862
f 1861 1862 1863
f 1863 1862 1864
f 1863 1864 1865
f 1865 1864 1866
f 1867 1868 1869
f 1869 1868 1870
f 1869 1870 1871
f 1871 1870 1872
f 1873 1874 1867
f 1867 1874 1875
f 1867 1875 1868
f 1831 1807 1829
f 1829 1807 1809
f 1829 1809 1799
f 1799 1809 1876
f 1799 1876 1800
f 1818 1812 1819
f 1819 1812 1814
f 1819 1814 1877
f 1877 1814 1878
f 1877 1878 1879
f 1879 1878 1880
f 1879 1880 1836
f 1836 1880 1881
f 1836 1881 1837
f 1882 1883 1884
f 1885 1886 1887
f 1887 1886 1871
f 1887 1871 1888
f 1888 1871 1872
f 1889 1890 1891
f 1891 1890 1892
f 1891 1892 1893
f 1893 1892 1894
f 1893 1894 1895
f 1895 1894 1896
f 1895 1896 1897
f 1897 1896 1898
f 1897 1898 1899
f 1899 1898 1900
f 1899 1900 1901
f 1901 1900 1902
f 1901 1902 1815
f 1815 1902 1903
f 1815 1903 1816
f 1884 1820 1882
f 1882 1820 1822
f 1882 1822 1810
f 1810 1822 1904
f 1810 1904 1811
f 1905 1906 1907
f 1907 1906 1908
f 1907 1908 1909
f 1909 1908 1910
f 1909 1910 1911
f 1911 1910 1912
f 1911 1912 1913
f 1913 1912 1914
f 1913 1914 1915
f 1915 1914 1874
f 1915 1874 1889
f 1889 1874 1873
f 1889 1873 1890
f 1866 1801 1865
f 1865 1801 1803
f 1865 1803 1916
f 1916 1803 1917
f 1916 1917 1918
f 1918 1917 1919
f 1918 1919 1905
f 1905 1919 1920
f 1905 1920 1906
f 1155 1921 1922
f 1155 1922 1923
f 1923 1922 1924
f 1923 1924 1925
f 1925 1924 1926
f 1925 1926 1166
f 1166 1926 1927
f 1166 1927 1928
f 1928 1927 1929
f 1928 1929 1930
f 1930 1929 1931
f 1930 1931 1183
f 1183 1931 1932
f 1183 1932 1933
f 1933 1932 1934
f 1933 1934 1935
f 1935 1934 1936
f 1935 1936 1138
f 1138 1936 1937
f 1138 1937 1938
f 1938 1937 1939
f 1938 1939 1940
f 1940 1939 1941
f 1940 1941 1213
f 1213 1941 1942
f 1213 1942 1943
f 1943 1942 1944
f 1943 1944 1945
f 1945 1944 1946
f 1945 1946 1211
f 1188 1947 1948
f 1188 1948 1949
f 1949 1948 1950
f 1949 1950 1951
f 1951 1950 1952
f 1951 1952 1146
f 1146 1952 1953
f 1146 1953 1954
f 1954 1953 1955
f 1954 1955 1956
f 1956 1955 1957
f 1956 1957 1214
f 1214 1957 1958
f 1214 1958 1959
f 1959 1958 1960
f 1959 1960 1961
f 1961 1960 1962
f 1961 1962 1197
f 1197 1962 1963
f 1197 1963 1964
f 1964 1963 1965
f 1964 1965 1966
f 1966 1965 1967
f 1966 1967 1195
f 1195 1967 1968
f 1195 1968 1969
f 1969 1968 1970
f 1969 1970 1971
f 1971 1970 1972
f 1971 1972 1170

