mtllib material.mtl
usemtl mtl_left_hip_xy_motor_r
v -0.00845144 0.00309406 -0.07311356
v -0.00822187 0.00366072 -0.07309306
v -0.00822191 0.00366063 -0.09918860
v -0.00778065 0.00452344 -0.07305383
v -0.00728109 0.00529015 -0.07301007
v -0.00728116 0.00529006 -0.09918860
v 0.00583907 0.00684874 -0.07228768
v 0.00602217 0.00668831 -0.07228254
v 0.00602217 0.00668831 -0.09918860
v 0.00683402 0.00585630 -0.07226063
v 0.00728115 0.00529008 -0.07224911
v 0.00728115 0.00529007 -0.09918860
v 0.00844723 -0.00310554 -0.07221533
v 0.00822191 -0.00366063 -0.07221983
v 0.00822191 -0.00366063 -0.09918860
v 0.00454614 -0.00776740 -0.07231050
v 0.00450000 -0.00779423 -0.07231187
v 0.00450000 -0.00779423 -0.09918860
v -0.00885774 -0.00159386 -0.07314190
v -0.00895609 -0.00088793 -0.07315308
v -0.00880333 -0.00187121 -0.09918860
v -0.00900000 -0.00000000 -0.09918860
v -0.00831249 -0.00345000 -0.07308573
v -0.00844021 -0.00312456 -0.07309848
v -0.00822191 -0.00366063 -0.09918860
v -0.00861208 -0.00261383 -0.07311596
v -0.00880332 -0.00187126 -0.07313601
v -0.00728109 -0.00529015 -0.07298776
v -0.00748297 -0.00500052 -0.07300632
v -0.00728115 -0.00529007 -0.09918860
v -0.00776188 -0.00455557 -0.07303242
v -0.00822187 -0.00366073 -0.07307677
v -0.00683754 -0.00585219 -0.07294795
v -0.00602217 -0.00668831 -0.09918860
v -0.00636110 -0.00636682 -0.07290660
v -0.00455044 -0.00776489 -0.07276231
v -0.00570996 -0.00695675 -0.07285239
v -0.00450000 -0.00779423 -0.09918860
v -0.00584739 -0.00684164 -0.07286362
v -0.00602216 -0.00668833 -0.07287806
v -0.00278119 -0.00855950 -0.07264040
v -0.00311981 -0.00844196 -0.07266231
v -0.00278115 -0.00855951 -0.09918860
v -0.00424071 -0.00793829 -0.07273962
v -0.00450000 -0.00779423 -0.07275857
v -0.00261752 -0.00861096 -0.07263006
v -0.00094075 -0.00895070 -0.09918860
v -0.00158145 -0.00885996 -0.07256808
v -0.00000566 -0.00900000 -0.07248510
v 0.00094076 -0.00895070 -0.09918860
v 0.00087629 -0.00895724 -0.07244421
v 0.00094069 -0.00895070 -0.07244138
v -0.00088413 -0.00895647 -0.07252973
v -0.00094083 -0.00895069 -0.07253275
v 0.00157168 -0.00886170 -0.07241459
v 0.00278116 -0.00855951 -0.09918860
v 0.00175374 -0.00882748 -0.07240719
v 0.00343697 -0.00831789 -0.07234541
v 0.00310015 -0.00844921 -0.07235687
v 0.00278112 -0.00855952 -0.07236813
v 0.00499718 -0.00748520 -0.07229745
v 0.00602218 -0.00668830 -0.09918860
v 0.00583616 -0.00685123 -0.07227477
v 0.00695598 -0.00571090 -0.07224735
v 0.00684622 -0.00584203 -0.07224990
v 0.00728116 -0.00529006 -0.09918860
v 0.00636044 -0.00636748 -0.07226155
v 0.00602217 -0.00668831 -0.07227000
v 0.00793429 -0.00424818 -0.07222576
v 0.00776447 -0.00455115 -0.07222936
v 0.00728115 -0.00529008 -0.07223994
v 0.00861175 -0.00261490 -0.07221216
v 0.00880333 -0.00187120 -0.09918860
v 0.00880333 -0.00187120 -0.07220864
v 0.00900000 0.00000000 -0.09918860
v 0.00900000 0.00000313 -0.07220592
v 0.00895646 -0.00088421 -0.07220615
v 0.00885985 -0.00158209 -0.07220766
v 0.00895584 0.00089049 -0.07220755
v 0.00880333 0.00187121 -0.09918860
v 0.00885725 0.00159659 -0.07221021
v 0.00831215 0.00345082 -0.07222362
v 0.00844012 0.00312481 -0.07222051
v 0.00822191 0.00366063 -0.09918860
v 0.00860996 0.00262079 -0.07221637
v 0.00880333 0.00187121 -0.07221159
v 0.00747701 0.00500943 -0.07224416
v 0.00775397 0.00456902 -0.07223727
v 0.00822190 0.00366064 -0.07222581
v 0.00635602 0.00637190 -0.07227336
v 0.00423471 0.00794149 -0.07233652
v 0.00449999 0.00779423 -0.07232793
v 0.00450000 0.00779423 -0.09918860
v 0.00454855 0.00776600 -0.07232638
v 0.00569930 0.00696548 -0.07229166
v 0.00310415 0.00844774 -0.07237573
v 0.00278115 0.00855951 -0.09918860
v 0.00278111 0.00855952 -0.07238776
v 0.00087020 0.00895783 -0.07246760
v 0.00094068 0.00895070 -0.07246438
v 0.00094075 0.00895070 -0.09918860
v 0.00157676 0.00886080 -0.07243627
v 0.00260163 0.00861577 -0.07239462
v -0.00155556 0.00886455 -0.07259317
v -0.00089004 0.00895588 -0.07255580
v -0.00094076 0.00895070 -0.09918860
v -0.00001225 0.00899999 -0.07250994
v -0.00176317 0.00882560 -0.07260530
v -0.00278116 0.00855951 -0.09918860
v -0.00278119 0.00855950 -0.07266803
v -0.00500658 0.00747891 -0.07282437
v -0.00452686 0.00777866 -0.07278845
v -0.00450000 0.00779423 -0.09918860
v -0.00345099 0.00831208 -0.07271232
v -0.00309450 0.00845128 -0.07268845
v -0.00686602 0.00581874 -0.07297442
v -0.00636530 0.00636262 -0.07293240
v -0.00602218 0.00668830 -0.09918860
v -0.00602215 0.00668833 -0.07290426
v -0.00582537 0.00686040 -0.07288838
v -0.00695866 0.00570763 -0.07298232
v -0.00793819 0.00424088 -0.07306779
v -0.00900000 -0.00000366 -0.07315941
v -0.00880333 0.00187120 -0.09918860
v -0.00895669 0.00088190 -0.07315724
v -0.00886249 0.00156728 -0.07314966
v -0.00880332 0.00187125 -0.07314461
v -0.00861384 0.00260800 -0.07312801
v -0.00684703 -0.00145538 -0.10118860
v -0.00639482 -0.00284716 -0.10118860
v -0.00566312 -0.00411450 -0.10118860
v -0.00468391 -0.00520202 -0.10118860
v -0.00350000 -0.00606218 -0.10118860
v -0.00216312 -0.00665740 -0.10118860
v -0.00073170 -0.00696165 -0.10118860
v 0.00073170 -0.00696165 -0.10118860
v 0.00216312 -0.00665739 -0.10118860
v 0.00350000 -0.00606218 -0.10118860
v 0.00468392 -0.00520201 -0.10118860
v 0.00566312 -0.00411449 -0.10118860
v 0.00639482 -0.00284715 -0.10118860
v 0.00684703 -0.00145538 -0.10118860
v 0.00700000 0.00000000 -0.10118860
v 0.00684703 0.00145538 -0.10118860
v 0.00639482 0.00284716 -0.10118860
v 0.00566312 0.00411450 -0.10118860
v 0.00468391 0.00520202 -0.10118860
v 0.00350000 0.00606218 -0.10118860
v 0.00216312 0.00665740 -0.10118860
v 0.00073170 0.00696165 -0.10118860
v -0.00073170 0.00696165 -0.10118860
v -0.00216312 0.00665739 -0.10118860
v -0.00350000 0.00606218 -0.10118860
v -0.00468392 0.00520201 -0.10118860
v -0.00566312 0.00411449 -0.10118860
v -0.00639482 0.00284715 -0.10118860
v -0.00684703 0.00145538 -0.10118860
v -0.00700000 -0.00000000 -0.10118860
v 0.00877751 -0.00637181 -0.07024568
v 0.00968191 -0.00489130 -0.07022948
v 0.01001667 -0.00416386 -0.07022382
v 0.01034161 -0.00327557 -0.07021853
v 0.01063739 -0.00212847 -0.07021401
v 0.00647454 -0.00869977 -0.07029276
v 0.00764509 -0.00769252 -0.07026773
v 0.00499891 -0.00962353 -0.07032808
v 0.00167908 -0.01071894 -0.07042651
v 0.00205083 -0.01065294 -0.07041399
v 0.00337768 -0.01030640 -0.07037253
v 0.00409492 -0.01004211 -0.07035208
v -0.00334250 -0.01035651 -0.07064032
v -0.00221337 -0.01064423 -0.07058445
v -0.00161406 -0.01074655 -0.07055672
v -0.00647663 -0.00879537 -0.07082126
v -0.00496537 -0.00970489 -0.07072917
v -0.00780422 -0.00767291 -0.07090978
v -0.00885244 -0.00646759 -0.07098486
v -0.01017386 -0.00415518 -0.07108672
v -0.01045624 -0.00340178 -0.07110979
v -0.01079795 -0.00211561 -0.07113881
v -0.00977615 -0.00500194 -0.07105511
v -0.00008600 -0.01085683 -0.07049179
v -0.00895641 0.00633460 -0.07101439
v -0.00985830 0.00485085 -0.07107898
v -0.01017757 0.00415558 -0.07110215
v -0.01051480 0.00323013 -0.07112660
v -0.01079985 0.00211588 -0.07114691
v -0.00183800 0.01071632 -0.07059307
v -0.00222311 0.01064650 -0.07061139
v -0.00355514 0.01029271 -0.07067872
v -0.00427299 0.01002502 -0.07071759
v -0.00516529 0.00960875 -0.07076844
v -0.00616201 0.00901927 -0.07082853
v -0.00666089 0.00866701 -0.07085988
v -0.00781218 0.00767253 -0.07093537
v 0.00319316 0.01036744 -0.07039768
v 0.00204125 0.01065727 -0.07043573
v 0.00149210 0.01074984 -0.07045517
v 0.00481606 0.00971800 -0.07034976
v 0.00630837 0.00882215 -0.07031082
v 0.00408588 0.01004762 -0.07037054
v 0.00763695 0.00770153 -0.07027955
v 0.00867633 0.00650949 -0.07025691
v 0.01001292 0.00417334 -0.07022947
v 0.01029166 0.00342959 -0.07022386
v 0.01063548 0.00213836 -0.07021682
v 0.00960457 0.00504186 -0.07023772
v -0.00009647 0.01086007 -0.07051651
v -0.01089831 0.00154286 -0.07115361
v -0.01100858 -0.00000061 -0.07115944
v -0.01086920 -0.00172295 -0.07114516
v 0.01073188 -0.00158530 -0.07021269
v 0.01084846 0.00000505 -0.07021167
v 0.01070672 0.00174743 -0.07021530
v -0.00000000 -0.00000000 -0.10118860
v -0.01407885 -0.02315576 -0.06897033
v -0.01790814 -0.02311702 -0.06890614
v -0.01489921 -0.02109158 -0.06935652
v -0.01963499 -0.02313897 -0.06885862
v -0.00496133 -0.02315050 -0.06901129
v -0.00389333 -0.02140265 -0.06933602
v -0.00365687 -0.02313972 -0.06900424
v 0.01354938 -0.02240212 -0.06863159
v 0.01173627 -0.02276943 -0.06866825
v 0.00800262 -0.02170191 -0.06897362
v 0.00989875 -0.02292046 -0.06872238
v 0.00763710 -0.02296778 -0.06879691
v 0.01532123 -0.02182525 -0.06860595
v 0.01424280 -0.02182725 -0.06866460
v 0.01700556 -0.02105682 -0.06858743
v 0.01543542 -0.01937312 -0.06886013
v 0.01859891 -0.02009898 -0.06857390
v 0.01651460 -0.01664389 -0.06903737
v 0.02140065 -0.01767308 -0.06856257
v 0.02007624 -0.01896186 -0.06856532
v 0.01744991 -0.01365995 -0.06919129
v 0.02356377 -0.01475511 -0.06857331
v 0.02257153 -0.01623199 -0.06856676
v 0.01821249 -0.01045347 -0.06931710
v 0.02528996 -0.01155003 -0.06858125
v 0.02415499 -0.01376626 -0.06857648
v 0.01877701 -0.00706804 -0.06941059
v 0.02658436 -0.00814049 -0.06858484
v 0.02572501 -0.01054580 -0.06858265
v 0.02756974 -0.00359287 -0.06858653
v 0.02742693 -0.00455648 -0.06858633
v 0.01912368 -0.00355719 -0.06946845
v 0.02706660 -0.00635580 -0.06858576
v 0.02687197 -0.00713398 -0.06858542
v 0.02778709 -0.00093847 -0.06858685
v 0.01923989 0.00001817 -0.06948851
v 0.02780298 0.00001835 -0.06858690
v 0.01912131 0.00359320 -0.06947000
v 0.02766958 0.00272245 -0.06858688
v 0.02778880 0.00088988 -0.06858692
v 0.02140081 0.01767703 -0.06856443
v 0.02257383 0.01623298 -0.06856836
v 0.01650432 0.01667287 -0.06904238
v 0.02450807 0.01313126 -0.06857932
v 0.01744125 0.01369137 -0.06919609
v 0.02601947 0.00980048 -0.06858432
v 0.01820571 0.01048695 -0.06932119
v 0.02686281 0.00717185 -0.06858598
v 0.01877236 0.00710308 -0.06941356
v 0.02707593 0.00631933 -0.06858629
v 0.02756531 0.00362996 -0.06858681
v 0.02006843 0.01897284 -0.06856756
v 0.01542384 0.01939939 -0.06886477
v 0.01858839 0.02011056 -0.06857666
v 0.00799602 0.02172563 -0.06898396
v 0.01530948 0.02183497 -0.06861017
v 0.01700055 0.02106417 -0.06859077
v 0.00763451 0.02297617 -0.06880736
v 0.00990318 0.02292734 -0.06873021
v 0.01173689 0.02277569 -0.06867456
v 0.01353959 0.02241040 -0.06863682
v -0.02100744 0.02175181 -0.06911115
v -0.01971168 0.02316098 -0.06888840
v -0.02006704 0.02097489 -0.06928317
v -0.01802275 0.02313999 -0.06893550
v -0.01488975 0.02111674 -0.06939758
v -0.00895431 0.02318884 -0.06904022
v -0.00950190 0.02126969 -0.06942426
v -0.00500345 0.02316817 -0.06903557
v -0.00389021 0.02142708 -0.06936371
v -0.02114316 0.01836989 -0.06966183
v -0.02343392 0.01868645 -0.06950033
v -0.02242411 0.02004142 -0.06934272
v -0.02466822 0.01683036 -0.06968465
v -0.02209085 0.01559654 -0.06999288
v -0.02577125 0.01492131 -0.06984161
v -0.02289307 0.01267392 -0.07027068
v -0.02674195 0.01295913 -0.06997354
v -0.02757823 0.01094377 -0.07008232
v -0.02353460 0.00962556 -0.07049032
v -0.02821667 0.00907367 -0.07016203
v -0.02400277 0.00647899 -0.07064783
v -0.02878698 0.00695761 -0.07023031
v -0.02920476 0.00482397 -0.07027783
v -0.02428803 0.00326494 -0.07074038
v -0.02947063 0.00267461 -0.07030574
v -0.02958409 0.00051145 -0.07031470
v -0.02438444 0.00001647 -0.07076646
v -0.02958847 -0.00003126 -0.07031401
v -0.02428996 -0.00323217 -0.07072591
v -0.02950837 -0.00221648 -0.07029939
v -0.02927465 -0.00437422 -0.07026616
v -0.02400659 -0.00644674 -0.07062001
v -0.02889076 -0.00650299 -0.07021441
v -0.02354022 -0.00959416 -0.07045136
v -0.02835896 -0.00860121 -0.07014373
v -0.02778245 -0.01038493 -0.07006698
v -0.02290039 -0.01264365 -0.07022379
v -0.02697450 -0.01242837 -0.06995820
v -0.02603576 -0.01440183 -0.06982934
v -0.02209972 -0.01556766 -0.06994218
v -0.02497124 -0.01630648 -0.06967945
v -0.02115342 -0.01834263 -0.06961221
v -0.02378472 -0.01814346 -0.06950729
v -0.01977552 -0.02299557 -0.06888185
v -0.02127557 -0.02136832 -0.06912412
v -0.02268064 -0.01965469 -0.06934197
v -0.01013564 0.01871385 -0.06985808
v -0.00418655 0.01889886 -0.06978313
v -0.01069931 0.01595370 -0.07024185
v -0.00445149 0.01614708 -0.07015644
v -0.01118056 0.01300955 -0.07056741
v -0.00467874 0.01319230 -0.07047495
v -0.01156818 0.00990834 -0.07082745
v -0.00486246 0.01006301 -0.07073069
v -0.01185261 0.00668313 -0.07101583
v -0.00499767 0.00679516 -0.07091694
v -0.01202656 0.00337207 -0.07112808
v -0.00508053 0.00343099 -0.07102867
v -0.01208545 0.00001702 -0.07116155
v -0.00510862 0.00001733 -0.07106288
v -0.01202773 -0.00333825 -0.07111569
v -0.00508109 -0.00339659 -0.07101879
v -0.01185493 -0.00664996 -0.07099207
v -0.00499877 -0.00676150 -0.07089800
v -0.01157158 -0.00987624 -0.07079426
v -0.00486407 -0.01003054 -0.07070428
v -0.01118497 -0.01297888 -0.07052765
v -0.00468081 -0.01316143 -0.07044340
v -0.01070460 -0.01592477 -0.07019912
v -0.00445398 -0.01611814 -0.07012267
v -0.01014171 -0.01868690 -0.06981660
v -0.00418938 -0.01887208 -0.06975053
v -0.01578089 0.01853494 -0.06981743
v -0.01656942 0.01576751 -0.07018659
v -0.01723967 0.01283425 -0.07049800
v -0.01777749 0.00976042 -0.07074542
v -0.01817100 0.00657623 -0.07092375
v -0.01841120 0.00331593 -0.07102926
v -0.01849245 0.00001673 -0.07105986
v -0.01841282 -0.00328266 -0.07101522
v -0.01817421 -0.00654354 -0.07089678
v -0.01778221 -0.00972868 -0.07070772
v -0.01724579 -0.01280378 -0.07045271
v -0.01657682 -0.01573860 -0.07013775
v -0.01578940 -0.01850783 -0.06976981
v 0.00186258 -0.02307137 -0.06893639
v 0.00194791 -0.02155760 -0.06919771
v 0.00862632 -0.01922517 -0.06927254
v 0.00207184 -0.01905470 -0.06956956
v 0.00918890 -0.01648856 -0.06954288
v 0.00218315 -0.01630952 -0.06990474
v 0.00967511 -0.01351259 -0.06977724
v 0.00227898 -0.01334268 -0.07019453
v 0.01007059 -0.01032839 -0.06996863
v 0.00235669 -0.01018415 -0.07043078
v 0.01036281 -0.00697733 -0.07011088
v 0.00241397 -0.00687274 -0.07060631
v 0.01054204 -0.00350965 -0.07019916
v 0.00244903 -0.00345484 -0.07071552
v 0.01060207 0.00001792 -0.07023032
v 0.00246077 0.00001763 -0.07075473
v 0.01054081 0.00354518 -0.07020316
v 0.00244879 0.00348983 -0.07072246
v 0.01036040 0.00701196 -0.07011851
v 0.00241349 0.00690690 -0.07061958
v 0.01006707 0.01036156 -0.06997920
v 0.00235599 0.01021698 -0.07044923
v 0.00967061 0.01354384 -0.06978977
v 0.00227809 0.01337375 -0.07021651
v 0.00918355 0.01651753 -0.06955615
v 0.00218208 0.01633848 -0.06992815
v 0.00862027 0.01925159 -0.06928512
v 0.00207063 0.01908129 -0.06959201
v -0.01823028 -0.02401749 -0.06798912
v -0.01910985 -0.02608835 -0.06588172
v -0.01954264 -0.02693678 -0.06501926
v -0.01959894 -0.02693529 -0.06501924
v -0.01995153 -0.02590773 -0.06604740
v -0.02026594 -0.02492248 -0.06704653
v -0.01871179 -0.02521440 -0.06677075
v -0.02064657 -0.02363446 -0.06836765
v -0.02075920 -0.02323218 -0.06878302
v -0.00583651 -0.02709411 -0.06501880
v 0.00067300 -0.02702308 -0.06501929
v 0.00987429 -0.02357696 -0.06808861
v 0.00975593 -0.02675506 -0.06502048
v -0.01466017 -0.02704164 -0.06501883
v -0.00760125 -0.02709718 -0.06501874
v 0.01054511 -0.02671526 -0.06502055
v 0.01471362 -0.02600228 -0.06502095
v 0.01451961 -0.02605524 -0.06502093
v 0.01373847 -0.02624808 -0.06502086
v 0.01169492 -0.02660458 -0.06502066
v 0.01533883 -0.02581757 -0.06502101
v 0.01725257 -0.02511167 -0.06502116
v 0.01908118 -0.02421873 -0.06502126
v 0.02082096 -0.02313776 -0.06502132
v 0.02298484 -0.01652622 -0.06808861
v 0.02136593 -0.02274556 -0.06502134
v 0.02292847 -0.02145296 -0.06502136
v 0.02435353 -0.02000837 -0.06502137
v 0.02563605 -0.01841363 -0.06502137
v 0.02615253 -0.01767845 -0.06502137
v 0.02748948 -0.01553291 -0.06502137
v 0.02783647 -0.01490528 -0.06502137
v 0.02894639 -0.01262521 -0.06502137
v 0.02926228 -0.01187714 -0.06502137
v 0.02933821 -0.01168888 -0.06502137
v 0.02950227 -0.01126961 -0.06502137
v 0.03031416 -0.00886308 -0.06502137
v 0.03092853 -0.00640265 -0.06502137
v 0.03134412 -0.00389241 -0.06502137
v 0.03155691 -0.00133590 -0.06502137
v 0.03156809 -0.00103944 -0.06502137
v 0.03154933 0.00150713 -0.06502137
v 0.03132600 0.00403848 -0.06502137
v 0.03089829 0.00654998 -0.06502137
v 0.03075840 0.00717757 -0.06502137
v 0.03026365 0.00903693 -0.06502136
v 0.03016427 0.00936274 -0.06502136
v 0.02931266 0.01175593 -0.06502136
v 0.02827362 0.01406567 -0.06502136
v 0.02783796 0.01490594 -0.06502136
v 0.02704894 0.01628727 -0.06502136
v 0.02563788 0.01841490 -0.06502136
v 0.02517245 0.01903282 -0.06502135
v 0.02409865 0.02029271 -0.06502135
v 0.02175940 0.02244879 -0.06502132
v 0.02193913 0.02230607 -0.06502132
v 0.02264162 0.02171474 -0.06502134
v 0.02097763 0.02303215 -0.06502130
v 0.02066651 0.02324836 -0.06502129
v 0.00987769 0.02359103 -0.06808861
v 0.01926712 0.02411944 -0.06502124
v 0.01745299 0.02503012 -0.06502113
v 0.01553826 0.02576019 -0.06502099
v 0.01384859 0.02622980 -0.06502082
v 0.01182409 0.02659633 -0.06502062
v 0.00975582 0.02676479 -0.06502043
v -0.01833394 0.02402795 -0.06802704
v -0.00595999 0.02712257 -0.06501866
v -0.01043586 0.02712023 -0.06501854
v -0.01880356 0.02521933 -0.06680869
v -0.01919256 0.02609045 -0.06591836
v -0.01962732 0.02695811 -0.06503216
v -0.01963415 0.02697092 -0.06501909
v 0.00434187 0.02695573 -0.06501963
v -0.00389944 0.02710875 -0.06501878
v -0.01966654 0.02694860 -0.06504066
v -0.01965891 0.02697025 -0.06501908
v -0.02001560 0.02591768 -0.06607682
v -0.02032378 0.02493992 -0.06707244
v -0.02069753 0.02366121 -0.06838889
v -0.02081119 0.02325105 -0.06881390
v -0.03486458 0.02463733 -0.05775391
v -0.03471879 0.02463101 -0.05829454
v -0.03589957 0.02287168 -0.05841505
v -0.03217869 0.02445266 -0.06307475
v -0.03008470 0.02427094 -0.06515031
v -0.03122526 0.02383479 -0.06454091
v -0.02508627 0.02376305 -0.06788562
v -0.02390676 0.02362898 -0.06824595
v -0.02516367 0.02215730 -0.06844079
v -0.03004933 -0.02426479 -0.06513026
v -0.02803135 -0.02358534 -0.06676229
v -0.02763680 -0.02402976 -0.06672812
v -0.03486156 -0.02463687 -0.05771494
v -0.03524606 -0.02463159 -0.05467904
v -0.03684143 -0.02217451 -0.05482852
v -0.03633185 -0.02217559 -0.05840925
v -0.03481984 -0.02433456 -0.05860127
v -0.03350675 -0.02414263 -0.06160066
v -0.03322010 -0.02453294 -0.06157610
v -0.03379994 -0.02457475 -0.06055266
v -0.03169441 -0.02317497 -0.06455994
v -0.03082677 -0.02433530 -0.06445870
v -0.03215592 -0.02444917 -0.06305248
v -0.02937729 -0.02179636 -0.06694920
v -0.02236307 -0.02343512 -0.06855375
v -0.02385064 -0.02299414 -0.06842301
v -0.02502767 -0.02374937 -0.06786207
v -0.02545585 -0.02174523 -0.06845003
v -0.02243085 0.02345352 -0.06858066
v -0.02768462 0.02403933 -0.06674884
v -0.03381090 0.02457633 -0.06058189
v -0.03468059 0.02240881 -0.06178194
v -0.03322401 0.02453434 -0.06162034
v -0.03237050 0.02446818 -0.06283587
v -0.03827578 -0.01959502 -0.05496103
v -0.03778009 -0.01960060 -0.05855475
v -0.03953439 -0.01691247 -0.05507599
v -0.03905139 -0.01692110 -0.05867973
v -0.04004716 -0.01565965 -0.05512254
v -0.04014094 -0.01413867 -0.05878513
v -0.04061273 -0.01412819 -0.05517376
v -0.04137920 -0.01169452 -0.05524316
v -0.04091557 -0.01170582 -0.05885942
v -0.04192906 -0.00953698 -0.05529319
v -0.04162776 -0.00884122 -0.05892776
v -0.04208368 -0.00882970 -0.05530737
v -0.04259022 -0.00592230 -0.05535457
v -0.04214005 -0.00593344 -0.05897775
v -0.04288056 -0.00320269 -0.05538324
v -0.04245052 -0.00298577 -0.05900981
v -0.04289693 -0.00297550 -0.05538497
v -0.04300000 0.00000783 -0.05539840
v -0.04255527 -0.00000115 -0.05902387
v -0.04299349 0.00074852 -0.05539905
v -0.04254884 0.00073990 -0.05902453
v -0.04288057 0.00320265 -0.05539353
v -0.04239490 0.00369258 -0.05901583
v -0.04284056 0.00369956 -0.05539097
v -0.04248592 0.00662924 -0.05536567
v -0.04203705 0.00662408 -0.05898882
v -0.04192971 0.00953410 -0.05532271
v -0.04147540 0.00953083 -0.05894288
v -0.04117016 0.01241039 -0.05526129
v -0.04070806 0.01240892 -0.05887685
v -0.04031856 0.01494703 -0.05519003
v -0.03984750 0.01494689 -0.05879976
v -0.04004718 0.01565961 -0.05516689
v -0.03871737 0.01767363 -0.05869452
v -0.03920038 0.01767288 -0.05509352
v -0.03789813 0.02031580 -0.05497755
v -0.03740114 0.02031653 -0.05856687
v -0.03641232 0.02287231 -0.05484109
v -0.03524608 0.02463156 -0.05473114
v -0.03616168 0.01990365 -0.06194673
v -0.03746042 0.01731266 -0.06208426
v -0.03857581 0.01463965 -0.06219687
v -0.03942522 0.01215190 -0.06227892
v -0.04018258 0.00933099 -0.06234885
v -0.04073682 0.00648224 -0.06239735
v -0.04108973 0.00360951 -0.06242581
v -0.04124123 0.00071631 -0.06243503
v -0.04124745 -0.00000977 -0.06243437
v -0.04114345 -0.00293390 -0.06241976
v -0.04083634 -0.00582153 -0.06238628
v -0.04033005 -0.00866979 -0.06233390
v -0.03962657 -0.01147545 -0.06226204
v -0.03886175 -0.01385799 -0.06218359
v -0.03778645 -0.01658257 -0.06207173
v -0.03653243 -0.01920604 -0.06193825
v -0.03510471 -0.02172687 -0.06178180
v -0.03282602 0.02151052 -0.06474669
v -0.03425205 0.01910125 -0.06491989
v -0.03550329 0.01661112 -0.06506385
v -0.03657839 0.01404343 -0.06518131
v -0.03739739 0.01165451 -0.06526661
v -0.03812776 0.00894639 -0.06533913
v -0.03866224 0.00621211 -0.06538933
v -0.03900243 0.00345527 -0.06541875
v -0.03914820 0.00067914 -0.06542832
v -0.03915408 -0.00001751 -0.06542765
v -0.03905321 -0.00282296 -0.06541266
v -0.03875633 -0.00559320 -0.06537821
v -0.03826735 -0.00832554 -0.06532422
v -0.03758836 -0.01101701 -0.06525000
v -0.03685056 -0.01330268 -0.06516880
v -0.03581389 -0.01591678 -0.06505268
v -0.03460576 -0.01843443 -0.06491365
v -0.03323137 -0.02085447 -0.06475009
v -0.02770787 0.02401741 -0.06674888
v -0.02894004 0.02242530 -0.06692906
v -0.03044330 0.02022886 -0.06713752
v -0.03178371 0.01795616 -0.06731285
v -0.03296079 0.01561018 -0.06745850
v -0.03397289 0.01319333 -0.06757727
v -0.03474430 0.01094613 -0.06766351
v -0.03543250 0.00839979 -0.06773680
v -0.03593620 0.00582970 -0.06778751
v -0.03625674 0.00323901 -0.06781723
v -0.03639387 0.00063061 -0.06782689
v -0.03639931 -0.00002390 -0.06782622
v -0.03630371 -0.00265952 -0.06781107
v -0.03602324 -0.00526196 -0.06777629
v -0.03556173 -0.00782885 -0.06772175
v -0.03492134 -0.01035759 -0.06764679
v -0.03422596 -0.01250549 -0.06756476
v -0.03324962 -0.01496284 -0.06744743
v -0.03211278 -0.01733088 -0.06730692
v -0.03082072 -0.01960908 -0.06714156
v -0.02629228 0.02067572 -0.06861445
v -0.02767048 0.01863808 -0.06881592
v -0.02890070 0.01653521 -0.06898597
v -0.02998210 0.01436857 -0.06912770
v -0.03091276 0.01213941 -0.06924366
v -0.03162262 0.01006858 -0.06932808
v -0.03225627 0.00772353 -0.06939999
v -0.03272021 0.00535767 -0.06944983
v -0.03301543 0.00297354 -0.06947907
v -0.03314154 0.00057358 -0.06948853
v -0.03314647 -0.00002858 -0.06948785
v -0.03305796 -0.00245329 -0.06947282
v -0.03279901 -0.00484745 -0.06943843
v -0.03237330 -0.00720911 -0.06938462
v -0.03178307 -0.00953615 -0.06931080
v -0.03114266 -0.01151341 -0.06923021
v -0.03024429 -0.01377681 -0.06911527
v -0.02919931 -0.01595995 -0.06897806
v -0.02801293 -0.01806312 -0.06881715
v -0.02668904 -0.02008631 -0.06863065
v -0.03208630 -0.02688517 -0.05567657
v -0.03214059 -0.02688484 -0.05467904
v -0.01979886 -0.02692937 -0.06501898
v -0.02048239 -0.02689490 -0.06501807
v -0.02186102 -0.02684594 -0.06492211
v -0.03202057 -0.02688517 -0.05615965
v -0.03185592 -0.02688500 -0.05694855
v -0.03117868 -0.02688352 -0.05877683
v -0.03169889 -0.02688473 -0.05749402
v -0.03007653 -0.02688036 -0.06051408
v -0.03087060 -0.02688270 -0.05935036
v -0.03103049 -0.02688314 -0.05906438
v -0.02911348 -0.02687707 -0.06157099
v -0.02973645 -0.02687928 -0.06092138
v -0.02591216 -0.02686452 -0.06373111
v -0.02726649 -0.02687022 -0.06299984
v -0.02806374 -0.02687338 -0.06245661
v -0.02849334 -0.02687492 -0.06212085
v -0.02219608 -0.02684576 -0.06487001
v -0.02227740 -0.02684622 -0.06485577
v -0.02394403 -0.02685517 -0.06446718
v -0.02552271 -0.02686275 -0.06390442
v -0.02028267 0.02694487 -0.06501826
v -0.02081898 0.02691362 -0.06501194
v -0.02048231 0.02693284 -0.06501799
v -0.02219607 0.02688512 -0.06486994
v -0.02287189 0.02688893 -0.06473877
v -0.02392513 0.02689411 -0.06447262
v -0.02553441 0.02690016 -0.06389938
v -0.02615199 0.02690196 -0.06361671
v -0.02755155 0.02690471 -0.06281648
v -0.02701952 0.02690385 -0.06314965
v -0.02982019 0.02690484 -0.06082498
v -0.02876475 0.02690550 -0.06189048
v -0.02806927 0.02690530 -0.06245246
v -0.03164607 0.02689678 -0.05765337
v -0.03034947 0.02690371 -0.06015288
v -0.03101783 0.02690122 -0.05908787
v -0.03109111 0.02690084 -0.05894962
v -0.03214046 0.02688492 -0.05473114
v -0.03202895 0.02689092 -0.05610745
v -0.03184587 0.02689438 -0.05698769
v -0.03171445 0.02689605 -0.05744518
v -0.03925981 -0.01754045 -0.02730758
v -0.04013330 -0.01543756 -0.02673481
v -0.03541644 0.02438598 -0.03475241
v -0.03524608 0.02463156 -0.03688860
v -0.03638059 0.02292275 -0.03317166
v -0.03743233 0.02116178 -0.02945472
v -0.03659337 0.02258153 -0.03096857
v -0.03589026 0.02368310 -0.03275643
v -0.03834570 0.01945784 -0.02822012
v -0.04192907 -0.00953694 -0.02653820
v -0.04091583 -0.01322479 -0.02653820
v -0.03524606 -0.02463159 -0.03688860
v -0.03541368 -0.02438998 -0.03476959
v -0.03588689 -0.02368821 -0.03276703
v -0.03637999 -0.02292372 -0.03317251
v -0.03658816 -0.02258997 -0.03097952
v -0.03743122 -0.02116374 -0.02945641
v -0.03834503 -0.01945916 -0.02822089
v -0.04208795 -0.00880936 -0.02653820
v -0.04288056 -0.00320268 -0.02653820
v -0.04289834 -0.00295507 -0.02653820
v -0.04289834 0.00295504 -0.02653820
v -0.04288057 0.00320264 -0.02653820
v -0.04208795 0.00880932 -0.02653820
v -0.04192908 0.00953691 -0.02653820
v -0.04091584 0.01322475 -0.02653820
v -0.04013374 0.01543642 -0.02673462
v -0.04004563 0.01566358 -0.02677754
v -0.03926118 0.01753738 -0.02730646
v -0.03214059 -0.02688484 -0.04208860
v -0.03198186 -0.02700001 -0.04103142
v -0.03198186 -0.02700001 -0.03688860
v -0.03198188 0.02699999 -0.03688860
v -0.03198188 0.02699999 -0.04103142
v -0.03214061 0.02688482 -0.04208860
v -0.03214061 0.02688482 -0.05467904
v -0.03213646 0.02667704 -0.03379279
v -0.03256640 0.02575276 -0.03090017
v -0.03320439 0.02430419 -0.02830918
v -0.03340411 0.02382997 -0.02766625
v -0.03442725 0.02121923 -0.02505621
v -0.03396565 0.02243721 -0.02611529
v -0.03641688 0.01490834 -0.02217326
v -0.03562513 0.01767111 -0.02300198
v -0.03550714 0.01805018 -0.02316290
v -0.03479444 0.02019652 -0.02432608
v -0.03712655 0.01199998 -0.02188860
v -0.03819012 0.00799348 -0.02188860
v -0.03712654 -0.01200002 -0.02188860
v -0.03819011 -0.00799351 -0.02188860
v -0.03892545 0.00268137 -0.02188860
v -0.03892545 -0.00268140 -0.02188860
v -0.03641649 -0.01490983 -0.02217354
v -0.03562389 -0.01767514 -0.02300361
v -0.03550712 -0.01805020 -0.02316291
v -0.03442723 -0.02121926 -0.02505621
v -0.03479383 -0.02019824 -0.02432719
v -0.03340410 -0.02382995 -0.02766621
v -0.03396465 -0.02243977 -0.02611774
v -0.03213396 -0.02668230 -0.03381769
v -0.03256334 -0.02575946 -0.03091554
v -0.03319966 -0.02431527 -0.02832505
v -0.03122784 -0.02700001 -0.03976060
v -0.02999500 -0.02700001 -0.03882204
v -0.02698146 -0.02700001 -0.03688860
v -0.02848186 -0.02700001 -0.03848860
v -0.02698146 -0.02700001 -0.03848860
v -0.03195601 -0.02700001 -0.04112879
v -0.03195200 -0.02700001 -0.04113041
v -0.03196384 -0.02700001 -0.04112208
v -0.03196924 -0.02700001 -0.04111343
v -0.02999502 0.02699999 -0.03882204
v -0.03122786 0.02699999 -0.03976060
v -0.02848188 0.02699999 -0.03848860
v -0.02698149 0.02699999 -0.03688860
v -0.02698149 0.02699999 -0.03848860
v -0.03197245 0.02699999 -0.04110586
v -0.03198132 0.02699999 -0.04105330
v -0.03195202 0.02699999 -0.04113041
v -0.03195839 0.02699999 -0.04112732
v -0.03196489 0.02699999 -0.04112075
v -0.03616090 0.01199998 -0.02188860
v -0.03553296 0.01376014 -0.02199223
v -0.03523322 0.01451608 -0.02210113
v -0.03482324 0.01548128 -0.02229817
v -0.03402498 0.01717834 -0.02281080
v -0.03357353 0.01805224 -0.02316380
v -0.03315684 0.01881332 -0.02352528
v -0.02979119 0.02382954 -0.02766572
v -0.03031257 0.02315593 -0.02686139
v -0.03223754 0.02036217 -0.02443574
v -0.03168457 0.02122034 -0.02505707
v -0.03125590 0.02185280 -0.02557834
v -0.02940748 0.02430621 -0.02831207
v -0.02866513 0.02518613 -0.02973837
v -0.02818796 0.02572446 -0.03083560
v -0.02804425 0.02588267 -0.03120783
v -0.02756182 0.02640106 -0.03269229
v -0.02702066 0.02696038 -0.03579926
v -0.02722363 0.02675327 -0.03417921
v -0.02706109 -0.02691937 -0.03533529
v -0.02729350 -0.02668123 -0.03381259
v -0.02767840 -0.02627755 -0.03228948
v -0.02818789 -0.02572454 -0.03083573
v -0.02884072 -0.02498280 -0.02937546
v -0.02961559 -0.02404962 -0.02795513
v -0.02979043 -0.02383051 -0.02766692
v -0.03048645 -0.02292423 -0.02660942
v -0.03141948 -0.02161465 -0.02537519
v -0.03168449 -0.02122046 -0.02505714
v -0.03240549 -0.02009126 -0.02425801
v -0.03333139 -0.01849944 -0.02336982
v -0.03357365 -0.01805201 -0.02316368
v -0.03423129 -0.01675982 -0.02266382
v -0.03504549 -0.01496714 -0.02218499
v -0.03616089 -0.01200002 -0.02188860
v -0.03576128 -0.01315077 -0.02193281
v -0.03523344 -0.01451553 -0.02210103
v -0.03163186 -0.02700001 -0.04218860
v -0.03163186 -0.02700001 -0.05477904
v -0.02224858 -0.02700001 -0.04958860
v -0.02224858 -0.02700001 -0.06443512
v -0.02279866 -0.02700001 -0.06432578
v -0.02440883 -0.02700001 -0.06387974
v -0.03005686 -0.02700001 -0.03946062
v -0.03120984 -0.02700001 -0.04061360
v -0.02848186 -0.02700001 -0.03903860
v -0.02224858 -0.02700001 -0.03903860
v -0.02970898 -0.02700001 -0.06025667
v -0.02877423 -0.02700001 -0.06128872
v -0.02768783 -0.02700001 -0.06219801
v -0.02748314 -0.02700001 -0.06234396
v -0.02618334 -0.02700001 -0.06312629
v -0.02475544 -0.02700001 -0.06375638
v -0.03153503 -0.02700001 -0.05607284
v -0.03124863 -0.02700001 -0.05732991
v -0.03113232 -0.02700001 -0.05768161
v -0.03060037 -0.02700001 -0.05888893
v -0.02989345 -0.02700001 -0.06001337
v -0.02204858 -0.02700101 -0.04978860
v -0.02212512 -0.02700039 -0.04977338
v -0.02082842 -0.02705049 -0.06459247
v -0.02048633 -0.02707780 -0.06459861
v -0.01931177 -0.02721681 -0.04978860
v -0.02210959 -0.02700049 -0.06445971
v -0.02218995 -0.02700010 -0.04973007
v -0.02223329 -0.02700002 -0.04966530
v -0.01931177 -0.02721681 -0.06459861
v -0.01781538 -0.02749753 -0.06459861
v -0.01643862 -0.02786250 -0.04978860
v -0.01369143 -0.02892308 -0.06322341
v -0.01369143 -0.02892308 -0.04978860
v -0.01517380 -0.02829312 -0.06384299
v -0.01671312 -0.02778130 -0.06433484
v 0.01367904 -0.02892894 -0.06261978
v 0.01369146 -0.02892307 -0.06228983
v 0.01144019 -0.02988515 -0.06200631
v 0.01369146 -0.02892307 -0.04978860
v 0.00961566 -0.03052112 -0.06148474
v 0.00929596 -0.03062001 -0.04978860
v 0.00757692 -0.03109003 -0.06097318
v 0.00000001 -0.03200000 -0.04978860
v -0.00035463 -0.03199803 -0.06014596
v 0.00176858 -0.03195109 -0.06018548
v 0.00469892 -0.03165312 -0.04978860
v 0.00341801 -0.03181693 -0.06030866
v 0.00470078 -0.03165285 -0.06045968
v 0.00551043 -0.03152198 -0.06057977
v -0.00245366 -0.03190579 -0.06024124
v -0.00469889 -0.03165312 -0.04978860
v -0.00453265 -0.03167736 -0.06047100
v -0.00629567 -0.03137458 -0.06077476
v -0.00929593 -0.03062002 -0.04978860
v -0.00840078 -0.03087761 -0.06127319
v -0.01335013 -0.02908219 -0.06306560
v -0.01247394 -0.02946864 -0.06268147
v -0.01045901 -0.03024251 -0.06190924
v -0.00930031 -0.03061869 -0.06153268
v -0.01800071 -0.02744071 -0.06465170
v -0.01801546 -0.02742866 -0.06466348
v -0.00851896 -0.02753856 -0.06466872
v -0.00585405 -0.02753768 -0.06466880
v -0.01801696 -0.02742306 -0.06466909
v -0.00328548 -0.02752304 -0.06466895
v 0.00573446 -0.02735705 -0.06466990
v -0.00422616 -0.02753000 -0.06466889
v 0.00973857 -0.02722119 -0.06467048
v 0.00698758 -0.02731890 -0.06467007
v 0.01461723 -0.02851319 -0.04978860
v 0.01452319 -0.02855229 -0.05108121
v 0.01576009 -0.02783863 -0.06316216
v 0.01743031 -0.02680798 -0.06356850
v 0.01857312 -0.02649183 -0.05201241
v 0.01693343 -0.02745181 -0.04978860
v 0.02324131 -0.02330561 -0.04978860
v 0.02265642 -0.02378243 -0.04978860
v 0.02227826 -0.02385451 -0.05292404
v 0.02124769 -0.02484449 -0.04978860
v 0.01914412 -0.02622740 -0.04978860
v 0.02409744 -0.02256612 -0.04978860
v 0.02556076 -0.02069575 -0.05379695
v 0.02590881 -0.02081810 -0.04978860
v 0.02920308 -0.01688633 -0.04930681
v 0.02887915 -0.01731942 -0.04942048
v 0.02835166 -0.01708191 -0.05461282
v 0.02773591 -0.01876246 -0.04969558
v 0.02655831 -0.02012176 -0.04978860
v 0.02672555 -0.01749260 -0.06460976
v 0.02574680 -0.01888522 -0.06460880
v 0.02533299 -0.01943089 -0.06460841
v 0.02400275 -0.02104008 -0.06460717
v 0.02109484 -0.02397692 -0.06432168
v 0.02279375 -0.02234338 -0.06457682
v 0.02303308 -0.02209375 -0.06460630
v 0.02317122 -0.02194912 -0.06460643
v 0.02371505 -0.02136232 -0.06460691
v 0.01774518 -0.02659689 -0.06364145
v 0.01963502 -0.02520773 -0.06404938
v 0.02088618 -0.02416204 -0.06428545
v 0.02335228 -0.02171875 -0.06466625
v 0.02330380 -0.02179025 -0.06464776
v 0.02335319 -0.02171458 -0.06466855
v 0.02294668 -0.02207798 -0.06467136
v 0.02335298 -0.02171256 -0.06467007
v 0.02311945 -0.02200145 -0.06461716
v 0.02279916 -0.02220657 -0.06467135
v 0.02188635 -0.02294992 -0.06467134
v 0.02026027 -0.02407770 -0.06467130
v 0.01852992 -0.02504484 -0.06467122
v 0.01669792 -0.02584695 -0.06467111
v 0.01566004 -0.02621134 -0.06467102
v 0.01373350 -0.02673099 -0.06467085
v 0.01175851 -0.02706793 -0.06467067
v 0.03536725 -0.01069800 -0.04658358
v 0.03536635 -0.01070504 -0.04652544
v 0.03454207 -0.01139070 -0.04653996
v 0.03536899 -0.01069030 -0.04664180
v 0.03378635 -0.01036676 -0.06141979
v 0.03386208 -0.01031499 -0.06135505
v 0.03554799 -0.01001832 -0.05175702
v 0.03418178 -0.01010043 -0.06107471
v 0.03476311 -0.00972625 -0.06053530
v 0.03480838 -0.00969795 -0.06049169
v 0.03568728 -0.00917819 -0.05952171
v 0.03579022 -0.00912119 -0.05938905
v 0.03255277 -0.01126416 -0.06238462
v 0.03271470 -0.01310344 -0.04657215
v 0.03198558 -0.01374336 -0.04746496
v 0.03130560 -0.01228655 -0.06318974
v 0.03120081 -0.01451489 -0.04817903
v 0.03086660 -0.01267717 -0.06343608
v 0.03018530 -0.01564171 -0.04885327
v 0.02908199 -0.01445517 -0.06427419
v 0.02962913 -0.01387417 -0.06404879
v 0.02802983 -0.01568121 -0.06460918
v 0.03147649 -0.01162888 -0.06326043
v 0.03165795 -0.01094103 -0.06331811
v 0.03507268 -0.00852040 -0.06054153
v 0.03511549 -0.00849088 -0.06049968
v 0.03473745 -0.00874860 -0.06086338
v 0.03320337 -0.00980449 -0.06219693
v 0.03250285 -0.01030004 -0.06273501
v 0.03166730 -0.01090576 -0.06332064
v 0.02867554 -0.01432583 -0.06467137
v 0.02786412 -0.01585976 -0.06466202
v 0.02785447 -0.01586295 -0.06466842
v 0.02785194 -0.01586238 -0.06467076
v 0.02990496 -0.01228065 -0.06441659
v 0.02947316 -0.01261026 -0.06467137
v 0.02914580 -0.01334705 -0.06467137
v 0.03324911 -0.01255131 -0.04567727
v 0.03537416 -0.01069117 -0.04578792
v 0.03494775 -0.00976110 -0.04352790
v 0.03546292 -0.01043422 -0.04504921
v 0.03541592 -0.00957203 -0.04369166
v 0.03563058 -0.00995544 -0.04436440
v 0.03588023 -0.00928541 -0.04375536
v 0.03353751 -0.01208673 -0.04503462
v 0.03380908 -0.01135556 -0.04420593
v 0.03395306 -0.01059602 -0.04354065
v 0.03778494 -0.00965911 -0.04648107
v 0.03778440 -0.00966123 -0.04646109
v 0.03650614 -0.01001745 -0.04651505
v 0.03650530 -0.01002184 -0.04647668
v 0.03778552 -0.00965683 -0.04650102
v 0.03650741 -0.01001269 -0.04655347
v 0.03718508 -0.00871766 -0.05678953
v 0.03760392 -0.00872776 -0.05564273
v 0.03667671 -0.00939362 -0.05168534
v 0.03788780 -0.00881680 -0.05426432
v 0.03795926 -0.00894958 -0.05285464
v 0.03590698 -0.00905978 -0.05923172
v 0.03647557 -0.00883582 -0.05832397
v 0.03698114 -0.00874043 -0.05721354
v 0.03639366 -0.00773242 -0.05893794
v 0.03628213 0.00705735 -0.05934554
v 0.03579287 0.00781873 -0.05983344
v 0.03636642 0.00786011 -0.05893778
v 0.03510147 0.00855024 -0.06049930
v 0.03480903 0.00969754 -0.06049119
v 0.03493457 0.00961982 -0.06036773
v 0.03749575 0.00616998 -0.05721412
v 0.03688381 0.00533837 -0.05882798
v 0.03665395 0.00620045 -0.05899299
v 0.03703450 0.00851152 -0.05721352
v 0.03693907 0.00500036 -0.05881385
v 0.03767636 0.00494866 -0.05721431
v 0.03721171 0.00218699 -0.05881419
v 0.03549720 -0.00812385 -0.06013668
v 0.03605408 -0.00740658 -0.05958521
v 0.03646666 -0.00664248 -0.05917574
v 0.03677270 -0.00579013 -0.05890357
v 0.03703451 -0.00851148 -0.05721360
v 0.03727071 -0.00740907 -0.05721387
v 0.03765059 -0.00514138 -0.05721425
v 0.03694686 -0.00494144 -0.05881409
v 0.03772142 -0.00459291 -0.05721433
v 0.03711424 -0.00346729 -0.05881422
v 0.03782937 -0.00359705 -0.05721442
v 0.03727013 -0.00065498 -0.05881430
v 0.03799255 -0.00075220 -0.05721455
v 0.03794211 0.00209657 -0.05721452
v 0.03579021 0.00912121 -0.05938911
v 0.03636033 0.00887144 -0.05853022
v 0.03688334 0.00875072 -0.05746210
v 0.03698113 0.00874048 -0.05721344
v 0.03800303 -0.00876157 -0.04404999
v 0.03691539 -0.00893461 -0.04398413
v 0.03672269 -0.00946492 -0.04457972
v 0.03789598 -0.00921381 -0.04464742
v 0.03658984 -0.00982244 -0.04520188
v 0.03782439 -0.00950422 -0.04524944
v 0.03651822 -0.01000931 -0.04585057
v 0.03778646 -0.00965398 -0.04587314
v 0.03845570 -0.00649301 -0.04257518
v 0.03827310 -0.00749463 -0.04304560
v 0.03789641 -0.00921205 -0.04525554
v 0.03809168 -0.00836802 -0.04366666
v 0.03862863 -0.00536925 -0.04227716
v 0.03810841 -0.00829149 -0.05285481
v 0.03898193 -0.00118695 -0.05285564
v 0.03900000 0.00000001 -0.04218860
v 0.03882492 -0.00369131 -0.05285552
v 0.03876023 -0.00431798 -0.04218860
v 0.03858771 -0.00565587 -0.05285532
v 0.03825176 -0.00760282 -0.05285496
v 0.03900000 0.00000001 -0.05285566
v 0.03897771 0.00131832 -0.05285564
v 0.03876022 0.00431801 -0.04218860
v 0.03881202 0.00382450 -0.05285549
v 0.03861505 0.00546607 -0.04229350
v 0.03848261 0.00633160 -0.05285522
v 0.03824014 0.00766103 -0.05285497
v 0.03778493 0.00965914 -0.04648106
v 0.03778552 0.00965686 -0.04650102
v 0.03795924 0.00894963 -0.05285455
v 0.03778439 0.00966127 -0.04646109
v 0.03778102 0.00967435 -0.04617930
v 0.03778126 0.00967341 -0.04612783
v 0.03778939 0.00964153 -0.04578406
v 0.03780123 0.00959494 -0.04555123
v 0.03780210 0.00959152 -0.04553734
v 0.03787632 0.00929393 -0.04478461
v 0.03796366 0.00893038 -0.04424706
v 0.03800303 0.00876159 -0.04405014
v 0.03809182 0.00836741 -0.04366620
v 0.03825106 0.00760634 -0.04311220
v 0.03844255 0.00657040 -0.04260298
v 0.03786085 -0.00823834 -0.05509087
v 0.03800329 -0.00755407 -0.05509103
v 0.03224652 0.01150376 -0.06259872
v 0.03145586 0.01171308 -0.06325159
v 0.03130757 0.01228477 -0.06318924
v 0.03210699 0.01057964 -0.06302209
v 0.03345991 0.01059415 -0.06169180
v 0.03163538 0.01103140 -0.06331079
v 0.03167043 0.01089925 -0.06332044
v 0.03493833 0.00865874 -0.06065858
v 0.03354349 0.00957173 -0.06191897
v 0.03857283 -0.00366754 -0.05509159
v 0.03833712 -0.00561953 -0.05509138
v 0.03872884 -0.00117926 -0.05509172
v 0.03872465 0.00130984 -0.05509171
v 0.03856001 0.00379995 -0.05509158
v 0.03823270 0.00629086 -0.05509129
v 0.03799172 0.00761204 -0.05509102
v 0.03747243 0.00871475 -0.05605967
v 0.03779543 0.00877275 -0.05484358
v 0.03795324 0.00888555 -0.05349455
v 0.03565859 0.00959841 -0.05522235
v 0.03677930 0.00900781 -0.05516014
v 0.03667669 0.00939366 -0.05168531
v 0.03650740 0.01001272 -0.04655347
v 0.03536898 0.01069033 -0.04664180
v 0.03554797 0.01001836 -0.05175699
v 0.03120080 0.01451491 -0.04817903
v 0.03198479 0.01374411 -0.04746578
v 0.03271469 0.01310347 -0.04657215
v 0.02899650 0.01454901 -0.06430774
v 0.02845416 0.01516771 -0.06449267
v 0.02731541 0.01733783 -0.06100392
v 0.02803576 0.01567360 -0.06460918
v 0.02672554 0.01749262 -0.06460976
v 0.03012013 0.01338097 -0.06382234
v 0.03018552 0.01564145 -0.04885314
v 0.02920306 0.01688636 -0.04930681
v 0.03454205 0.01139074 -0.04653996
v 0.03536633 0.01070507 -0.04652544
v 0.03536724 0.01069804 -0.04658359
v 0.03279257 0.01302444 -0.04657078
v 0.03601722 0.00922699 -0.04379623
v 0.03698348 0.00891826 -0.04399323
v 0.03683827 0.00913225 -0.04417821
v 0.03650529 0.01002187 -0.04647667
v 0.03650011 0.01003749 -0.04611943
v 0.03651708 0.00999667 -0.04575683
v 0.03653991 0.00993806 -0.04551395
v 0.03659234 0.00979894 -0.04514155
v 0.03666514 0.00960280 -0.04477840
v 0.03672592 0.00943964 -0.04454158
v 0.03578804 0.00952906 -0.04395056
v 0.03588049 0.00928524 -0.04375536
v 0.03564356 0.00991987 -0.04432526
v 0.03556596 0.01013581 -0.04458161
v 0.03547510 0.01039859 -0.04498261
v 0.03541051 0.01058772 -0.04540170
v 0.03538219 0.01066888 -0.04567981
v 0.03536054 0.01072677 -0.04610213
v 0.03650612 0.01001748 -0.04651505
v 0.02976274 0.01239104 -0.06450158
v 0.02947392 0.01261147 -0.06467136
v 0.02906372 0.01352723 -0.06467136
v 0.02791066 0.01581758 -0.06464501
v 0.02876568 0.01414777 -0.06467136
v 0.02787520 0.01584837 -0.06465967
v 0.02785813 0.01585327 -0.06467136
v 0.02786089 0.01585414 -0.06466868
v 0.02786500 0.01585357 -0.06466559
v 0.01369143 0.02892308 -0.06228983
v 0.01405435 0.02875571 -0.05744768
v 0.01794749 0.02665712 -0.05838284
v 0.02812115 0.01829051 -0.04962396
v 0.02699107 0.01963628 -0.04977611
v 0.02655829 0.02012179 -0.04978860
v 0.02464485 0.02089064 -0.06017888
v 0.02613031 0.02058514 -0.04978860
v 0.02478093 0.02193757 -0.04978860
v 0.02150129 0.02401788 -0.05929933
v 0.02288176 0.02360134 -0.04978860
v 0.02086570 0.02511284 -0.04978860
v 0.02265645 0.02378241 -0.04978860
v 0.01811580 0.02682425 -0.04978860
v 0.01873623 0.02647003 -0.04978860
v 0.01878909 0.02643903 -0.04978860
v 0.01585897 0.02797083 -0.04978860
v 0.01461721 0.02851320 -0.04978860
v 0.01368844 0.02892450 -0.06236947
v 0.01766225 0.02665289 -0.06362581
v 0.01368291 0.02892711 -0.06251634
v 0.01565676 0.02789761 -0.06313972
v 0.01367887 0.02892902 -0.06262353
v 0.01957432 0.02525559 -0.06404039
v 0.02088571 0.02416222 -0.06428840
v 0.02139271 0.02370682 -0.06437464
v 0.02301060 0.02211712 -0.06460629
v 0.02418058 0.02083661 -0.06460734
v 0.02661430 0.01765884 -0.06460965
v 0.02615927 0.01831689 -0.06460920
v 0.02462483 0.02031323 -0.06460775
v 0.03288363 0.01295551 -0.04631850
v 0.03395305 0.01059605 -0.04354065
v 0.03378887 0.01142967 -0.04428078
v 0.03482486 0.00986053 -0.04352948
v 0.03506961 0.00972026 -0.04357729
v 0.03561451 0.00946322 -0.04373412
v 0.03569074 0.00941623 -0.04374477
v 0.03333279 0.01243474 -0.04550669
v 0.03357418 0.01201149 -0.04493951
v 0.03368448 0.01174966 -0.04462687
v 0.01369143 0.02892308 -0.04978860
v -0.00772621 0.03105327 -0.06111120
v -0.00972509 0.03048643 -0.06168247
v -0.00929596 0.03062001 -0.04978860
v -0.01356382 0.02898315 -0.06318960
v -0.01369146 0.02892307 -0.06324951
v -0.01369146 0.02892307 -0.04978860
v 0.01189535 0.02970691 -0.06213772
v 0.00961151 0.03052243 -0.06148778
v 0.00929593 0.03062002 -0.04978860
v -0.01167097 0.02979578 -0.06237669
v -0.00469892 0.03165312 -0.04978860
v -0.00000001 0.03200000 -0.04978860
v -0.00159211 0.03196037 -0.06019405
v -0.00367974 0.03178773 -0.06036993
v -0.00470140 0.03165275 -0.06050634
v -0.00576344 0.03147670 -0.06068403
v 0.00469889 0.03165312 -0.04978860
v 0.00282345 0.03187520 -0.06026128
v 0.00050307 0.03199605 -0.06015285
v 0.00922008 0.03064295 -0.06138010
v 0.00711070 0.03119997 -0.06087841
v 0.00497879 0.03161031 -0.06050432
v 0.01025618 0.02720844 -0.06467048
v 0.00973794 0.02723025 -0.06467044
v 0.01211151 0.02702897 -0.06467065
v 0.01410532 0.02665218 -0.06467085
v 0.01449486 0.02655518 -0.06467088
v 0.01910183 0.02475368 -0.06467122
v 0.01730829 0.02560808 -0.06467111
v 0.01696630 0.02574760 -0.06467109
v 0.01640596 0.02596105 -0.06467105
v 0.02180792 0.02301360 -0.06467132
v 0.02080595 0.02372889 -0.06467129
v 0.02317076 0.02192794 -0.06463878
v 0.02332870 0.02173808 -0.06467040
v 0.02332693 0.02174778 -0.06466482
v 0.02332905 0.02173978 -0.06466900
v -0.01481747 0.02843179 -0.06373645
v -0.01643864 0.02786248 -0.04978860
v -0.02224861 0.02699999 -0.04958860
v -0.02223338 0.02700000 -0.04966514
v -0.02224861 0.02699999 -0.06443512
v -0.02219008 0.02700008 -0.04972997
v -0.01607051 0.02797813 -0.06417890
v -0.01765545 0.02753456 -0.06459861
v -0.01931179 0.02721679 -0.04978860
v -0.01931179 0.02721679 -0.06459861
v -0.02048636 0.02707778 -0.06459861
v -0.02212531 0.02700037 -0.04977331
v -0.02204861 0.02700099 -0.04978860
v -0.02210961 0.02700047 -0.06445971
v -0.02177042 0.02700571 -0.06451192
v 0.00081386 0.02748956 -0.06466921
v -0.00495548 0.02755949 -0.06466872
v -0.00689022 0.02756699 -0.06466862
v -0.01782852 0.02747974 -0.06465035
v -0.01784180 0.02747001 -0.06465989
v -0.01462931 0.02751906 -0.06466866
v -0.01784519 0.02746504 -0.06466486
v -0.01784578 0.02746104 -0.06466889
v -0.03163188 0.02699999 -0.04218860
v -0.03120986 0.02699999 -0.04061360
v -0.03005688 0.02699999 -0.03946062
v -0.03163188 0.02699999 -0.05477904
v -0.02224861 0.02699999 -0.03903860
v -0.02848188 0.02699999 -0.03903860
v -0.02380552 0.02699999 -0.06407030
v -0.02527815 0.02699999 -0.06354962
v -0.02638883 0.02699999 -0.06301747
v -0.02759934 0.02699999 -0.06226198
v -0.02868273 0.02699999 -0.06137549
v -0.02919113 0.02699999 -0.06086417
v -0.03002608 0.02699999 -0.05982781
v -0.03069639 0.02699999 -0.05870329
v -0.03107104 0.02699999 -0.05784921
v -0.03143811 0.02699999 -0.05660331
v -0.03161458 0.02699999 -0.05532786
v -0.02673948 0.02700000 -0.03870000
v -0.02673948 0.02700000 -0.02600000
v -0.02224860 0.02700000 -0.03870000
v -0.02224860 0.02700000 -0.02600000
v -0.02771281 -0.02600000 -0.02600000
v -0.02771281 -0.02600000 -0.02200000
v -0.03068642 -0.02241302 -0.02200000
v -0.03746859 -0.00633285 -0.02788545
v -0.03756413 -0.00573899 -0.02755237
v -0.03752638 -0.00598090 -0.04170000
v -0.03411429 0.01673963 -0.02698676
v -0.03409050 0.01678803 -0.02689607
v -0.03380793 0.01735005 -0.04170000
v -0.03459811 0.01571530 -0.02786771
v -0.03433841 0.01627494 -0.02754095
v -0.03430561 0.01634397 -0.02748113
v -0.03399255 0.01698548 -0.02624055
v -0.03398529 0.01700000 -0.02600000
v -0.03382567 0.01731542 -0.02200000
v -0.03398529 0.01700000 -0.02500000
v -0.03403311 0.01690407 -0.02438802
v -0.03416616 0.01663350 -0.02384602
v -0.03437143 0.01620509 -0.02340383
v -0.03752638 0.00598090 -0.04170000
v -0.03734970 0.00700000 -0.02800000
v -0.03611731 0.01181270 -0.04170000
v -0.03611731 0.01181270 -0.02800000
v -0.03491418 0.01500000 -0.02800000
v -0.03771791 0.00462162 -0.04170000
v -0.03771791 0.00462162 -0.03870000
v -0.03762953 0.00529328 -0.02395736
v -0.03800000 -0.00000000 -0.02200000
v -0.03756413 0.00573899 -0.02344763
v -0.03752841 0.00596809 -0.02200000
v -0.03746859 0.00633285 -0.02311455
v -0.03766369 0.00504442 -0.02458082
v -0.03766962 0.00500000 -0.02500000
v -0.03766962 0.00500000 -0.02600000
v -0.03765471 0.00511107 -0.02665722
v -0.03800000 -0.00000000 -0.03870000
v -0.03760989 0.00543105 -0.02724032
v -0.03753541 0.00592392 -0.02768584
v -0.03743342 0.00653750 -0.02794579
v -0.03464154 0.01561933 -0.02309831
v -0.03491418 0.01500000 -0.02300000
v -0.03612537 0.01178805 -0.02200000
v -0.03611731 0.01181270 -0.02300000
v -0.03734970 0.00700000 -0.02300000
v -0.03766962 -0.00500000 -0.02600000
v -0.03766962 -0.00500000 -0.02500000
v -0.03766369 -0.00504442 -0.02641918
v -0.03753541 -0.00592392 -0.02331416
v -0.03752841 -0.00596809 -0.02200000
v -0.03760989 -0.00543105 -0.02375967
v -0.03765471 -0.00511107 -0.02434278
v -0.03771791 -0.00462162 -0.04170000
v -0.03771791 -0.00462162 -0.03870000
v -0.03762953 -0.00529328 -0.02704264
v -0.03743342 -0.00653750 -0.02305421
v -0.03734970 -0.00700000 -0.02300000
v -0.03612537 -0.01178805 -0.02200000
v -0.03611731 -0.01181270 -0.02300000
v -0.03382567 -0.01731542 -0.02200000
v -0.03491418 -0.01500000 -0.02300000
v -0.03459811 -0.01571530 -0.02313229
v -0.03411429 -0.01673963 -0.02401324
v -0.03409050 -0.01678803 -0.02410393
v -0.03433841 -0.01627494 -0.02345905
v -0.03430561 -0.01634397 -0.02351887
v -0.03399255 -0.01698548 -0.02475946
v -0.03398529 -0.01700000 -0.02500000
v -0.03398529 -0.01700000 -0.02600000
v -0.03403311 -0.01690407 -0.02661199
v -0.03416616 -0.01663350 -0.02715398
v -0.03380793 -0.01735005 -0.04170000
v -0.03437143 -0.01620509 -0.02759617
v -0.03464154 -0.01561933 -0.02790169
v -0.03491418 -0.01500000 -0.02800000
v -0.03611731 -0.01181270 -0.04170000
v -0.03611731 -0.01181270 -0.02800000
v -0.03734970 -0.00700000 -0.02800000
v -0.03186432 0.02070424 -0.04170000
v -0.03186432 0.02070424 -0.03870000
v -0.03065579 0.02245490 -0.03870000
v -0.03068642 0.02241302 -0.02200000
v -0.02771281 0.02600000 -0.02600000
v -0.02771281 0.02600000 -0.02200000
v -0.03065579 -0.02245490 -0.03870000
v -0.02673948 -0.02700000 -0.03870000
v -0.02673948 -0.02700000 -0.02600000
v -0.03186432 -0.02070424 -0.04170000
v -0.03186432 -0.02070424 -0.03870000
v -0.03038299 0.02092543 -0.03870000
v -0.03075428 0.02112183 -0.03870000
v -0.03117347 0.02114842 -0.03870000
v -0.03156660 0.02100053 -0.03870000
v -0.02056920 0.02451342 -0.03870000
v -0.02549458 0.02281896 -0.03870000
v -0.02572233 0.02366896 -0.03870000
v -0.01786331 0.02748669 -0.03870000
v -0.01369144 0.02892308 -0.03870000
v -0.01600000 0.02771281 -0.03870000
v -0.02572233 0.02196896 -0.03870000
v -0.02451342 0.02056920 -0.03870000
v -0.02634458 0.02134672 -0.03870000
v -0.02599751 0.01953004 -0.03870000
v -0.02719458 0.02111896 -0.03870000
v -0.02780235 0.01937213 -0.03870000
v -0.02804458 0.02134672 -0.03870000
v -0.02944434 0.02013781 -0.03870000
v -0.02866682 0.02196896 -0.03870000
v -0.02889458 0.02281896 -0.03870000
v -0.02866682 0.02366896 -0.03870000
v -0.02804458 0.02429120 -0.03870000
v -0.02634458 0.02429120 -0.03870000
v -0.02719458 0.02451896 -0.03870000
v -0.01369144 0.02892308 -0.02600000
v -0.01786331 0.02748669 -0.02600000
v 0.02771281 0.02600000 -0.02600000
v 0.02673948 0.02700000 -0.02600000
v 0.02224860 0.02700000 -0.02600000
v -0.01094464 0.03007016 -0.02600000
v 0.01094464 0.03007016 -0.02600000
v 0.01786331 0.02748669 -0.02600000
v 0.01369144 0.02892308 -0.02600000
v 0.00555674 0.03151385 -0.02600000
v -0.00000000 0.03200000 -0.02600000
v -0.00555674 0.03151385 -0.02600000
v -0.03672533 -0.00350000 -0.04170000
v -0.03550000 -0.00350000 -0.04170000
v -0.03375000 -0.00303109 -0.04170000
v -0.02909921 -0.00403786 -0.04170000
v -0.02953786 -0.00359921 -0.04170000
v 0.01094464 -0.03007016 -0.04170000
v 0.00555674 -0.03151385 -0.04170000
v -0.02746214 -0.00359921 -0.04170000
v 0.03611731 -0.01181270 -0.04170000
v 0.03380793 -0.01735005 -0.04170000
v 0.03550000 -0.00350000 -0.04170000
v -0.03747420 -0.00383729 -0.04170000
v -0.03713599 -0.00358821 -0.04170000
v -0.03768030 -0.00420328 -0.04170000
v 0.01600000 0.02771281 -0.04170000
v 0.02056920 0.02451342 -0.04170000
v -0.02746214 -0.00240079 -0.04170000
v -0.03375000 0.00303109 -0.04170000
v -0.02780235 0.01937213 -0.04170000
v -0.02599751 0.01953004 -0.04170000
v -0.02944434 -0.02013781 -0.04170000
v -0.02850000 -0.00419842 -0.04170000
v -0.02056920 -0.02451342 -0.04170000
v -0.02451342 -0.02056920 -0.04170000
v -0.02790079 -0.00403786 -0.04170000
v 0.03200000 -0.00000000 -0.04170000
v 0.02780235 -0.01937213 -0.04170000
v 0.02599751 -0.01953004 -0.04170000
v -0.02790079 -0.00196214 -0.04170000
v -0.02850000 -0.00180158 -0.04170000
v -0.02056920 0.02451342 -0.04170000
v -0.02909921 -0.00196214 -0.04170000
v -0.03117347 -0.02114842 -0.04170000
v -0.03156660 -0.02100053 -0.04170000
v -0.01600000 -0.02771281 -0.04170000
v -0.02557846 -0.01971442 -0.04170000
v -0.02688953 -0.01933228 -0.04170000
v -0.02824705 -0.01948095 -0.04170000
v -0.02451342 0.02056920 -0.04170000
v -0.03246891 0.00175000 -0.04170000
v -0.03200000 -0.00000000 -0.04170000
v -0.02953786 -0.00240079 -0.04170000
v -0.03246891 -0.00175000 -0.04170000
v -0.02969842 -0.00300000 -0.04170000
v -0.03117347 0.02114842 -0.04170000
v -0.03075428 0.02112183 -0.04170000
v -0.03038299 0.02092543 -0.04170000
v -0.02944434 0.02013781 -0.04170000
v -0.03550000 0.00350000 -0.04170000
v -0.03672533 0.00350000 -0.04170000
v -0.00000000 -0.03200000 -0.04170000
v -0.00555674 -0.03151385 -0.04170000
v -0.01094464 -0.03007016 -0.04170000
v -0.02730158 -0.00300000 -0.04170000
v 0.03246891 0.00175000 -0.04170000
v 0.03375000 0.00303109 -0.04170000
v 0.02451342 0.02056920 -0.04170000
v 0.02557846 0.01971442 -0.04170000
v 0.03380793 0.01735005 -0.04170000
v 0.03611731 0.01181270 -0.04170000
v 0.03550000 0.00350000 -0.04170000
v 0.03752638 0.00598090 -0.04170000
v 0.03672533 0.00350000 -0.04170000
v -0.01600000 0.02771281 -0.04170000
v -0.01094464 0.03007016 -0.04170000
v -0.00555674 0.03151385 -0.04170000
v -0.00000000 0.03200000 -0.04170000
v -0.03038299 -0.02092543 -0.04170000
v -0.03075428 -0.02112183 -0.04170000
v 0.03117347 0.02114842 -0.04170000
v 0.03156660 0.02100053 -0.04170000
v 0.03186432 0.02070424 -0.04170000
v 0.03246891 -0.00175000 -0.04170000
v 0.03375000 -0.00303109 -0.04170000
v 0.02944434 -0.02013781 -0.04170000
v 0.03038299 -0.02092543 -0.04170000
v 0.03747420 -0.00383729 -0.04170000
v 0.03768030 -0.00420328 -0.04170000
v 0.03771791 -0.00462162 -0.04170000
v 0.02451342 -0.02056920 -0.04170000
v 0.02056920 -0.02451342 -0.04170000
v 0.01600000 -0.02771281 -0.04170000
v 0.00555674 0.03151385 -0.04170000
v 0.01094464 0.03007016 -0.04170000
v -0.03156660 0.02100053 -0.04170000
v -0.03713599 0.00358821 -0.04170000
v -0.03747420 0.00383729 -0.04170000
v -0.03768030 0.00420328 -0.04170000
v 0.03747420 0.00383729 -0.04170000
v 0.03713599 0.00358821 -0.04170000
v 0.03768030 0.00420328 -0.04170000
v 0.03771791 0.00462162 -0.04170000
v 0.02688953 0.01933228 -0.04170000
v 0.02824705 0.01948095 -0.04170000
v 0.02944434 0.02013781 -0.04170000
v 0.03038299 0.02092543 -0.04170000
v 0.03075428 0.02112183 -0.04170000
v 0.03117347 -0.02114842 -0.04170000
v 0.03075428 -0.02112183 -0.04170000
v 0.03156660 -0.02100053 -0.04170000
v 0.03186432 -0.02070424 -0.04170000
v 0.03752638 -0.00598090 -0.04170000
v 0.03672533 -0.00350000 -0.04170000
v 0.03713599 -0.00358821 -0.04170000
v -0.02224860 -0.02700000 -0.02600000
v -0.02224860 -0.02700000 -0.03870000
v 0.02056920 0.02451342 -0.03870000
v 0.02451342 0.02056920 -0.03870000
v 0.01369144 0.02892308 -0.03870000
v 0.01600000 0.02771281 -0.03870000
v 0.01700000 0.02600000 -0.02300000
v 0.02632489 0.02600000 -0.02300000
v 0.02771281 0.02600000 -0.02400000
v -0.02632489 0.02600000 -0.02100000
v -0.01700000 0.02600000 -0.02100000
v 0.00841798 0.02600000 -0.01619260
v 0.01202170 0.02600000 -0.01373103
v 0.01493796 0.02600000 -0.01048427
v 0.01700000 0.02600000 -0.00663796
v -0.01700000 0.02600000 -0.00663796
v -0.01493796 0.02600000 -0.01048427
v -0.01202170 0.02600000 -0.01373103
v -0.00841798 0.02600000 -0.01619260
v -0.00433287 0.02600000 -0.01772819
v -0.00000000 0.02600000 -0.01825000
v 0.00433287 0.02600000 -0.01772819
v -0.02802602 0.02415662 -0.02100000
v -0.03699675 0.00049026 -0.02100000
v -0.02632489 -0.02600000 -0.02100000
v -0.02802602 -0.02415662 -0.02100000
v -0.02840129 -0.02383112 -0.02107500
v -0.02865629 -0.02340549 -0.02100000
v -0.03654082 0.00581103 -0.02100000
v -0.03517470 0.01147783 -0.02100000
v -0.03293552 0.01685975 -0.02100000
v -0.02987888 0.02182321 -0.02100000
v -0.02865629 0.02340549 -0.02100000
v -0.02840090 0.02383159 -0.02107500
v -0.02987888 -0.02182321 -0.02100000
v -0.03293552 -0.01685975 -0.02100000
v -0.03517470 -0.01147783 -0.02100000
v -0.03654082 -0.00581103 -0.02100000
v -0.03699675 -0.00049026 -0.02100000
v -0.03707500 -0.00000000 -0.02107500
v -0.01700000 -0.02600000 -0.02100000
v 0.02771281 -0.02600000 -0.02600000
v 0.02771281 -0.02600000 -0.02400000
v 0.02632489 -0.02600000 -0.02300000
v 0.01700000 -0.02600000 -0.02300000
v -0.00841798 -0.02600000 -0.01619260
v -0.01202170 -0.02600000 -0.01373103
v -0.01493796 -0.02600000 -0.01048427
v -0.01700000 -0.02600000 -0.00663796
v 0.01700000 -0.02600000 -0.00663796
v 0.01493796 -0.02600000 -0.01048427
v 0.01202170 -0.02600000 -0.01373103
v 0.00841798 -0.02600000 -0.01619260
v 0.00433287 -0.02600000 -0.01772819
v -0.00000000 -0.02600000 -0.01825000
v -0.00433287 -0.02600000 -0.01772819
v 0.02224860 -0.02700000 -0.02600000
v 0.02673948 -0.02700000 -0.02600000
v 0.01786331 -0.02748669 -0.02600000
v -0.01786331 -0.02748669 -0.02600000
v 0.01369144 -0.02892308 -0.02600000
v -0.01369144 -0.02892308 -0.02600000
v 0.01094464 -0.03007016 -0.02600000
v -0.01094464 -0.03007016 -0.02600000
v -0.00555674 -0.03151385 -0.02600000
v 0.00555674 -0.03151385 -0.02600000
v -0.00000000 -0.03200000 -0.02600000
v 0.02224860 0.02700000 -0.03870000
v 0.01786331 0.02748669 -0.03870000
v 0.02673948 0.02700000 -0.03870000
v 0.03068642 0.02241302 -0.02400000
v 0.02673948 -0.02700000 -0.03870000
v 0.03065579 -0.02245490 -0.03870000
v 0.03065579 0.02245490 -0.03870000
v 0.03186432 0.02070424 -0.03870000
v 0.03771791 -0.00462162 -0.03870000
v 0.03186432 -0.02070424 -0.03870000
v 0.03382567 -0.01731542 -0.02400000
v 0.03068642 -0.02241302 -0.02400000
v 0.03382567 0.01731542 -0.02400000
v 0.03612537 0.01178805 -0.02400000
v 0.03752841 0.00596809 -0.02400000
v 0.03771791 0.00462162 -0.03870000
v 0.03800000 -0.00000000 -0.03870000
v 0.03800000 -0.00000000 -0.02400000
v 0.03752841 -0.00596809 -0.02400000
v 0.03612537 -0.01178805 -0.02400000
v 0.03156660 0.02100053 -0.03870000
v 0.03117347 0.02114842 -0.03870000
v 0.03075428 0.02112183 -0.03870000
v 0.03038299 0.02092543 -0.03870000
v 0.02944434 0.02013781 -0.03870000
v 0.02557846 0.01971442 -0.03870000
v 0.02688953 0.01933228 -0.03870000
v 0.02824705 0.01948095 -0.03870000
v 0.01369144 -0.02892308 -0.03870000
v -0.02056920 -0.02451342 -0.03870000
v -0.02451342 -0.02056920 -0.03870000
v -0.01369144 -0.02892308 -0.03870000
v -0.01600000 -0.02771281 -0.03870000
v 0.01600000 -0.02771281 -0.03870000
v 0.02056920 -0.02451342 -0.03870000
v 0.02451342 -0.02056920 -0.03870000
v -0.01786331 -0.02748669 -0.03870000
v -0.02000000 0.02300000 -0.02100000
v -0.02726146 -0.02439254 -0.02100000
v -0.02000000 -0.02300000 -0.02100000
v -0.02875587 0.02261158 -0.02100000
v -0.02562370 -0.02293279 -0.02100000
v -0.02588234 -0.02368996 -0.02100000
v -0.03656271 0.00116244 -0.02100000
v -0.02726146 0.02439254 -0.02100000
v -0.02647964 0.02422235 -0.02100000
v -0.02000000 -0.02280351 -0.02100000
v -0.02008419 -0.02240190 -0.02100000
v -0.02032258 -0.02206791 -0.02100000
v -0.02647964 -0.02422235 -0.02100000
v -0.02875587 -0.02261158 -0.02100000
v -0.02577047 -0.02214624 -0.02100000
v -0.02295712 -0.01931245 -0.02100000
v -0.02628479 -0.02153331 -0.02100000
v -0.02703390 -0.02125218 -0.02100000
v -0.02295712 0.01931245 -0.02100000
v -0.02032258 0.02206791 -0.02100000
v -0.02562370 0.02293279 -0.02100000
v -0.02008419 0.02240190 -0.02100000
v -0.02845250 -0.02187119 -0.02100000
v -0.02782448 -0.02137541 -0.02100000
v -0.02588234 0.02368996 -0.02100000
v -0.02000000 0.02280351 -0.02100000
v -0.02577047 0.02214624 -0.02100000
v -0.02628479 0.02153331 -0.02100000
v -0.02522094 0.01624512 -0.02100000
v -0.02703390 0.02125218 -0.02100000
v -0.02707749 0.01291547 -0.02100000
v -0.02849679 0.00937726 -0.02100000
v -0.02782448 0.02137541 -0.02100000
v -0.03585441 0.00153461 -0.02100000
v -0.03505464 0.00151072 -0.02100000
v -0.02845250 0.02187119 -0.02100000
v -0.02522094 -0.01624512 -0.02100000
v -0.02707749 -0.01291547 -0.02100000
v -0.02849679 -0.00937726 -0.02100000
v -0.02945592 0.00568762 -0.02100000
v -0.03436980 0.00109694 -0.02100000
v -0.02993938 0.00190613 -0.02100000
v -0.03397666 0.00040006 -0.02100000
v -0.02993938 -0.00190613 -0.02100000
v -0.03397666 -0.00040006 -0.02100000
v -0.02945592 -0.00568762 -0.02100000
v -0.03436980 -0.00109694 -0.02100000
v -0.03505464 -0.00151072 -0.02100000
v -0.03585441 -0.00153461 -0.02100000
v -0.03656271 -0.00116244 -0.02100000
v 0.02987888 -0.02182321 -0.02300000
v 0.02987888 0.02182321 -0.02300000
v 0.03293552 0.01685975 -0.02300000
v 0.03517470 0.01147783 -0.02300000
v 0.03654082 0.00581103 -0.02300000
v 0.03700000 -0.00000000 -0.02300000
v 0.03654082 -0.00581103 -0.02300000
v 0.03517470 -0.01147783 -0.02300000
v 0.03293552 -0.01685975 -0.02300000
v 0.02000000 -0.02300000 -0.02300000
v 0.02000000 0.02300000 -0.02300000
v 0.02000000 0.02280351 -0.02300000
v 0.02008419 0.02240190 -0.02300000
v 0.02032258 0.02206791 -0.02300000
v 0.02522094 0.01624512 -0.02300000
v 0.02707749 0.01291547 -0.02300000
v 0.02849679 0.00937726 -0.02300000
v 0.02945592 0.00568762 -0.02300000
v 0.02295712 -0.01931245 -0.02300000
v 0.02032258 -0.02206791 -0.02300000
v 0.02993938 0.00190613 -0.02300000
v 0.02993938 -0.00190613 -0.02300000
v 0.02945592 -0.00568762 -0.02300000
v 0.02849679 -0.00937726 -0.02300000
v 0.02707749 -0.01291547 -0.02300000
v 0.02522094 -0.01624512 -0.02300000
v 0.02008419 -0.02240190 -0.02300000
v 0.02000000 -0.02280351 -0.02300000
v 0.02295712 0.01931245 -0.02300000
v 0.01900000 0.02400000 -0.02273205
v 0.01826795 0.02473205 -0.02200000
v 0.01700000 0.02600000 0.01130000
v 0.01800000 0.02500000 0.01130000
v 0.01800000 0.02500000 -0.02100000
v 0.01806815 0.02493185 -0.02151764
v -0.01900000 0.02400000 -0.02073205
v -0.01826795 0.02473205 -0.02000000
v -0.01806815 0.02493185 -0.01951764
v -0.01800000 0.02500000 -0.01900000
v -0.01800000 0.02500000 0.01130000
v -0.01700000 0.02600000 0.01130000
v -0.01900000 -0.02400000 -0.02073205
v -0.01826795 -0.02473205 -0.02000000
v -0.01700000 -0.02600000 0.01130000
v -0.01800000 -0.02500000 0.01130000
v -0.01800000 -0.02500000 -0.01900000
v -0.01806815 -0.02493185 -0.01951764
v 0.01900000 -0.02400000 -0.02273205
v 0.01826795 -0.02473205 -0.02200000
v 0.01806815 -0.02493185 -0.02151764
v 0.01800000 -0.02500000 -0.02100000
v 0.01800000 -0.02500000 0.01130000
v 0.01700000 -0.02600000 0.01130000
v 0.02224860 -0.02700000 -0.03870000
v 0.01786331 -0.02748669 -0.03870000
v -0.01980411 0.02150491 -0.02084776
v -0.01938326 0.02209452 -0.02084776
v -0.01923463 0.02280351 -0.02084776
v -0.01900000 0.02280351 -0.02073205
v -0.01878904 0.02183394 -0.02041421
v -0.01858579 0.02280351 -0.02041421
v -0.01826795 0.02280351 -0.02000000
v -0.01839199 0.02165982 -0.01976537
v -0.01815224 0.02280351 -0.01976537
v -0.01825257 0.02159868 -0.01900000
v -0.01800000 0.02280351 -0.01900000
v -0.01936457 0.02102762 -0.02041421
v -0.01907087 0.02070871 -0.01976537
v -0.01896774 0.02059672 -0.01900000
v -0.02154315 -0.01812296 -0.01976537
v -0.01907087 -0.02070871 -0.01976537
v -0.01896774 -0.02059672 -0.01900000
v -0.02142664 -0.01802495 -0.01900000
v -0.02241059 -0.01678587 -0.01900000
v -0.02366753 -0.01524456 -0.01976537
v -0.02353955 -0.01516212 -0.01900000
v -0.02540974 -0.01211998 -0.01976537
v -0.02509949 -0.01241030 -0.01900000
v -0.02527233 -0.01205444 -0.01900000
v -0.02674162 -0.00879969 -0.01976537
v -0.02659700 -0.00875211 -0.01900000
v -0.02694398 -0.00761721 -0.01900000
v -0.02764167 -0.00533731 -0.01976537
v -0.02749219 -0.00530844 -0.01900000
v -0.02809536 -0.00178873 -0.01976537
v -0.02788200 -0.00256787 -0.01900000
v -0.02794342 -0.00177906 -0.01900000
v -0.02809536 0.00178873 -0.01976537
v -0.02794342 0.00177906 -0.01900000
v -0.02788200 0.00256787 -0.01900000
v -0.02764167 0.00533731 -0.01976537
v -0.02749219 0.00530844 -0.01900000
v -0.02674162 0.00879969 -0.01976537
v -0.02694398 0.00761721 -0.01900000
v -0.02659700 0.00875211 -0.01900000
v -0.02540974 0.01211998 -0.01976537
v -0.02527233 0.01205444 -0.01900000
v -0.02509949 0.01241030 -0.01900000
v -0.02366753 0.01524456 -0.01976537
v -0.02353955 0.01516212 -0.01900000
v -0.02154315 0.01812296 -0.01976537
v -0.02142664 0.01802495 -0.01900000
v -0.02241059 0.01678587 -0.01900000
v -0.02187491 0.01840205 -0.02041421
v -0.02403202 0.01547932 -0.02041421
v -0.02580105 0.01230663 -0.02041421
v -0.02715344 0.00893521 -0.02041421
v -0.02806735 0.00541950 -0.02041421
v -0.02852803 0.00181628 -0.02041421
v -0.02852803 -0.00181628 -0.02041421
v -0.02806735 -0.00541950 -0.02041421
v -0.02715344 -0.00893521 -0.02041421
v -0.02580105 -0.01230663 -0.02041421
v -0.02403202 -0.01547932 -0.02041421
v -0.02187491 -0.01840205 -0.02041421
v -0.01936457 -0.02102762 -0.02041421
v -0.02237143 0.01881975 -0.02084776
v -0.02457750 0.01583068 -0.02084776
v -0.02638669 0.01258597 -0.02084776
v -0.02776977 0.00913802 -0.02084776
v -0.02870443 0.00554251 -0.02084776
v -0.02917556 0.00185750 -0.02084776
v -0.02917556 -0.00185750 -0.02084776
v -0.02870443 -0.00554251 -0.02084776
v -0.02776977 -0.00913802 -0.02084776
v -0.02638669 -0.01258597 -0.02084776
v -0.02457750 -0.01583068 -0.02084776
v -0.02237143 -0.01881975 -0.02084776
v -0.01980411 -0.02150491 -0.02084776
v -0.01826795 -0.02280351 -0.02000000
v -0.01815224 -0.02280351 -0.01976537
v -0.01839199 -0.02165982 -0.01976537
v -0.01938326 -0.02209452 -0.02084776
v -0.01878904 -0.02183394 -0.02041421
v -0.01858579 -0.02280351 -0.02041421
v -0.01900000 -0.02280351 -0.02073205
v -0.01923463 -0.02280351 -0.02084776
v -0.01800000 -0.02280351 -0.01900000
v -0.01825257 -0.02159868 -0.01900000
v 0.01825257 -0.02159868 -0.02100000
v 0.01800000 -0.02280351 -0.02100000
v 0.01815224 -0.02280351 -0.02176537
v 0.01896774 -0.02059672 -0.02100000
v 0.01839199 -0.02165982 -0.02176537
v 0.01826795 -0.02280351 -0.02200000
v 0.01878904 -0.02183394 -0.02241421
v 0.01907087 -0.02070871 -0.02176537
v 0.01936457 -0.02102762 -0.02241421
v 0.01938326 -0.02209452 -0.02284776
v 0.01980411 -0.02150491 -0.02284776
v 0.01923463 -0.02280351 -0.02284776
v 0.01900000 -0.02280351 -0.02273205
v 0.01858579 -0.02280351 -0.02241421
v 0.02509949 0.01241030 -0.02100000
v 0.02527233 0.01205444 -0.02100000
v 0.02540974 0.01211998 -0.02176537
v 0.02788200 0.00256787 -0.02100000
v 0.02794342 0.00177906 -0.02100000
v 0.02809536 0.00178873 -0.02176537
v 0.02694398 -0.00761721 -0.02100000
v 0.02659700 -0.00875211 -0.02100000
v 0.02674162 -0.00879969 -0.02176537
v 0.02241059 -0.01678587 -0.02100000
v 0.02142664 -0.01802495 -0.02100000
v 0.02154315 -0.01812296 -0.02176537
v 0.01980411 0.02150491 -0.02284776
v 0.02237143 0.01881975 -0.02284776
v 0.02457750 0.01583068 -0.02284776
v 0.02638669 0.01258597 -0.02284776
v 0.02776977 0.00913802 -0.02284776
v 0.02870443 0.00554251 -0.02284776
v 0.02917556 0.00185750 -0.02284776
v 0.02917556 -0.00185750 -0.02284776
v 0.02870443 -0.00554251 -0.02284776
v 0.02776977 -0.00913802 -0.02284776
v 0.02638669 -0.01258597 -0.02284776
v 0.02457750 -0.01583068 -0.02284776
v 0.02237143 -0.01881975 -0.02284776
v 0.02187491 -0.01840205 -0.02241421
v 0.02403202 -0.01547932 -0.02241421
v 0.02366753 -0.01524456 -0.02176537
v 0.02353955 -0.01516212 -0.02100000
v 0.02540974 -0.01211998 -0.02176537
v 0.02527233 -0.01205444 -0.02100000
v 0.02509949 -0.01241030 -0.02100000
v 0.02580105 -0.01230663 -0.02241421
v 0.02715344 -0.00893521 -0.02241421
v 0.02806735 -0.00541950 -0.02241421
v 0.02764167 -0.00533731 -0.02176537
v 0.02749219 -0.00530844 -0.02100000
v 0.02809536 -0.00178873 -0.02176537
v 0.02794342 -0.00177906 -0.02100000
v 0.02788200 -0.00256787 -0.02100000
v 0.02852803 -0.00181628 -0.02241421
v 0.02852803 0.00181628 -0.02241421
v 0.02806735 0.00541950 -0.02241421
v 0.02764167 0.00533731 -0.02176537
v 0.02749219 0.00530844 -0.02100000
v 0.02674162 0.00879969 -0.02176537
v 0.02659700 0.00875211 -0.02100000
v 0.02694398 0.00761721 -0.02100000
v 0.02715344 0.00893521 -0.02241421
v 0.02580105 0.01230663 -0.02241421
v 0.02403202 0.01547932 -0.02241421
v 0.02366753 0.01524456 -0.02176537
v 0.02353955 0.01516212 -0.02100000
v 0.02154315 0.01812296 -0.02176537
v 0.02142664 0.01802495 -0.02100000
v 0.02241059 0.01678587 -0.02100000
v 0.02187491 0.01840205 -0.02241421
v 0.01936457 0.02102762 -0.02241421
v 0.01907087 0.02070871 -0.02176537
v 0.01896774 0.02059672 -0.02100000
v 0.01825257 0.02159868 -0.02100000
v 0.01839199 0.02165982 -0.02176537
v 0.01800000 0.02280351 -0.02100000
v 0.01815224 0.02280351 -0.02176537
v 0.01826795 0.02280351 -0.02200000
v 0.01878904 0.02183394 -0.02241421
v 0.01858579 0.02280351 -0.02241421
v 0.01900000 0.02280351 -0.02273205
v 0.01938326 0.02209452 -0.02284776
v 0.01923463 0.02280351 -0.02284776
v 0.01800000 0.02280351 0.01130000
v -0.01800000 0.02280351 0.01130000
v -0.01800000 -0.02280351 0.01130000
v 0.01800000 -0.02280351 0.01130000
v -0.01825257 0.02159868 0.01130000
v -0.01896774 0.02059672 0.01130000
v -0.02241059 0.01678587 0.01130000
v -0.02509949 0.01241030 0.01130000
v -0.02694398 0.00761721 0.01130000
v -0.02788200 0.00256787 0.01130000
v -0.02788200 -0.00256787 0.01130000
v -0.02694398 -0.00761721 0.01130000
v -0.02509949 -0.01241030 0.01130000
v -0.02241059 -0.01678587 0.01130000
v -0.01896774 -0.02059672 0.01130000
v -0.01825257 -0.02159868 0.01130000
v 0.01825257 -0.02159868 0.01130000
v 0.01896774 -0.02059672 0.01130000
v 0.02241059 -0.01678587 0.01130000
v 0.02509949 -0.01241030 0.01130000
v 0.02694398 -0.00761721 0.01130000
v 0.02788200 -0.00256787 0.01130000
v 0.02788200 0.00256787 0.01130000
v 0.02694398 0.00761721 0.01130000
v 0.02509949 0.01241030 0.01130000
v 0.02241059 0.01678587 0.01130000
v 0.01896774 0.02059672 0.01130000
v 0.01825257 0.02159868 0.01130000
v -0.00616705 0.02433059 0.01503429
v -0.00598557 0.02437587 0.01510746
v -0.00598425 0.02800000 0.01510799
v 0.00871021 0.02800000 0.01371841
v 0.00598425 0.02800000 0.01510799
v 0.00611535 0.02434363 0.01505540
v 0.00740661 0.02398233 0.01446391
v 0.00879716 0.02350787 0.01366282
v 0.01112738 0.02800000 0.01184247
v 0.01000088 0.02302156 0.01280800
v 0.01112738 0.02249870 0.01184247
v 0.00212292 0.02501006 0.01611073
v 0.00304684 0.02491439 0.01596181
v 0.00304612 0.02800000 0.01596194
v 0.00342081 0.02486580 0.01588586
v 0.00478611 0.02463946 0.01552919
v 0.00070269 0.02509016 0.01623480
v -0.00000000 0.02800000 0.01625000
v -0.00000000 0.02510000 0.01625000
v -0.00304612 0.02800000 0.01596194
v -0.00211647 0.02501061 0.01611158
v -0.00071011 0.02508995 0.01623448
v -0.00564378 0.02445726 0.01523845
v -0.00426547 0.02473491 0.01568019
v -0.00284935 0.02493775 0.01599824
v -0.00698435 0.02410869 0.01467247
v -0.00871021 0.02800000 0.01371841
v -0.00714758 0.02406080 0.01459365
v -0.01089709 0.02261113 0.01205470
v -0.01112738 0.02800000 0.01184247
v -0.01104247 0.02254049 0.01192167
v -0.01112738 0.02249870 0.01184247
v -0.01009009 0.02298260 0.01273784
v -0.00972293 0.02314033 0.01302026
v -0.00847206 0.02362698 0.01386675
v -0.01249690 0.02657346 0.01130000
v -0.01249690 0.02176781 0.01130000
v -0.01199400 0.02699167 0.01136426
v -0.01176038 0.02217439 0.01144056
v -0.01113186 0.02799349 0.01183827
v -0.01128259 0.02778467 0.01171083
v -0.01174481 0.02723935 0.01144680
v 0.01113186 0.02799349 0.01183827
v 0.01176038 0.02217439 0.01144056
v 0.01249690 0.02176781 0.01130000
v 0.01249690 0.02657346 0.01130000
v 0.01199400 0.02699167 0.01136426
v 0.01174481 0.02723935 0.01144680
v 0.01128259 0.02778467 0.01171083
v 0.01155416 -0.02228254 0.01153613
v 0.01008256 -0.02298591 0.00689000
v 0.01112738 -0.02249870 0.01184247
v 0.01008256 -0.02298591 0.01274381
v 0.01172017 -0.02219567 0.01145699
v 0.01223407 -0.02191660 0.01131735
v 0.01372840 -0.02101288 0.00689000
v 0.01237917 -0.02183497 0.01130347
v 0.00871269 -0.02353931 0.01371684
v 0.00616169 -0.02433195 0.00689000
v 0.00822276 -0.02371489 0.01401602
v 0.00207274 -0.02501427 0.01611727
v 0.00304868 -0.02491416 0.01596146
v 0.00207274 -0.02501427 0.00689000
v 0.00417109 -0.02475100 0.01570556
v 0.00616169 -0.02433195 0.01503649
v 0.00000425 -0.02510000 0.01625000
v -0.00207274 -0.02501427 0.00689000
v -0.00207274 -0.02501427 0.01611727
v -0.00822350 -0.02371464 0.01401559
v -0.00616169 -0.02433195 0.01503649
v -0.00616169 -0.02433195 0.00689000
v -0.00417231 -0.02475080 0.01570523
v -0.00304869 -0.02491416 0.01596146
v -0.01177009 -0.02216924 0.01143674
v -0.01131560 -0.02240462 0.01168614
v -0.01008256 -0.02298591 0.00689000
v -0.01372840 -0.02101288 0.00689000
v -0.01249690 -0.02176781 0.01130000
v -0.01197241 -0.02206063 0.01137000
v -0.01112738 -0.02249870 0.01184247
v -0.01008256 -0.02298591 0.01274381
v -0.00871268 -0.02353931 0.01371684
v -0.01008256 0.02298591 0.00689000
v -0.01372840 0.02101288 0.00689000
v -0.01372840 0.02101288 0.01130000
v -0.01699977 0.01846667 0.00689000
v -0.01699977 0.01846667 0.01130000
v -0.01980743 0.01541674 0.00689000
v -0.01980743 0.01541674 0.01130000
v -0.02207479 0.01194628 0.00689000
v -0.02207479 0.01194628 0.01130000
v -0.02374001 0.00814996 0.00689000
v -0.02374001 0.00814996 0.01130000
v -0.02475767 0.00413132 0.00689000
v -0.02475767 0.00413132 0.01130000
v -0.02510000 -0.00000000 0.00689000
v -0.02510000 -0.00000000 0.01130000
v -0.02475767 -0.00413132 0.00689000
v -0.02475767 -0.00413132 0.01130000
v -0.02374001 -0.00814996 0.00689000
v -0.02374001 -0.00814996 0.01130000
v -0.02207479 -0.01194628 0.00689000
v -0.02207479 -0.01194628 0.01130000
v -0.01980743 -0.01541674 0.00689000
v -0.01980743 -0.01541674 0.01130000
v -0.01699977 -0.01846667 0.00689000
v -0.01699977 -0.01846667 0.01130000
v -0.01372840 -0.02101288 0.01130000
v -0.00616169 0.02433195 0.00689000
v -0.00207274 0.02501427 0.00689000
v 0.00207274 0.02501427 0.00689000
v 0.00616169 0.02433195 0.00689000
v 0.01008256 0.02298591 0.00689000
v 0.01372840 0.02101288 0.00689000
v 0.01249690 -0.02176781 0.01130000
v 0.01372840 -0.02101288 0.01130000
v 0.01699977 -0.01846667 0.00689000
v 0.01699977 -0.01846667 0.01130000
v 0.01980743 -0.01541674 0.00689000
v 0.01980743 -0.01541674 0.01130000
v 0.02207479 -0.01194628 0.00689000
v 0.02207479 -0.01194628 0.01130000
v 0.02374001 -0.00814996 0.00689000
v 0.02374001 -0.00814996 0.01130000
v 0.02475767 -0.00413132 0.00689000
v 0.02475767 -0.00413132 0.01130000
v 0.02510000 -0.00000000 0.00689000
v 0.02510000 -0.00000000 0.01130000
v 0.02475767 0.00413132 0.00689000
v 0.02475767 0.00413132 0.01130000
v 0.02374001 0.00814996 0.00689000
v 0.02374001 0.00814996 0.01130000
v 0.02207479 0.01194628 0.00689000
v 0.02207479 0.01194628 0.01130000
v 0.01980743 0.01541674 0.00689000
v 0.01980743 0.01541674 0.01130000
v 0.01699977 0.01846667 0.00689000
v 0.01699977 0.01846667 0.01130000
v 0.01372840 0.02101288 0.01130000
v 0.01249690 -0.02657346 0.01130000
v 0.01199400 -0.02699167 0.01136426
v 0.01174481 -0.02723935 0.01144680
v 0.01128259 -0.02778467 0.01171083
v 0.01113186 -0.02799349 0.01183827
v 0.01112738 -0.02800000 0.01184247
v -0.00304612 -0.02800000 0.01596194
v -0.00871021 -0.02800000 0.01371841
v -0.01112738 -0.02800000 0.01184247
v -0.00598425 -0.02800000 0.01510799
v -0.00000000 -0.02800000 0.01625000
v 0.00304612 -0.02800000 0.01596194
v 0.00598425 -0.02800000 0.01510799
v 0.00871021 -0.02800000 0.01371841
v -0.01174481 -0.02723935 0.01144680
v -0.01199400 -0.02699167 0.01136426
v -0.01249690 -0.02657346 0.01130000
v -0.01113186 -0.02799349 0.01183827
v -0.01128259 -0.02778467 0.01171083
v -0.01250000 0.02238660 0.01300000
v -0.01825257 0.02159868 0.01300000
v -0.01243497 0.02214003 0.01300000
v -0.01896774 0.02059672 0.01300000
v -0.02183762 0.01752479 0.01300000
v 0.02183762 0.01752479 0.01300000
v 0.01243497 0.02214003 0.01300000
v 0.01225680 0.02195759 0.01300000
v -0.01300000 0.02600000 0.01300000
v -0.01700000 0.02600000 0.01300000
v -0.01800000 0.02500000 0.01300000
v 0.01250000 -0.02238660 0.01300000
v 0.01825257 -0.02159868 0.01300000
v 0.01243497 -0.02214003 0.01300000
v 0.01896774 -0.02059672 0.01300000
v 0.02183762 -0.01752479 0.01300000
v 0.01187500 -0.02056810 0.01300000
v 0.01201183 -0.02188674 0.01300000
v 0.01526621 -0.01819356 0.01300000
v 0.01225680 -0.02195759 0.01300000
v 0.01819356 -0.01526621 0.01300000
v 0.01300000 -0.02600000 0.01300000
v 0.01700000 -0.02600000 0.01300000
v 0.01800000 -0.02500000 0.01300000
v 0.01896774 0.02059672 0.01300000
v 0.01825257 0.02159868 0.01300000
v 0.01250000 0.02238660 0.01300000
v 0.01800000 0.02280351 0.01300000
v 0.01250000 0.02550000 0.01300000
v 0.01800000 0.02500000 0.01300000
v -0.01250000 0.02550000 0.01300000
v -0.01256699 0.02575000 0.01300000
v -0.01275000 0.02593301 0.01300000
v 0.01275000 0.02593301 0.01300000
v 0.01256699 0.02575000 0.01300000
v 0.01300000 0.02600000 0.01300000
v 0.01700000 0.02600000 0.01300000
v 0.02338918 -0.00412414 0.01300000
v 0.02792099 -0.00210196 0.01300000
v 0.02375000 -0.00000000 0.01300000
v 0.02792099 0.00210196 0.01300000
v 0.02338918 0.00412414 0.01300000
v 0.02729160 0.00625850 0.01300000
v 0.02231770 0.00812298 0.01300000
v 0.02604699 0.01027396 0.01300000
v 0.02056810 0.01187500 0.01300000
v 0.02421524 0.01405782 0.01300000
v 0.01819356 0.01526621 0.01300000
v 0.01526621 0.01819356 0.01300000
v 0.01187500 0.02056810 0.01300000
v 0.01201183 0.02188674 0.01300000
v 0.01176378 0.02194592 0.01300000
v 0.00812298 0.02231770 0.01300000
v 0.00802246 0.02357223 0.01300000
v 0.00412414 0.02338918 0.01300000
v 0.00406580 0.02456582 0.01300000
v -0.00000000 0.02375000 0.01300000
v -0.00000000 0.02490000 0.01300000
v -0.00412414 0.02338918 0.01300000
v -0.00406580 0.02456582 0.01300000
v -0.00812298 0.02231770 0.01300000
v -0.00802246 0.02357223 0.01300000
v -0.01187500 0.02056810 0.01300000
v -0.01176378 0.02194592 0.01300000
v -0.01526621 0.01819356 0.01300000
v -0.01201183 0.02188674 0.01300000
v -0.01819356 0.01526621 0.01300000
v -0.01225680 0.02195759 0.01300000
v -0.01243497 -0.02214003 0.01300000
v -0.01825257 -0.02159868 0.01300000
v -0.01250000 -0.02238660 0.01300000
v -0.01800000 -0.02280351 0.01300000
v -0.01250000 -0.02550000 0.01300000
v -0.01800000 -0.02500000 0.01300000
v -0.01225680 -0.02195759 0.01300000
v -0.02183762 -0.01752479 0.01300000
v -0.01896774 -0.02059672 0.01300000
v -0.01800000 0.02280351 0.01300000
v 0.02056810 -0.01187500 0.01300000
v 0.02421524 -0.01405782 0.01300000
v 0.02231770 -0.00812298 0.01300000
v 0.02604699 -0.01027396 0.01300000
v 0.02729160 -0.00625850 0.01300000
v 0.01250000 -0.02550000 0.01300000
v 0.01256699 -0.02575000 0.01300000
v 0.01275000 -0.02593301 0.01300000
v -0.01275000 -0.02593301 0.01300000
v -0.01256699 -0.02575000 0.01300000
v -0.01300000 -0.02600000 0.01300000
v -0.01700000 -0.02600000 0.01300000
v -0.01526621 -0.01819356 0.01300000
v -0.01201183 -0.02188674 0.01300000
v -0.01187500 -0.02056810 0.01300000
v -0.01176378 -0.02194592 0.01300000
v -0.00812298 -0.02231770 0.01300000
v -0.00802246 -0.02357223 0.01300000
v -0.00412414 -0.02338918 0.01300000
v -0.00406580 -0.02456582 0.01300000
v -0.00000000 -0.02375000 0.01300000
v -0.00000000 -0.02490000 0.01300000
v 0.00412414 -0.02338918 0.01300000
v 0.00406580 -0.02456582 0.01300000
v 0.00812298 -0.02231770 0.01300000
v 0.00802246 -0.02357223 0.01300000
v 0.01176378 -0.02194592 0.01300000
v 0.01800000 -0.02280351 0.01300000
v -0.02338918 0.00412414 0.01300000
v -0.02792099 0.00210196 0.01300000
v -0.02375000 -0.00000000 0.01300000
v -0.02792099 -0.00210196 0.01300000
v -0.02338918 -0.00412414 0.01300000
v -0.02729160 -0.00625850 0.01300000
v -0.02231770 -0.00812298 0.01300000
v -0.02604699 -0.01027396 0.01300000
v -0.02056810 -0.01187500 0.01300000
v -0.02421524 -0.01405782 0.01300000
v -0.01819356 -0.01526621 0.01300000
v -0.02056810 0.01187500 0.01300000
v -0.02421524 0.01405782 0.01300000
v -0.02231770 0.00812298 0.01300000
v -0.02604699 0.01027396 0.01300000
v -0.02729160 0.00625850 0.01300000
v -0.02451342 -0.02056920 -0.04970000
v -0.02195973 -0.02327596 -0.04970000
v -0.02195973 -0.02327596 -0.04170000
v -0.01910907 -0.02566794 -0.04970000
v -0.01910907 -0.02566794 -0.04170000
v -0.01600000 -0.02771281 -0.04970000
v -0.01267455 -0.02938292 -0.04970000
v -0.01267455 -0.02938292 -0.04170000
v -0.00917770 -0.03065567 -0.04970000
v -0.00917770 -0.03065567 -0.04170000
v -0.00555674 -0.03151385 -0.04970000
v -0.00186063 -0.03194586 -0.04970000
v -0.00186063 -0.03194586 -0.04170000
v 0.00186063 -0.03194586 -0.04970000
v 0.00186063 -0.03194586 -0.04170000
v 0.00555674 -0.03151385 -0.04970000
v 0.00917770 -0.03065567 -0.04970000
v 0.00917770 -0.03065567 -0.04170000
v 0.01267455 -0.02938292 -0.04970000
v 0.01267455 -0.02938292 -0.04170000
v 0.01600000 -0.02771281 -0.04970000
v 0.01910907 -0.02566794 -0.04970000
v 0.01910907 -0.02566794 -0.04170000
v 0.02195973 -0.02327596 -0.04970000
v 0.02195973 -0.02327596 -0.04170000
v 0.02451342 -0.02056920 -0.04970000
v 0.02451342 0.02056920 -0.04970000
v 0.02195973 0.02327596 -0.04970000
v 0.02195973 0.02327596 -0.04170000
v 0.01910907 0.02566794 -0.04970000
v 0.01910907 0.02566794 -0.04170000
v 0.01600000 0.02771281 -0.04970000
v 0.01267455 0.02938292 -0.04970000
v 0.01267455 0.02938292 -0.04170000
v 0.00917770 0.03065567 -0.04970000
v 0.00917770 0.03065567 -0.04170000
v 0.00555674 0.03151385 -0.04970000
v 0.00186063 0.03194586 -0.04970000
v 0.00186063 0.03194586 -0.04170000
v -0.00186063 0.03194586 -0.04970000
v -0.00186063 0.03194586 -0.04170000
v -0.00555674 0.03151385 -0.04970000
v -0.00917770 0.03065567 -0.04970000
v -0.00917770 0.03065567 -0.04170000
v -0.01267455 0.02938292 -0.04970000
v -0.01267455 0.02938292 -0.04170000
v -0.01600000 0.02771281 -0.04970000
v -0.01910907 0.02566794 -0.04970000
v -0.01910907 0.02566794 -0.04170000
v -0.02195973 0.02327596 -0.04970000
v -0.02195973 0.02327596 -0.04170000
v -0.02451342 0.02056920 -0.04970000
f 1 2 3
f 4 5 6
f 7 8 9
f 10 11 12
f 13 14 15
f 16 17 18
f 19 20 21
f 21 20 22
f 23 24 25
f 25 24 26
f 25 26 21
f 21 26 27
f 21 27 19
f 28 29 30
f 30 29 31
f 30 31 25
f 25 31 32
f 25 32 23
f 28 30 33
f 33 30 34
f 33 34 35
f 36 37 38
f 38 37 39
f 38 39 34
f 34 39 40
f 34 40 35
f 41 42 43
f 43 42 44
f 43 44 38
f 38 44 45
f 38 45 36
f 41 43 46
f 46 43 47
f 46 47 48
f 49 50 51
f 51 50 52
f 50 49 53
f 50 53 47
f 47 53 54
f 47 54 48
f 52 50 55
f 55 50 56
f 55 56 57
f 17 58 18
f 18 58 59
f 18 59 56
f 56 59 60
f 56 60 57
f 16 18 61
f 61 18 62
f 61 62 63
f 64 65 66
f 66 65 67
f 66 67 62
f 62 67 68
f 62 68 63
f 14 69 15
f 15 69 70
f 15 70 66
f 66 70 71
f 66 71 64
f 13 15 72
f 72 15 73
f 72 73 74
f 75 76 77
f 75 77 73
f 73 77 78
f 73 78 74
f 76 75 79
f 79 75 80
f 79 80 81
f 82 83 84
f 84 83 85
f 84 85 80
f 80 85 86
f 80 86 81
f 11 87 12
f 12 87 88
f 12 88 84
f 84 88 89
f 84 89 82
f 9 8 12
f 12 8 90
f 12 90 10
f 91 92 93
f 93 92 94
f 93 94 9
f 9 94 95
f 9 95 7
f 91 93 96
f 96 93 97
f 96 97 98
f 99 100 101
f 101 100 102
f 101 102 97
f 97 102 103
f 97 103 98
f 104 105 106
f 106 105 107
f 106 107 101
f 101 107 99
f 104 106 108
f 108 106 109
f 108 109 110
f 111 112 113
f 113 112 114
f 113 114 109
f 109 114 115
f 109 115 110
f 116 117 118
f 118 117 119
f 118 119 113
f 113 119 120
f 113 120 111
f 6 5 118
f 118 5 121
f 118 121 116
f 3 2 6
f 6 2 122
f 6 122 4
f 20 123 22
f 22 123 124
f 124 123 125
f 125 126 124
f 124 126 127
f 124 127 3
f 3 127 128
f 3 128 1
f 22 129 21
f 21 129 130
f 21 130 25
f 25 130 131
f 25 131 30
f 30 131 132
f 30 132 34
f 34 132 133
f 34 133 38
f 38 133 134
f 38 134 43
f 43 134 135
f 43 135 47
f 47 135 136
f 47 136 50
f 50 136 137
f 50 137 56
f 56 137 138
f 56 138 18
f 18 138 139
f 18 139 62
f 62 139 140
f 62 140 66
f 66 140 141
f 66 141 15
f 15 141 142
f 15 142 73
f 73 142 143
f 73 143 75
f 75 143 144
f 75 144 80
f 80 144 145
f 80 145 84
f 84 145 146
f 84 146 12
f 12 146 147
f 12 147 9
f 9 147 148
f 9 148 93
f 93 148 149
f 93 149 97
f 97 149 150
f 97 150 101
f 101 150 151
f 101 151 106
f 106 151 152
f 106 152 109
f 109 152 153
f 109 153 113
f 113 153 154
f 113 154 118
f 118 154 155
f 118 155 6
f 6 155 156
f 6 156 3
f 3 156 157
f 3 157 124
f 124 157 158
f 124 158 22
f 22 158 129
f 71 70 159
f 159 70 160
f 160 70 69
f 160 69 161
f 69 14 161
f 161 14 13
f 161 13 162
f 162 13 72
f 162 72 163
f 164 63 165
f 165 63 68
f 166 16 164
f 164 16 61
f 164 61 63
f 52 55 167
f 167 55 168
f 168 55 57
f 168 57 169
f 57 60 169
f 169 60 59
f 169 59 170
f 170 59 58
f 170 58 166
f 166 58 17
f 166 17 16
f 68 67 165
f 165 67 65
f 165 65 159
f 159 65 64
f 159 64 71
f 171 46 172
f 172 46 48
f 172 48 173
f 174 36 175
f 175 36 45
f 45 44 175
f 175 44 42
f 175 42 171
f 171 42 41
f 171 41 46
f 35 176 33
f 33 176 177
f 33 177 28
f 178 179 24
f 180 27 179
f 179 27 26
f 179 26 24
f 24 23 178
f 178 23 32
f 178 32 181
f 181 32 31
f 181 31 177
f 177 31 29
f 177 29 28
f 35 40 176
f 176 40 39
f 176 39 174
f 174 39 37
f 174 37 36
f 48 54 173
f 173 54 53
f 173 53 182
f 182 53 49
f 182 49 167
f 167 49 51
f 167 51 52
f 121 5 183
f 183 5 4
f 183 4 184
f 184 4 122
f 184 122 185
f 122 2 185
f 185 2 1
f 185 1 186
f 186 1 128
f 186 128 187
f 188 104 189
f 189 104 108
f 189 108 190
f 108 110 190
f 190 110 115
f 190 115 191
f 191 115 114
f 191 114 192
f 192 114 112
f 192 112 193
f 193 112 111
f 193 111 194
f 194 111 120
f 194 120 195
f 120 119 195
f 195 119 117
f 195 117 183
f 183 117 116
f 183 116 121
f 196 103 197
f 197 103 102
f 197 102 198
f 199 200 94
f 94 92 199
f 199 92 91
f 199 91 201
f 201 91 96
f 201 96 196
f 196 96 98
f 196 98 103
f 90 202 10
f 10 202 203
f 10 203 11
f 204 205 83
f 206 86 205
f 205 86 85
f 205 85 83
f 83 82 204
f 204 82 89
f 204 89 207
f 207 89 88
f 207 88 203
f 203 88 87
f 203 87 11
f 90 8 202
f 202 8 7
f 202 7 200
f 200 7 95
f 200 95 94
f 102 100 198
f 198 100 99
f 198 99 208
f 208 99 107
f 208 107 188
f 188 107 105
f 188 105 104
f 128 127 187
f 187 127 126
f 187 126 209
f 209 126 125
f 209 125 210
f 210 125 123
f 210 123 211
f 211 123 20
f 211 20 180
f 180 20 19
f 180 19 27
f 72 74 163
f 163 74 78
f 163 78 212
f 212 78 77
f 212 77 213
f 213 77 76
f 213 76 214
f 214 76 79
f 214 79 206
f 206 79 81
f 206 81 86
f 130 129 215
f 215 129 158
f 215 158 157
f 133 132 215
f 215 132 131
f 215 131 130
f 136 135 215
f 215 135 134
f 215 134 133
f 139 138 215
f 215 138 137
f 215 137 136
f 142 141 215
f 215 141 140
f 215 140 139
f 145 144 215
f 215 144 143
f 215 143 142
f 148 147 215
f 215 147 146
f 215 146 145
f 151 150 215
f 215 150 149
f 215 149 148
f 154 153 215
f 215 153 152
f 215 152 151
f 157 156 215
f 215 156 155
f 215 155 154
f 216 217 218
f 218 217 219
f 216 218 220
f 220 218 221
f 220 221 222
f 223 224 225
f 225 224 226
f 225 226 227
f 228 229 230
f 230 229 231
f 230 231 232
f 233 234 231
f 231 234 235
f 231 235 232
f 236 237 233
f 233 237 238
f 233 238 234
f 239 240 236
f 236 240 241
f 236 241 237
f 242 243 239
f 239 243 244
f 239 244 240
f 245 246 247
f 247 246 248
f 247 248 242
f 242 248 249
f 242 249 243
f 245 247 250
f 250 247 251
f 250 251 252
f 253 254 251
f 251 254 255
f 251 255 252
f 256 257 258
f 258 257 259
f 258 259 260
f 260 259 261
f 260 261 262
f 262 261 263
f 262 263 264
f 264 263 265
f 264 265 253
f 253 265 266
f 253 266 254
f 256 258 267
f 267 258 268
f 267 268 269
f 270 271 268
f 268 271 272
f 268 272 269
f 270 273 274
f 274 275 270
f 270 275 276
f 270 276 271
f 277 278 279
f 279 278 280
f 279 280 281
f 281 280 282
f 281 282 283
f 283 282 284
f 283 284 285
f 286 287 288
f 287 286 289
f 289 286 290
f 289 290 291
f 291 290 292
f 291 292 293
f 293 292 294
f 294 292 295
f 294 295 296
f 296 295 297
f 296 297 298
f 298 297 299
f 299 297 300
f 299 300 301
f 301 300 302
f 302 300 303
f 302 303 304
f 304 303 305
f 304 305 306
f 306 305 307
f 307 305 308
f 307 308 309
f 309 308 310
f 309 310 311
f 311 310 312
f 312 310 313
f 312 313 314
f 314 313 315
f 315 313 316
f 315 316 317
f 317 316 318
f 317 318 319
f 219 320 218
f 218 320 321
f 218 321 318
f 318 321 322
f 318 322 319
f 323 324 325
f 325 324 326
f 325 326 327
f 327 326 328
f 327 328 329
f 329 328 330
f 329 330 331
f 331 330 332
f 331 332 333
f 333 332 334
f 333 334 335
f 335 334 336
f 335 336 337
f 337 336 338
f 337 338 339
f 339 338 340
f 339 340 341
f 341 340 342
f 341 342 343
f 343 342 344
f 343 344 345
f 345 344 346
f 345 346 347
f 347 346 348
f 349 323 350
f 350 323 325
f 350 325 351
f 351 325 327
f 351 327 352
f 352 327 329
f 352 329 353
f 353 329 331
f 353 331 354
f 354 331 333
f 354 333 355
f 355 333 335
f 355 335 356
f 356 335 337
f 356 337 357
f 357 337 339
f 357 339 358
f 358 339 341
f 358 341 359
f 359 341 343
f 359 343 360
f 360 343 345
f 360 345 361
f 361 345 347
f 286 349 290
f 290 349 350
f 290 350 292
f 292 350 351
f 292 351 295
f 295 351 352
f 295 352 297
f 297 352 353
f 297 353 300
f 300 353 354
f 300 354 303
f 303 354 355
f 303 355 305
f 305 355 356
f 305 356 308
f 308 356 357
f 308 357 310
f 310 357 358
f 310 358 313
f 313 358 359
f 313 359 316
f 316 359 360
f 316 360 318
f 318 360 361
f 318 361 218
f 218 361 347
f 218 347 221
f 221 347 348
f 227 362 225
f 225 362 363
f 225 363 364
f 364 363 365
f 364 365 366
f 366 365 367
f 366 367 368
f 368 367 369
f 368 369 370
f 370 369 371
f 370 371 372
f 372 371 373
f 372 373 374
f 374 373 375
f 374 375 376
f 376 375 377
f 376 377 378
f 378 377 379
f 378 379 380
f 380 379 381
f 380 381 382
f 382 381 383
f 382 383 384
f 384 383 385
f 384 385 386
f 386 385 387
f 386 387 388
f 388 387 389
f 388 389 285
f 284 273 285
f 285 273 270
f 285 270 388
f 388 270 268
f 388 268 386
f 386 268 258
f 386 258 384
f 384 258 260
f 384 260 382
f 382 260 262
f 382 262 380
f 380 262 264
f 380 264 378
f 378 264 253
f 378 253 376
f 376 253 251
f 376 251 374
f 374 251 247
f 374 247 372
f 372 247 242
f 372 242 370
f 370 242 239
f 370 239 368
f 368 239 236
f 368 236 366
f 366 236 233
f 366 233 364
f 364 233 231
f 364 231 225
f 225 231 229
f 225 229 223
f 223 229 228
f 362 222 363
f 363 222 221
f 363 221 365
f 365 221 348
f 365 348 367
f 367 348 346
f 367 346 369
f 369 346 344
f 369 344 371
f 371 344 342
f 371 342 373
f 373 342 340
f 373 340 375
f 375 340 338
f 375 338 377
f 377 338 336
f 377 336 379
f 379 336 334
f 379 334 381
f 381 334 332
f 381 332 383
f 383 332 330
f 383 330 385
f 385 330 328
f 385 328 387
f 387 328 326
f 387 326 389
f 389 326 324
f 389 324 285
f 285 324 323
f 285 323 283
f 283 323 349
f 283 349 281
f 281 349 286
f 281 286 279
f 279 286 288
f 279 288 277
f 219 217 390
f 391 392 393
f 393 394 391
f 391 394 395
f 391 395 396
f 396 395 397
f 396 397 390
f 390 397 398
f 390 398 219
f 216 220 399
f 399 220 400
f 222 362 401
f 401 362 227
f 401 227 226
f 222 401 220
f 220 401 402
f 220 402 400
f 392 391 403
f 403 391 396
f 403 396 404
f 404 396 390
f 404 390 399
f 399 390 217
f 399 217 216
f 226 224 401
f 401 224 405
f 401 405 402
f 406 407 223
f 223 407 408
f 223 408 224
f 224 408 409
f 224 409 405
f 406 223 410
f 410 223 228
f 410 228 411
f 411 228 230
f 411 230 412
f 412 230 232
f 412 232 413
f 234 238 414
f 413 232 415
f 415 232 235
f 415 235 416
f 416 235 234
f 416 234 417
f 417 234 414
f 417 414 418
f 414 238 237
f 418 414 419
f 419 414 237
f 419 237 420
f 420 237 241
f 420 241 421
f 421 241 240
f 421 240 422
f 422 240 423
f 423 240 244
f 423 244 424
f 424 244 425
f 425 244 243
f 425 243 426
f 426 243 249
f 426 249 427
f 249 248 427
f 427 248 246
f 427 246 428
f 428 246 245
f 428 245 429
f 429 245 250
f 429 250 430
f 430 250 252
f 430 252 431
f 252 255 431
f 431 255 254
f 431 254 432
f 432 254 266
f 432 266 433
f 433 266 265
f 433 265 434
f 434 265 435
f 435 265 263
f 435 263 436
f 436 263 261
f 436 261 437
f 437 261 438
f 438 261 259
f 438 259 439
f 439 259 440
f 440 259 257
f 440 257 441
f 441 257 442
f 442 257 256
f 442 256 443
f 443 256 267
f 444 445 267
f 267 445 446
f 267 446 443
f 444 267 447
f 447 267 269
f 447 269 448
f 275 274 449
f 448 269 450
f 450 269 272
f 450 272 451
f 451 272 271
f 451 271 452
f 452 271 276
f 452 276 453
f 453 276 275
f 453 275 454
f 454 275 449
f 454 449 455
f 282 280 456
f 284 282 457
f 457 282 456
f 457 456 458
f 458 456 459
f 459 460 458
f 458 460 461
f 458 461 462
f 463 455 449
f 463 449 464
f 457 464 284
f 284 464 449
f 284 449 273
f 273 449 274
f 456 280 278
f 465 466 462
f 462 461 465
f 465 461 460
f 465 460 467
f 467 460 459
f 467 459 468
f 468 459 456
f 468 456 469
f 469 456 278
f 469 278 470
f 471 472 473
f 474 475 476
f 477 478 479
f 398 320 219
f 480 481 482
f 483 484 485
f 486 487 483
f 488 489 490
f 491 492 493
f 481 480 494
f 398 495 496
f 496 495 497
f 496 497 498
f 320 398 321
f 288 499 277
f 277 499 470
f 277 470 278
f 477 479 500
f 472 501 502
f 502 501 503
f 502 503 504
f 483 485 486
f 486 485 505
f 486 505 506
f 506 505 507
f 506 507 508
f 508 507 509
f 508 509 510
f 509 511 510
f 510 511 512
f 510 512 513
f 513 512 514
f 513 514 515
f 514 516 515
f 515 516 517
f 515 517 518
f 518 517 519
f 518 519 520
f 519 521 520
f 520 521 522
f 520 522 523
f 523 522 524
f 523 524 525
f 525 524 526
f 525 526 527
f 526 528 527
f 527 528 529
f 527 529 530
f 530 529 531
f 530 531 532
f 532 531 533
f 532 533 534
f 534 533 535
f 534 535 536
f 536 535 537
f 536 537 538
f 537 539 538
f 538 539 540
f 538 540 541
f 541 540 542
f 541 542 473
f 473 542 543
f 473 543 471
f 472 502 473
f 473 502 544
f 473 544 541
f 541 544 545
f 541 545 538
f 538 545 546
f 538 546 536
f 536 546 547
f 536 547 534
f 534 547 548
f 534 548 532
f 532 548 549
f 532 549 530
f 530 549 550
f 530 550 527
f 527 550 551
f 527 551 525
f 525 551 552
f 525 552 523
f 523 552 553
f 523 553 520
f 520 553 554
f 520 554 518
f 518 554 555
f 518 555 515
f 515 555 556
f 515 556 513
f 513 556 557
f 513 557 510
f 510 557 558
f 510 558 508
f 508 558 559
f 508 559 506
f 506 559 560
f 506 560 486
f 486 560 488
f 486 488 487
f 487 488 490
f 487 490 483
f 474 476 504
f 504 476 561
f 504 561 502
f 502 561 562
f 502 562 544
f 544 562 563
f 544 563 545
f 545 563 564
f 545 564 546
f 546 564 565
f 546 565 547
f 547 565 566
f 547 566 548
f 548 566 567
f 548 567 549
f 549 567 568
f 549 568 550
f 550 568 569
f 550 569 551
f 551 569 570
f 551 570 552
f 552 570 571
f 552 571 553
f 553 571 572
f 553 572 554
f 554 572 573
f 554 573 555
f 555 573 574
f 555 574 556
f 556 574 575
f 556 575 557
f 557 575 576
f 557 576 558
f 558 576 577
f 558 577 559
f 559 577 578
f 559 578 560
f 560 578 491
f 560 491 488
f 488 491 493
f 488 493 489
f 500 579 475
f 475 579 580
f 475 580 476
f 476 580 581
f 476 581 561
f 561 581 582
f 561 582 562
f 562 582 583
f 562 583 563
f 563 583 584
f 563 584 564
f 564 584 585
f 564 585 565
f 565 585 586
f 565 586 566
f 566 586 587
f 566 587 567
f 567 587 588
f 567 588 568
f 568 588 589
f 568 589 569
f 569 589 590
f 569 590 570
f 570 590 591
f 570 591 571
f 571 591 592
f 571 592 572
f 572 592 593
f 572 593 573
f 573 593 594
f 573 594 574
f 574 594 595
f 574 595 575
f 575 595 596
f 575 596 576
f 576 596 597
f 576 597 577
f 577 597 598
f 577 598 578
f 578 598 494
f 578 494 491
f 491 494 480
f 491 480 492
f 500 479 579
f 579 479 599
f 579 599 580
f 580 599 600
f 580 600 581
f 581 600 601
f 581 601 582
f 582 601 602
f 582 602 583
f 583 602 603
f 583 603 584
f 584 603 604
f 584 604 585
f 585 604 605
f 585 605 586
f 586 605 606
f 586 606 587
f 587 606 607
f 587 607 588
f 588 607 608
f 588 608 589
f 589 608 609
f 589 609 590
f 590 609 610
f 590 610 591
f 591 610 611
f 591 611 592
f 592 611 612
f 592 612 593
f 593 612 613
f 593 613 594
f 594 613 614
f 594 614 595
f 595 614 615
f 595 615 596
f 596 615 616
f 596 616 597
f 597 616 617
f 597 617 598
f 598 617 618
f 598 618 494
f 494 618 498
f 494 498 481
f 481 498 497
f 481 497 482
f 398 496 321
f 321 496 498
f 321 498 322
f 322 498 618
f 322 618 319
f 319 618 617
f 319 617 317
f 317 617 616
f 317 616 315
f 315 616 615
f 315 615 314
f 314 615 614
f 314 614 312
f 312 614 613
f 312 613 311
f 311 613 612
f 311 612 309
f 309 612 611
f 309 611 307
f 307 611 610
f 307 610 306
f 306 610 609
f 306 609 304
f 304 609 608
f 304 608 302
f 302 608 607
f 302 607 301
f 301 607 606
f 301 606 299
f 299 606 605
f 299 605 298
f 298 605 604
f 298 604 296
f 296 604 603
f 296 603 294
f 294 603 602
f 294 602 293
f 293 602 601
f 293 601 291
f 291 601 600
f 291 600 289
f 289 600 599
f 289 599 287
f 287 599 479
f 287 479 288
f 288 479 478
f 288 478 499
f 619 620 484
f 393 621 394
f 394 621 622
f 394 622 395
f 495 398 397
f 395 622 397
f 397 622 623
f 397 623 495
f 619 484 624
f 624 484 483
f 624 483 625
f 490 626 483
f 483 626 627
f 483 627 625
f 493 628 489
f 489 628 629
f 489 629 490
f 490 629 630
f 490 630 626
f 492 631 493
f 493 631 632
f 493 632 628
f 480 482 633
f 633 634 480
f 480 634 635
f 480 635 492
f 492 635 636
f 492 636 631
f 623 637 495
f 495 637 638
f 495 638 497
f 497 638 639
f 497 639 482
f 482 639 640
f 482 640 633
f 467 641 465
f 465 641 466
f 468 642 467
f 467 642 643
f 467 643 641
f 468 469 642
f 642 469 470
f 642 470 644
f 644 470 499
f 644 499 645
f 645 499 478
f 645 478 646
f 646 478 477
f 646 477 647
f 647 477 500
f 647 500 648
f 475 649 500
f 500 649 650
f 500 650 648
f 651 652 475
f 475 652 653
f 475 653 649
f 501 472 654
f 475 474 651
f 651 474 504
f 651 504 655
f 655 504 503
f 655 503 656
f 656 503 501
f 656 501 657
f 657 501 654
f 471 543 658
f 658 659 471
f 471 659 660
f 471 660 472
f 472 660 661
f 472 661 654
f 662 663 507
f 664 665 666
f 667 668 666
f 666 668 669
f 666 669 664
f 665 543 666
f 666 543 542
f 666 542 667
f 667 542 540
f 667 540 670
f 670 540 539
f 671 514 512
f 671 512 672
f 672 512 511
f 672 511 663
f 663 511 509
f 663 509 507
f 485 484 673
f 674 675 676
f 676 675 677
f 676 677 678
f 662 507 679
f 679 507 505
f 679 505 678
f 678 505 485
f 678 485 676
f 676 485 673
f 676 673 674
f 514 671 516
f 516 671 680
f 516 680 517
f 517 680 681
f 517 681 519
f 519 681 521
f 521 681 682
f 521 682 522
f 522 682 683
f 522 683 524
f 524 683 526
f 526 683 684
f 526 684 528
f 528 684 529
f 529 684 685
f 529 685 531
f 531 685 686
f 531 686 533
f 533 686 687
f 533 687 535
f 535 687 688
f 535 688 537
f 537 688 689
f 537 689 539
f 539 689 690
f 539 690 670
f 673 484 620
f 620 691 673
f 673 691 692
f 673 692 693
f 694 695 665
f 665 695 696
f 665 696 543
f 543 696 697
f 543 697 658
f 694 665 698
f 698 665 664
f 698 664 699
f 699 664 669
f 699 669 700
f 700 669 668
f 700 668 701
f 701 668 667
f 670 702 667
f 667 702 703
f 667 703 701
f 704 705 690
f 690 705 706
f 690 706 670
f 670 706 707
f 670 707 702
f 687 708 688
f 688 708 704
f 688 704 689
f 689 704 690
f 687 686 708
f 708 686 709
f 672 710 671
f 671 710 711
f 686 685 709
f 709 685 684
f 709 684 712
f 684 683 712
f 712 683 682
f 712 682 713
f 713 682 681
f 713 681 711
f 711 681 680
f 711 680 671
f 710 672 714
f 714 672 663
f 714 663 715
f 715 663 662
f 715 662 716
f 716 662 679
f 678 717 679
f 679 717 718
f 679 718 716
f 677 719 678
f 678 719 720
f 678 720 717
f 673 693 674
f 674 693 721
f 674 721 675
f 675 721 722
f 675 722 677
f 677 722 723
f 677 723 719
f 692 724 693
f 693 724 725
f 693 725 726
f 726 725 727
f 726 727 728
f 729 730 731
f 731 730 724
f 731 724 732
f 732 724 692
f 694 733 734
f 733 694 735
f 735 694 736
f 735 736 737
f 738 739 734
f 734 739 695
f 734 695 694
f 740 741 734
f 734 741 742
f 734 742 738
f 708 743 704
f 704 743 744
f 744 745 704
f 704 745 746
f 704 746 705
f 705 746 747
f 705 747 706
f 706 747 748
f 706 748 707
f 707 748 749
f 707 749 702
f 750 701 751
f 751 701 703
f 749 752 702
f 702 752 753
f 702 753 703
f 703 753 754
f 703 754 751
f 755 699 750
f 750 699 700
f 750 700 701
f 755 756 699
f 699 756 757
f 699 757 698
f 698 757 758
f 698 758 759
f 736 694 760
f 760 694 698
f 760 698 761
f 761 698 759
f 693 726 762
f 693 762 721
f 762 763 721
f 721 763 764
f 721 764 722
f 764 765 722
f 722 765 766
f 722 766 723
f 766 767 723
f 723 767 768
f 723 768 719
f 719 768 769
f 719 769 720
f 720 769 770
f 720 770 717
f 770 771 717
f 717 771 772
f 717 772 718
f 718 772 773
f 718 773 716
f 716 773 774
f 716 774 715
f 715 774 775
f 715 775 714
f 714 775 776
f 777 710 778
f 778 710 714
f 778 714 779
f 779 714 776
f 780 781 782
f 783 782 784
f 784 782 785
f 786 787 788
f 788 787 780
f 788 780 789
f 789 780 782
f 790 791 782
f 782 791 792
f 782 792 793
f 793 794 782
f 782 794 795
f 782 795 785
f 781 796 782
f 782 796 797
f 782 797 798
f 798 799 782
f 782 799 800
f 782 800 790
f 801 802 783
f 803 804 805
f 801 783 805
f 805 783 806
f 805 806 803
f 802 807 783
f 783 807 808
f 783 808 782
f 804 809 805
f 805 809 810
f 805 810 811
f 812 813 814
f 814 813 811
f 814 811 815
f 815 811 810
f 816 817 818
f 818 817 819
f 818 819 820
f 820 819 821
f 820 821 822
f 823 824 825
f 823 825 826
f 825 827 826
f 826 827 828
f 826 828 821
f 821 828 829
f 821 829 822
f 824 823 830
f 830 823 831
f 830 831 832
f 832 831 833
f 833 831 834
f 833 834 835
f 813 812 836
f 836 837 813
f 813 837 838
f 813 838 834
f 834 838 839
f 834 839 835
f 810 840 841
f 812 814 842
f 812 842 836
f 839 842 835
f 835 842 843
f 839 838 842
f 842 838 837
f 842 837 836
f 814 815 842
f 842 815 810
f 842 810 844
f 844 810 841
f 825 845 827
f 827 845 846
f 827 846 828
f 825 824 845
f 845 824 830
f 845 830 847
f 847 830 832
f 847 832 843
f 843 832 833
f 843 833 835
f 848 820 849
f 849 820 822
f 849 822 846
f 846 822 829
f 846 829 828
f 850 819 851
f 851 819 817
f 852 853 854
f 816 852 817
f 817 852 854
f 817 854 851
f 851 854 855
f 851 855 850
f 856 857 858
f 858 857 859
f 858 859 854
f 854 859 860
f 854 860 855
f 856 858 861
f 861 858 862
f 861 862 863
f 864 865 866
f 866 865 867
f 866 867 862
f 862 867 868
f 862 868 863
f 869 866 870
f 870 866 862
f 870 862 871
f 871 862 872
f 858 873 874
f 874 875 858
f 858 875 876
f 858 876 862
f 862 876 877
f 862 877 872
f 853 878 854
f 854 878 879
f 854 879 858
f 858 879 880
f 858 880 873
f 881 882 883
f 883 882 884
f 883 884 885
f 882 886 884
f 884 886 875
f 884 875 887
f 887 875 874
f 887 874 888
f 888 874 873
f 888 873 889
f 889 873 880
f 889 880 890
f 880 879 890
f 890 879 878
f 890 878 891
f 891 878 853
f 891 853 892
f 853 852 892
f 892 852 816
f 892 816 893
f 893 816 818
f 893 818 894
f 894 818 820
f 894 820 848
f 895 896 897
f 895 897 898
f 899 900 901
f 901 900 902
f 901 902 903
f 903 904 901
f 901 904 905
f 901 905 906
f 898 897 901
f 901 897 907
f 901 907 899
f 897 908 907
f 907 908 909
f 907 909 910
f 910 909 911
f 910 911 912
f 913 914 911
f 911 914 915
f 911 915 912
f 913 864 914
f 914 864 866
f 914 866 916
f 916 866 869
f 907 917 918
f 917 907 910
f 919 920 904
f 919 904 921
f 921 904 903
f 921 903 922
f 903 902 922
f 922 902 900
f 922 900 923
f 918 924 907
f 907 924 923
f 907 923 899
f 899 923 900
f 915 914 925
f 925 914 916
f 926 927 916
f 916 927 928
f 916 928 925
f 917 910 912
f 929 924 918
f 918 917 929
f 929 917 912
f 929 912 930
f 930 912 915
f 930 915 931
f 931 915 925
f 932 908 933
f 933 908 897
f 933 897 896
f 934 935 936
f 936 935 937
f 936 937 938
f 932 933 939
f 939 933 935
f 939 935 940
f 940 935 934
f 940 934 941
f 942 943 944
f 944 943 945
f 944 945 895
f 895 945 896
f 946 942 947
f 947 942 944
f 947 944 898
f 898 944 895
f 948 949 950
f 950 949 951
f 950 951 952
f 906 953 901
f 901 953 954
f 901 954 950
f 950 954 955
f 950 955 948
f 898 901 947
f 947 901 950
f 947 950 946
f 946 950 952
f 954 953 956
f 957 958 959
f 960 961 962
f 963 964 965
f 957 959 965
f 965 959 966
f 965 966 963
f 964 963 967
f 967 963 968
f 967 968 969
f 904 920 905
f 905 920 970
f 905 970 906
f 906 970 953
f 953 970 971
f 953 971 956
f 956 971 972
f 956 972 973
f 955 954 974
f 974 954 956
f 974 956 975
f 975 956 973
f 975 973 976
f 976 973 977
f 976 977 978
f 978 977 979
f 978 979 980
f 980 979 981
f 980 981 982
f 982 981 969
f 982 969 983
f 983 969 968
f 960 962 958
f 958 962 984
f 958 984 959
f 959 984 985
f 959 985 966
f 966 985 986
f 966 986 987
f 988 989 990
f 988 990 991
f 991 990 992
f 991 992 993
f 993 992 994
f 993 994 995
f 995 994 945
f 995 945 943
f 896 945 933
f 933 945 994
f 933 994 935
f 935 994 992
f 935 992 937
f 937 992 990
f 937 990 938
f 938 990 989
f 996 997 998
f 998 997 999
f 998 999 988
f 995 943 998
f 998 943 1000
f 998 1000 996
f 988 991 998
f 998 991 993
f 998 993 995
f 952 1001 946
f 946 1001 1000
f 946 1000 942
f 942 1000 943
f 1002 1003 1004
f 1004 1003 1005
f 1004 1005 1006
f 1006 1005 1000
f 1006 1000 1007
f 1007 1000 1001
f 1002 1008 1003
f 1003 1008 1009
f 1003 1009 1010
f 1010 1009 1011
f 1010 1011 1012
f 1012 1011 1013
f 1012 1013 1014
f 1015 1012 1016
f 1016 1012 1014
f 1016 1014 1017
f 1015 1018 1012
f 1012 1018 1019
f 1012 1019 1020
f 1020 1021 1012
f 1012 1021 1022
f 1012 1022 1023
f 1023 1024 1012
f 1012 1024 1025
f 1012 1025 1026
f 1026 1027 1012
f 1012 1027 1028
f 1012 1028 1029
f 1030 1001 952
f 952 951 1030
f 1030 951 949
f 1030 949 974
f 974 949 948
f 974 948 955
f 974 975 1030
f 1030 975 1031
f 1030 1031 1001
f 1001 1031 1007
f 1032 1033 1034
f 1035 1036 961
f 1036 1035 1032
f 1033 1032 1037
f 1037 1032 1035
f 1037 1035 1038
f 960 1039 961
f 961 1039 1040
f 961 1040 1035
f 978 980 1041
f 1006 1007 1042
f 1042 1007 1031
f 1042 1031 976
f 976 1031 975
f 1004 1006 1041
f 1041 1006 1042
f 1041 1042 978
f 978 1042 976
f 1041 980 982
f 1002 1004 1043
f 1043 1004 1041
f 1041 982 1043
f 1043 982 983
f 1043 983 1044
f 1044 983 968
f 1044 968 1045
f 1045 968 963
f 1045 963 1046
f 1002 1043 1008
f 1008 1043 1044
f 1008 1044 1009
f 1009 1044 1045
f 1009 1045 1011
f 1011 1045 1046
f 1011 1046 1013
f 1047 966 987
f 987 1048 1047
f 1047 1048 1049
f 1047 1049 1014
f 1014 1049 1050
f 1014 1050 1017
f 963 966 1046
f 1046 966 1047
f 1046 1047 1013
f 1013 1047 1014
f 985 984 1051
f 1049 1048 1052
f 1052 1048 987
f 1052 987 986
f 1049 1052 1050
f 1050 1052 1053
f 1050 1053 1017
f 1016 1017 1054
f 1054 1017 1053
f 1054 1053 1055
f 1055 1053 1056
f 1056 1053 1052
f 1056 1052 1051
f 1051 1052 986
f 1051 986 985
f 1034 1057 1032
f 1032 1057 1058
f 1032 1058 1059
f 1060 1061 1062
f 1062 1061 1063
f 1062 1063 1064
f 1034 1065 1057
f 1057 1065 1060
f 1057 1060 1066
f 1066 1060 1062
f 1066 1062 1067
f 1068 1069 1070
f 1070 1055 1068
f 1068 1055 1032
f 1068 1032 1071
f 1071 1032 1059
f 961 1051 962
f 962 1051 984
f 1055 1056 1032
f 1032 1056 1051
f 1032 1051 1036
f 1036 1051 961
f 1072 1073 1074
f 1018 1075 1019
f 1019 1075 1076
f 1019 1076 1020
f 1020 1076 1077
f 1020 1077 1021
f 1021 1077 1078
f 1021 1078 1022
f 1022 1078 1079
f 1022 1079 1023
f 1023 1079 1080
f 1023 1080 1024
f 1080 1081 1024
f 1024 1081 1074
f 1024 1074 1025
f 1025 1074 1073
f 1025 1073 1026
f 1082 1083 1072
f 1072 1074 1082
f 1082 1074 1081
f 1082 1081 1084
f 1084 1081 1080
f 1084 1080 1085
f 1085 1080 1079
f 1085 1079 1086
f 1086 1079 1078
f 1086 1078 1087
f 1087 1078 1077
f 1087 1077 1088
f 1088 1077 1076
f 1088 1076 1089
f 1089 1076 1075
f 1089 1075 1069
f 1070 1069 1090
f 1090 1069 1075
f 1090 1075 1015
f 1015 1075 1018
f 1055 1070 1054
f 1054 1070 1090
f 1054 1090 1016
f 1016 1090 1015
f 1037 1038 1091
f 1091 1092 1093
f 1065 1034 1033
f 1094 1063 1095
f 1094 1095 1096
f 1097 1098 1095
f 1095 1098 1099
f 1095 1099 1096
f 1063 1061 1095
f 1095 1061 1060
f 1095 1060 1093
f 1093 1060 1065
f 1093 1065 1091
f 1091 1065 1033
f 1091 1033 1037
f 1100 1101 1102
f 1103 1067 1062
f 1103 1062 1104
f 1104 1062 1105
f 1105 1062 1106
f 1105 1106 1107
f 1107 1106 1108
f 1108 1106 1109
f 1108 1109 1110
f 1102 1111 1109
f 1109 1111 1112
f 1109 1112 1110
f 1113 1114 1102
f 1102 1114 1115
f 1102 1115 1111
f 1113 1102 1116
f 1116 1102 1101
f 1116 1101 1117
f 1118 1119 1120
f 1120 1119 1121
f 1120 1121 1122
f 1118 1100 1119
f 1119 1100 1102
f 1119 1102 1123
f 1123 1102 1109
f 1123 1109 1124
f 1124 1109 1125
f 1125 1109 1126
f 1126 1109 1106
f 1126 1106 1127
f 1064 1128 1062
f 1062 1128 1129
f 1062 1129 1106
f 1106 1129 1130
f 1106 1130 1127
f 1131 1071 1059
f 1071 1131 1068
f 1132 1085 1133
f 1133 1085 1086
f 1132 1134 1085
f 1085 1134 1135
f 1085 1135 1084
f 1084 1135 1136
f 1084 1136 1082
f 1082 1136 1137
f 1082 1137 1083
f 1069 1068 1089
f 1089 1068 1131
f 1089 1131 1088
f 1088 1131 1138
f 1088 1138 1087
f 1087 1138 1139
f 1087 1139 1086
f 1086 1139 1140
f 1086 1140 1133
f 1100 1141 1101
f 1101 1141 1117
f 1142 1143 1144
f 1145 1146 1147
f 1100 1118 1148
f 1148 1118 1120
f 1148 1120 1122
f 1100 1148 1141
f 1141 1148 1149
f 1141 1149 1150
f 1144 1143 1147
f 1147 1143 1151
f 1147 1151 1145
f 1152 1153 1154
f 1154 1155 1152
f 1152 1155 1156
f 1152 1156 1144
f 1144 1156 1157
f 1144 1157 1142
f 1158 1159 1153
f 1153 1159 1160
f 1153 1160 1154
f 1149 1161 1150
f 1150 1161 1162
f 1150 1162 1158
f 1158 1162 1163
f 1158 1163 1159
f 1164 1165 1149
f 1164 1149 1166
f 1149 1148 1166
f 1166 1148 1122
f 1166 1122 1167
f 1167 1122 1121
f 1167 1121 1168
f 1169 1170 1119
f 1119 1170 1171
f 1119 1171 1121
f 1121 1171 1172
f 1121 1172 1168
f 1173 1174 1124
f 1124 1174 1169
f 1124 1169 1123
f 1123 1169 1119
f 1175 1176 1173
f 1177 1175 1126
f 1126 1175 1173
f 1126 1173 1125
f 1125 1173 1124
f 1177 1178 1175
f 1175 1178 1176
f 1146 1179 1147
f 1147 1179 1180
f 1181 1182 1183
f 1183 1182 1184
f 1179 1185 1180
f 1180 1185 1186
f 1180 1186 1187
f 1187 1186 1188
f 1187 1188 1189
f 1184 1190 1183
f 1183 1190 1191
f 1183 1191 1192
f 1192 1191 1187
f 1192 1187 1193
f 1193 1187 1189
f 1159 1163 1194
f 1194 1163 1162
f 1194 1162 1165
f 1165 1162 1161
f 1165 1161 1149
f 1195 1154 1194
f 1194 1154 1160
f 1194 1160 1159
f 1157 1156 1195
f 1195 1156 1155
f 1195 1155 1154
f 1145 1151 1196
f 1196 1151 1143
f 1196 1143 1195
f 1195 1143 1142
f 1195 1142 1157
f 1197 1186 1198
f 1198 1186 1199
f 1198 1199 1200
f 1200 1199 1201
f 1186 1185 1199
f 1199 1185 1179
f 1199 1179 1196
f 1196 1179 1146
f 1196 1146 1145
f 1202 1203 1204
f 1181 1205 1206
f 1206 1205 1202
f 1206 1202 1207
f 1207 1202 1204
f 1183 1208 1181
f 1181 1208 1209
f 1181 1209 1210
f 1210 1211 1181
f 1181 1211 1212
f 1181 1212 1213
f 1213 1214 1181
f 1181 1214 1215
f 1181 1215 1216
f 1216 1217 1181
f 1181 1217 1218
f 1181 1218 1205
f 1219 1220 1221
f 1221 1220 1222
f 1223 1224 1225
f 1226 1227 1228
f 1229 1230 1231
f 1232 1233 1231
f 1231 1233 1234
f 1231 1234 1229
f 1230 1235 1231
f 1231 1235 1236
f 1231 1236 1237
f 1237 1236 1238
f 1238 1239 1237
f 1237 1239 1240
f 1237 1240 1241
f 1242 1243 1244
f 1244 1243 1245
f 1244 1245 1231
f 1231 1245 1246
f 1231 1246 1232
f 1242 1247 1248
f 1249 1250 1251
f 1251 1250 1252
f 1251 1252 1253
f 1249 1254 1250
f 1250 1254 1255
f 1250 1255 1256
f 1256 1257 1258
f 1258 1257 1259
f 1258 1259 1248
f 1248 1259 1260
f 1248 1260 1242
f 1242 1260 1261
f 1242 1261 1243
f 1241 1262 1237
f 1237 1262 1263
f 1237 1263 1264
f 1264 1263 1265
f 1264 1265 1252
f 1252 1265 1266
f 1252 1266 1253
f 1267 1268 1250
f 1256 1258 1250
f 1250 1258 1269
f 1250 1269 1267
f 1270 1271 1272
f 1272 1271 1250
f 1272 1250 1273
f 1273 1250 1268
f 1274 1228 1275
f 1275 1228 1227
f 1275 1227 1258
f 1258 1227 1276
f 1258 1276 1269
f 1270 1277 1271
f 1271 1277 1278
f 1271 1278 1279
f 1279 1278 1280
f 1279 1280 1281
f 1281 1280 1282
f 1281 1282 1283
f 1284 1285 1281
f 1283 1286 1281
f 1281 1286 1287
f 1281 1287 1284
f 1285 1288 1281
f 1281 1288 1289
f 1281 1289 1290
f 1291 1292 1293
f 1293 1292 1294
f 1294 1295 1293
f 1293 1295 1296
f 1293 1296 1297
f 1297 1296 1298
f 1297 1298 1228
f 1228 1298 1299
f 1228 1299 1226
f 1300 1231 1301
f 1301 1231 1237
f 1301 1237 1302
f 1302 1237 1303
f 1220 1219 1304
f 1304 1219 1302
f 1304 1302 1305
f 1305 1302 1303
f 1306 1307 1308
f 1293 1309 1310
f 1308 1223 1306
f 1306 1223 1225
f 1306 1225 1310
f 1310 1225 1281
f 1310 1281 1293
f 1293 1281 1290
f 1293 1290 1291
f 1311 1312 1302
f 1312 1313 1302
f 1302 1313 1314
f 1302 1314 1301
f 1315 1316 1317
f 1318 1319 1320
f 1316 1315 1321
f 1321 1315 1322
f 1321 1322 1323
f 1323 1322 1324
f 1323 1324 1325
f 1325 1324 1326
f 1325 1326 1327
f 1327 1326 1328
f 1327 1328 1329
f 1329 1328 1311
f 1329 1311 1330
f 1330 1311 1302
f 1330 1302 1331
f 1331 1302 1219
f 1331 1219 1332
f 1320 1315 1318
f 1318 1315 1317
f 1318 1317 1221
f 1221 1317 1333
f 1221 1333 1219
f 1219 1333 1334
f 1219 1334 1332
f 1335 1319 1336
f 1336 1319 1318
f 1336 1318 1222
f 1222 1318 1221
f 1337 1338 1339
f 1340 1335 1341
f 1220 1304 1222
f 1222 1304 1337
f 1222 1337 1336
f 1337 1339 1336
f 1336 1339 1342
f 1336 1342 1335
f 1335 1342 1343
f 1335 1343 1341
f 1344 1345 1341
f 1341 1345 1346
f 1341 1346 1340
f 1347 1348 1228
f 1228 1348 1349
f 1350 1293 1297
f 1350 1297 1351
f 1352 1353 1354
f 1355 1356 1357
f 1358 1359 1360
f 1360 1359 1347
f 1360 1347 1274
f 1274 1347 1228
f 1361 1362 1363
f 1364 1365 1366
f 1367 1350 1368
f 1369 1370 1371
f 1372 1373 1374
f 1375 1376 1377
f 1377 1376 1378
f 1379 1380 1309
f 1369 1371 1381
f 1370 1382 1371
f 1371 1382 1383
f 1371 1383 1368
f 1368 1383 1384
f 1368 1384 1367
f 1366 1385 1364
f 1364 1385 1377
f 1364 1377 1386
f 1386 1377 1378
f 1386 1378 1387
f 1387 1378 1388
f 1387 1388 1389
f 1389 1388 1390
f 1389 1390 1349
f 1349 1390 1351
f 1349 1351 1228
f 1228 1351 1297
f 1391 1392 1393
f 1365 1364 1394
f 1394 1364 1395
f 1394 1395 1393
f 1247 1242 1396
f 1396 1242 1395
f 1353 1397 1354
f 1354 1397 1398
f 1354 1398 1371
f 1371 1398 1399
f 1371 1399 1381
f 1374 1400 1372
f 1372 1400 1363
f 1372 1363 1401
f 1401 1363 1362
f 1401 1362 1402
f 1402 1362 1403
f 1402 1403 1404
f 1405 1406 1407
f 1407 1406 1408
f 1407 1408 1409
f 1377 1410 1375
f 1375 1410 1411
f 1375 1411 1363
f 1363 1411 1412
f 1363 1412 1413
f 1350 1367 1293
f 1293 1367 1414
f 1293 1414 1309
f 1309 1414 1415
f 1309 1415 1379
f 1416 1417 1418
f 1372 1419 1373
f 1373 1419 1420
f 1373 1420 1421
f 1421 1420 1357
f 1421 1357 1422
f 1422 1357 1356
f 1423 1424 1425
f 1374 1426 1400
f 1400 1426 1427
f 1400 1427 1354
f 1354 1427 1428
f 1354 1428 1352
f 1413 1429 1363
f 1363 1429 1430
f 1363 1430 1361
f 1431 1391 1300
f 1300 1391 1393
f 1300 1393 1231
f 1231 1393 1395
f 1231 1395 1244
f 1244 1395 1242
f 1432 1433 1396
f 1396 1433 1434
f 1396 1434 1247
f 1435 1436 1437
f 1437 1436 1409
f 1437 1409 1438
f 1438 1409 1408
f 1404 1439 1402
f 1402 1439 1440
f 1402 1440 1407
f 1407 1440 1441
f 1407 1441 1405
f 1405 1441 1442
f 1405 1442 1418
f 1418 1442 1443
f 1418 1443 1416
f 1444 1445 1446
f 1446 1445 1422
f 1446 1422 1447
f 1447 1422 1356
f 1355 1357 1448
f 1448 1357 1449
f 1448 1449 1425
f 1425 1449 1450
f 1425 1450 1423
f 1451 1308 1452
f 1452 1308 1307
f 1319 1335 1340
f 1361 1453 1362
f 1362 1453 1454
f 1362 1454 1403
f 1430 1455 1361
f 1361 1455 1456
f 1361 1456 1453
f 1320 1319 1411
f 1411 1410 1320
f 1320 1410 1377
f 1320 1377 1315
f 1315 1377 1385
f 1315 1385 1322
f 1319 1340 1411
f 1411 1340 1346
f 1411 1346 1412
f 1412 1346 1345
f 1412 1345 1413
f 1413 1345 1344
f 1413 1344 1429
f 1429 1344 1341
f 1429 1341 1430
f 1430 1341 1343
f 1430 1343 1455
f 1457 1458 1459
f 1304 1305 1460
f 1459 1337 1457
f 1457 1337 1304
f 1457 1304 1461
f 1461 1304 1460
f 1462 1463 1457
f 1457 1463 1464
f 1457 1464 1465
f 1466 1467 1461
f 1461 1467 1468
f 1461 1468 1469
f 1469 1470 1461
f 1461 1470 1471
f 1461 1471 1457
f 1457 1471 1472
f 1457 1472 1462
f 1473 1460 1305
f 1252 1250 1474
f 1475 1476 1224
f 1224 1476 1477
f 1224 1477 1225
f 1225 1477 1478
f 1474 1479 1252
f 1252 1479 1480
f 1252 1480 1264
f 1264 1480 1481
f 1264 1481 1237
f 1237 1481 1482
f 1237 1482 1303
f 1303 1482 1483
f 1303 1483 1305
f 1305 1483 1484
f 1305 1484 1473
f 1478 1485 1225
f 1225 1485 1486
f 1225 1486 1281
f 1281 1486 1487
f 1281 1487 1279
f 1279 1487 1488
f 1279 1488 1271
f 1271 1488 1489
f 1271 1489 1250
f 1250 1489 1490
f 1250 1490 1474
f 1491 1475 1224
f 1492 1493 1494
f 1224 1223 1491
f 1491 1223 1492
f 1491 1492 1495
f 1495 1492 1494
f 1496 1497 1491
f 1491 1497 1498
f 1491 1498 1499
f 1500 1501 1495
f 1495 1501 1502
f 1495 1502 1503
f 1503 1504 1495
f 1495 1504 1505
f 1495 1505 1491
f 1491 1505 1506
f 1491 1506 1496
f 1507 1508 1492
f 1509 1510 1511
f 1511 1510 1512
f 1511 1512 1513
f 1509 1507 1510
f 1510 1507 1492
f 1510 1492 1451
f 1451 1492 1223
f 1451 1223 1308
f 1512 1514 1513
f 1513 1514 1515
f 1513 1515 1516
f 1516 1515 1517
f 1339 1518 1342
f 1342 1518 1519
f 1342 1519 1343
f 1343 1519 1455
f 1518 1339 1520
f 1520 1339 1338
f 1337 1459 1521
f 1508 1522 1492
f 1492 1522 1523
f 1492 1523 1493
f 1524 1520 1338
f 1405 1418 1525
f 1448 1425 1526
f 1527 1528 1523
f 1523 1528 1529
f 1523 1529 1493
f 1338 1337 1524
f 1524 1337 1521
f 1524 1521 1525
f 1525 1521 1530
f 1525 1530 1405
f 1405 1530 1531
f 1405 1531 1406
f 1406 1531 1532
f 1406 1532 1408
f 1438 1408 1533
f 1533 1408 1532
f 1533 1532 1534
f 1534 1532 1535
f 1534 1535 1526
f 1526 1535 1536
f 1526 1536 1448
f 1448 1536 1537
f 1448 1537 1355
f 1355 1537 1528
f 1355 1528 1356
f 1356 1528 1527
f 1356 1527 1447
f 1525 1418 1417
f 1525 1417 1538
f 1538 1417 1416
f 1538 1416 1539
f 1539 1416 1443
f 1539 1443 1540
f 1540 1443 1442
f 1540 1442 1541
f 1442 1441 1541
f 1541 1441 1542
f 1403 1454 1404
f 1404 1454 1543
f 1404 1543 1439
f 1439 1543 1544
f 1439 1544 1440
f 1440 1544 1545
f 1440 1545 1441
f 1441 1545 1542
f 1546 1511 1513
f 1381 1547 1369
f 1369 1547 1548
f 1369 1548 1370
f 1399 1549 1381
f 1381 1549 1550
f 1381 1550 1547
f 1551 1546 1352
f 1352 1428 1551
f 1551 1428 1427
f 1551 1427 1552
f 1552 1427 1426
f 1552 1426 1553
f 1546 1513 1352
f 1352 1513 1516
f 1352 1516 1353
f 1353 1516 1517
f 1353 1517 1397
f 1397 1517 1515
f 1397 1515 1398
f 1398 1515 1514
f 1398 1514 1399
f 1399 1514 1512
f 1399 1512 1549
f 1451 1452 1510
f 1510 1452 1554
f 1510 1554 1512
f 1512 1554 1549
f 1524 1525 1538
f 1456 1455 1519
f 1538 1539 1524
f 1524 1539 1540
f 1524 1540 1520
f 1520 1540 1541
f 1520 1541 1518
f 1541 1542 1518
f 1518 1542 1545
f 1518 1545 1544
f 1456 1519 1453
f 1453 1519 1518
f 1453 1518 1454
f 1454 1518 1544
f 1454 1544 1543
f 1555 1461 1460
f 1556 1476 1475
f 1475 1491 1557
f 1558 1483 1482
f 1559 1560 1557
f 1479 1474 1561
f 1473 1562 1460
f 1460 1562 1563
f 1460 1563 1555
f 1564 1565 1566
f 1557 1560 1475
f 1475 1560 1567
f 1475 1567 1556
f 1485 1478 1568
f 1557 1564 1559
f 1559 1564 1566
f 1559 1566 1569
f 1569 1566 1570
f 1569 1570 1571
f 1571 1570 1572
f 1573 1574 1575
f 1575 1574 1576
f 1485 1568 1486
f 1486 1568 1577
f 1486 1577 1487
f 1487 1577 1578
f 1487 1578 1488
f 1563 1579 1555
f 1555 1579 1575
f 1555 1575 1580
f 1580 1575 1576
f 1575 1581 1573
f 1573 1581 1582
f 1573 1582 1583
f 1583 1582 1584
f 1583 1584 1585
f 1585 1584 1586
f 1479 1561 1587
f 1587 1561 1588
f 1587 1588 1589
f 1558 1482 1590
f 1590 1482 1481
f 1590 1481 1587
f 1587 1481 1480
f 1587 1480 1479
f 1570 1591 1572
f 1572 1591 1592
f 1572 1592 1578
f 1578 1592 1593
f 1584 1587 1586
f 1586 1587 1589
f 1586 1589 1594
f 1594 1589 1595
f 1594 1595 1596
f 1596 1595 1597
f 1596 1597 1598
f 1598 1597 1599
f 1598 1599 1600
f 1600 1599 1601
f 1600 1601 1593
f 1593 1601 1602
f 1593 1602 1578
f 1578 1602 1603
f 1578 1603 1488
f 1488 1603 1604
f 1488 1604 1489
f 1521 1459 1458
f 1605 1494 1493
f 1458 1606 1521
f 1521 1606 1607
f 1521 1607 1530
f 1530 1607 1608
f 1530 1608 1531
f 1531 1608 1609
f 1531 1609 1532
f 1532 1609 1610
f 1532 1610 1535
f 1535 1610 1611
f 1535 1611 1536
f 1536 1611 1612
f 1536 1612 1537
f 1537 1612 1613
f 1537 1613 1528
f 1528 1613 1605
f 1528 1605 1529
f 1529 1605 1493
f 1614 1495 1494
f 1458 1457 1615
f 1616 1617 1618
f 1606 1619 1607
f 1607 1619 1620
f 1607 1620 1608
f 1608 1620 1621
f 1608 1621 1609
f 1609 1621 1622
f 1609 1622 1610
f 1605 1623 1494
f 1494 1623 1624
f 1622 1625 1610
f 1610 1625 1626
f 1610 1626 1611
f 1611 1626 1627
f 1611 1627 1612
f 1612 1627 1628
f 1612 1628 1613
f 1613 1628 1629
f 1613 1629 1605
f 1605 1629 1630
f 1605 1630 1623
f 1624 1631 1494
f 1494 1631 1632
f 1494 1632 1614
f 1615 1616 1458
f 1458 1616 1618
f 1458 1618 1606
f 1606 1618 1633
f 1606 1633 1619
f 1634 1615 1457
f 1634 1457 1635
f 1636 1637 1465
f 1465 1637 1638
f 1465 1638 1457
f 1457 1638 1639
f 1457 1639 1635
f 1555 1640 1461
f 1461 1640 1641
f 1641 1642 1461
f 1461 1642 1643
f 1461 1643 1466
f 1466 1643 1644
f 1466 1644 1645
f 1646 1557 1491
f 1646 1491 1647
f 1648 1649 1499
f 1499 1649 1650
f 1499 1650 1491
f 1491 1650 1651
f 1491 1651 1647
f 1614 1652 1495
f 1495 1652 1653
f 1653 1654 1495
f 1495 1654 1655
f 1495 1655 1500
f 1500 1655 1656
f 1500 1656 1657
f 1658 1522 1507
f 1507 1522 1508
f 1511 1546 1509
f 1509 1546 1659
f 1509 1659 1507
f 1507 1659 1658
f 1576 1574 1660
f 1576 1661 1580
f 1580 1661 1662
f 1662 1661 1663
f 1663 1661 1664
f 1663 1664 1665
f 1665 1664 1666
f 1666 1664 1667
f 1666 1667 1668
f 1668 1667 1669
f 1668 1669 1670
f 1576 1660 1661
f 1661 1660 1671
f 1661 1671 1664
f 1664 1671 1672
f 1664 1672 1667
f 1667 1672 1673
f 1667 1673 1669
f 1674 1675 1676
f 1676 1677 1674
f 1674 1677 1678
f 1674 1678 1679
f 1679 1678 1680
f 1679 1680 1681
f 1680 1682 1681
f 1681 1682 1683
f 1681 1683 1684
f 1683 1685 1684
f 1684 1685 1686
f 1684 1686 1687
f 1687 1686 1688
f 1687 1688 1689
f 1688 1690 1689
f 1689 1690 1691
f 1689 1691 1692
f 1691 1693 1692
f 1692 1693 1694
f 1692 1694 1695
f 1695 1694 1696
f 1695 1696 1697
f 1696 1698 1697
f 1697 1698 1699
f 1697 1699 1700
f 1699 1701 1700
f 1700 1701 1702
f 1700 1702 1703
f 1703 1702 1704
f 1703 1704 1705
f 1673 1672 1706
f 1706 1672 1705
f 1706 1705 1707
f 1707 1705 1704
f 1672 1671 1705
f 1705 1671 1708
f 1705 1708 1703
f 1703 1708 1709
f 1703 1709 1700
f 1700 1709 1710
f 1700 1710 1697
f 1697 1710 1711
f 1697 1711 1695
f 1695 1711 1712
f 1695 1712 1692
f 1692 1712 1713
f 1692 1713 1689
f 1689 1713 1714
f 1689 1714 1687
f 1687 1714 1715
f 1687 1715 1684
f 1684 1715 1716
f 1684 1716 1681
f 1681 1716 1717
f 1681 1717 1679
f 1679 1717 1718
f 1679 1718 1674
f 1674 1718 1719
f 1674 1719 1675
f 1675 1719 1720
f 1671 1660 1708
f 1708 1660 1721
f 1708 1721 1709
f 1709 1721 1722
f 1709 1722 1710
f 1710 1722 1723
f 1710 1723 1711
f 1711 1723 1724
f 1711 1724 1712
f 1712 1724 1725
f 1712 1725 1713
f 1713 1725 1726
f 1713 1726 1714
f 1714 1726 1727
f 1714 1727 1715
f 1715 1727 1728
f 1715 1728 1716
f 1716 1728 1729
f 1716 1729 1717
f 1717 1729 1730
f 1717 1730 1718
f 1718 1730 1731
f 1718 1731 1719
f 1719 1731 1732
f 1719 1732 1720
f 1720 1732 1733
f 1660 1574 1721
f 1721 1574 1573
f 1721 1573 1722
f 1722 1573 1583
f 1722 1583 1723
f 1723 1583 1585
f 1723 1585 1724
f 1724 1585 1586
f 1724 1586 1725
f 1725 1586 1594
f 1725 1594 1726
f 1726 1594 1596
f 1726 1596 1727
f 1727 1596 1598
f 1727 1598 1728
f 1728 1598 1600
f 1728 1600 1729
f 1729 1600 1593
f 1729 1593 1730
f 1730 1593 1592
f 1730 1592 1731
f 1731 1592 1591
f 1731 1591 1732
f 1732 1591 1570
f 1732 1570 1733
f 1733 1570 1566
f 1734 1735 1736
f 1566 1565 1737
f 1566 1737 1733
f 1733 1737 1738
f 1733 1738 1720
f 1739 1738 1740
f 1740 1738 1737
f 1740 1737 1741
f 1741 1737 1565
f 1741 1565 1564
f 1739 1734 1738
f 1738 1734 1736
f 1738 1736 1720
f 1720 1736 1675
f 1735 1742 1736
f 1736 1742 1743
f 1736 1743 1675
f 1675 1743 1676
f 1650 1742 1651
f 1651 1742 1735
f 1651 1735 1647
f 1735 1734 1647
f 1647 1734 1739
f 1647 1739 1646
f 1564 1557 1741
f 1741 1557 1646
f 1741 1646 1740
f 1740 1646 1739
f 1640 1555 1580
f 1580 1662 1640
f 1640 1662 1663
f 1640 1663 1641
f 1670 1643 1668
f 1668 1643 1642
f 1668 1642 1666
f 1666 1642 1641
f 1666 1641 1665
f 1665 1641 1663
f 1744 1745 1746
f 1747 1744 1748
f 1744 1746 1748
f 1748 1746 1749
f 1748 1749 1750
f 1747 1748 1751
f 1751 1748 1750
f 1751 1750 1752
f 1752 1750 1753
f 1752 1753 1754
f 1755 1753 1756
f 1756 1753 1750
f 1756 1750 1757
f 1757 1750 1749
f 1755 1632 1753
f 1753 1632 1631
f 1753 1631 1754
f 1754 1631 1624
f 1758 1759 1760
f 1761 1762 1763
f 1764 1765 1766
f 1767 1768 1769
f 1633 1618 1770
f 1619 1633 1771
f 1620 1619 1772
f 1621 1620 1773
f 1622 1621 1774
f 1625 1622 1775
f 1626 1625 1776
f 1627 1626 1777
f 1628 1627 1778
f 1629 1628 1779
f 1630 1629 1780
f 1623 1630 1781
f 1624 1623 1782
f 1624 1782 1754
f 1754 1782 1783
f 1754 1783 1752
f 1752 1783 1769
f 1752 1769 1751
f 1751 1769 1768
f 1751 1768 1747
f 1623 1781 1782
f 1782 1781 1784
f 1782 1784 1783
f 1783 1784 1785
f 1783 1785 1769
f 1769 1785 1786
f 1769 1786 1767
f 1787 1788 1789
f 1630 1780 1781
f 1781 1780 1790
f 1781 1790 1784
f 1784 1790 1787
f 1784 1787 1785
f 1785 1787 1789
f 1785 1789 1786
f 1629 1779 1780
f 1780 1779 1791
f 1780 1791 1790
f 1790 1791 1766
f 1790 1766 1787
f 1787 1766 1765
f 1787 1765 1788
f 1628 1778 1779
f 1779 1778 1792
f 1779 1792 1791
f 1791 1792 1793
f 1791 1793 1766
f 1766 1793 1794
f 1766 1794 1764
f 1795 1796 1797
f 1627 1777 1778
f 1778 1777 1798
f 1778 1798 1792
f 1792 1798 1795
f 1792 1795 1793
f 1793 1795 1797
f 1793 1797 1794
f 1626 1776 1777
f 1777 1776 1799
f 1777 1799 1798
f 1798 1799 1763
f 1798 1763 1795
f 1795 1763 1762
f 1795 1762 1796
f 1625 1775 1776
f 1776 1775 1800
f 1776 1800 1799
f 1799 1800 1801
f 1799 1801 1763
f 1763 1801 1802
f 1763 1802 1761
f 1803 1804 1805
f 1622 1774 1775
f 1775 1774 1806
f 1775 1806 1800
f 1800 1806 1803
f 1800 1803 1801
f 1801 1803 1805
f 1801 1805 1802
f 1621 1773 1774
f 1774 1773 1807
f 1774 1807 1806
f 1806 1807 1760
f 1806 1760 1803
f 1803 1760 1759
f 1803 1759 1804
f 1620 1772 1773
f 1773 1772 1808
f 1773 1808 1807
f 1807 1808 1809
f 1807 1809 1760
f 1760 1809 1810
f 1760 1810 1758
f 1811 1812 1813
f 1619 1771 1772
f 1772 1771 1814
f 1772 1814 1808
f 1808 1814 1811
f 1808 1811 1809
f 1809 1811 1813
f 1809 1813 1810
f 1633 1770 1771
f 1771 1770 1815
f 1771 1815 1814
f 1814 1815 1816
f 1814 1816 1811
f 1811 1816 1817
f 1811 1817 1812
f 1818 1817 1816
f 1818 1819 1820
f 1820 1819 1821
f 1821 1819 1822
f 1822 1819 1823
f 1822 1823 1824
f 1824 1823 1825
f 1825 1823 1826
f 1825 1826 1827
f 1827 1826 1617
f 1827 1617 1616
f 1818 1816 1819
f 1819 1816 1815
f 1819 1815 1823
f 1823 1815 1770
f 1823 1770 1826
f 1826 1770 1618
f 1826 1618 1617
f 1638 1820 1639
f 1639 1820 1821
f 1639 1821 1635
f 1821 1822 1635
f 1635 1822 1824
f 1635 1824 1634
f 1616 1615 1827
f 1827 1615 1634
f 1827 1634 1825
f 1825 1634 1824
f 1652 1614 1632
f 1632 1755 1652
f 1652 1755 1756
f 1652 1756 1653
f 1745 1655 1746
f 1746 1655 1654
f 1746 1654 1749
f 1749 1654 1653
f 1749 1653 1757
f 1757 1653 1756
f 1638 1637 1820
f 1820 1637 1828
f 1670 1829 1643
f 1643 1829 1644
f 1650 1649 1742
f 1742 1649 1830
f 1745 1831 1655
f 1655 1831 1656
f 1829 1670 1832
f 1832 1670 1669
f 1832 1669 1833
f 1833 1669 1673
f 1673 1706 1833
f 1833 1706 1834
f 1702 1835 1704
f 1704 1835 1834
f 1704 1834 1707
f 1707 1834 1706
f 1702 1701 1835
f 1835 1701 1699
f 1835 1699 1836
f 1694 1837 1696
f 1696 1837 1836
f 1696 1836 1698
f 1698 1836 1699
f 1694 1693 1837
f 1837 1693 1691
f 1837 1691 1838
f 1686 1839 1688
f 1688 1839 1838
f 1688 1838 1690
f 1690 1838 1691
f 1686 1685 1839
f 1839 1685 1683
f 1839 1683 1840
f 1683 1682 1840
f 1840 1682 1680
f 1840 1680 1841
f 1676 1842 1677
f 1677 1842 1841
f 1677 1841 1678
f 1678 1841 1680
f 1842 1676 1843
f 1843 1676 1743
f 1843 1743 1830
f 1830 1743 1742
f 1831 1745 1844
f 1844 1745 1744
f 1844 1744 1845
f 1845 1744 1747
f 1747 1768 1845
f 1845 1768 1846
f 1789 1847 1786
f 1786 1847 1846
f 1786 1846 1767
f 1767 1846 1768
f 1789 1788 1847
f 1847 1788 1765
f 1847 1765 1848
f 1797 1849 1794
f 1794 1849 1848
f 1794 1848 1764
f 1764 1848 1765
f 1797 1796 1849
f 1849 1796 1762
f 1849 1762 1850
f 1805 1851 1802
f 1802 1851 1850
f 1802 1850 1761
f 1761 1850 1762
f 1805 1804 1851
f 1851 1804 1759
f 1851 1759 1852
f 1759 1758 1852
f 1852 1758 1810
f 1852 1810 1853
f 1817 1854 1812
f 1812 1854 1853
f 1812 1853 1813
f 1813 1853 1810
f 1854 1817 1855
f 1855 1817 1818
f 1855 1818 1828
f 1828 1818 1820
f 1856 1857 1858
f 1859 1860 1861
f 1861 1862 1859
f 1859 1862 1863
f 1859 1863 1864
f 1864 1863 1865
f 1864 1865 1866
f 1867 1868 1869
f 1869 1868 1870
f 1869 1870 1860
f 1860 1870 1871
f 1860 1871 1861
f 1867 1869 1872
f 1872 1869 1873
f 1872 1873 1874
f 1875 1876 1873
f 1873 1876 1877
f 1873 1877 1874
f 1857 1878 1858
f 1858 1878 1879
f 1858 1879 1875
f 1875 1879 1880
f 1875 1880 1876
f 1856 1858 1881
f 1881 1858 1882
f 1881 1882 1883
f 1884 1885 1886
f 1886 1885 1887
f 1884 1888 1885
f 1885 1888 1889
f 1885 1889 1882
f 1882 1889 1890
f 1882 1890 1883
f 1891 1892 1893
f 1893 1892 1894
f 1885 1895 1887
f 1887 1895 1896
f 1887 1896 1894
f 1894 1896 1897
f 1894 1897 1893
f 1898 1864 1866
f 1899 1900 1901
f 1901 1902 1899
f 1899 1902 1903
f 1899 1903 1866
f 1866 1903 1904
f 1866 1904 1898
f 1905 1906 1907
f 1907 1906 1908
f 1905 1909 1906
f 1906 1909 1910
f 1906 1910 1911
f 1911 1910 1912
f 1908 1906 1913
f 1913 1906 1914
f 1913 1914 1915
f 1916 1917 1918
f 1918 1917 1919
f 1918 1919 1914
f 1914 1919 1920
f 1914 1920 1915
f 1916 1918 1921
f 1921 1918 1922
f 1921 1922 1923
f 1924 1925 1926
f 1926 1925 1927
f 1926 1927 1922
f 1922 1927 1928
f 1922 1928 1923
f 1929 1930 1931
f 1932 1933 1931
f 1931 1933 1934
f 1931 1934 1929
f 1930 1935 1931
f 1931 1935 1936
f 1931 1936 1926
f 1926 1936 1937
f 1926 1937 1924
f 1884 1886 1938
f 1886 1887 1938
f 1938 1887 1894
f 1938 1894 1939
f 1894 1892 1939
f 1939 1892 1940
f 1939 1940 1941
f 1941 1940 1942
f 1941 1942 1943
f 1943 1942 1944
f 1943 1944 1945
f 1945 1944 1946
f 1945 1946 1947
f 1947 1946 1948
f 1947 1948 1949
f 1949 1948 1950
f 1949 1950 1951
f 1951 1950 1952
f 1951 1952 1953
f 1953 1952 1954
f 1953 1954 1955
f 1955 1954 1956
f 1955 1956 1957
f 1957 1956 1958
f 1957 1958 1959
f 1959 1958 1960
f 1959 1960 1961
f 1961 1960 1962
f 1961 1962 1932
f 1932 1962 1963
f 1932 1963 1933
f 1964 1881 1883
f 1883 1890 1964
f 1964 1890 1889
f 1964 1889 1938
f 1938 1889 1888
f 1938 1888 1884
f 1965 1880 1879
f 1879 1878 1965
f 1965 1878 1857
f 1965 1857 1964
f 1964 1857 1856
f 1964 1856 1881
f 1868 1867 1966
f 1966 1867 1872
f 1872 1874 1966
f 1966 1874 1877
f 1966 1877 1965
f 1965 1877 1876
f 1965 1876 1880
f 1862 1861 1967
f 1967 1861 1871
f 1967 1871 1966
f 1966 1871 1870
f 1966 1870 1868
f 1899 1968 1900
f 1900 1968 1969
f 1899 1866 1968
f 1968 1866 1865
f 1968 1865 1967
f 1967 1865 1863
f 1967 1863 1862
f 1912 1970 1911
f 1911 1970 1971
f 1911 1971 1972
f 1972 1971 1973
f 1972 1973 1974
f 1974 1973 1975
f 1974 1975 1976
f 1976 1975 1977
f 1976 1977 1978
f 1978 1977 1979
f 1978 1979 1980
f 1980 1979 1981
f 1980 1981 1982
f 1982 1981 1983
f 1982 1983 1984
f 1984 1983 1985
f 1984 1985 1986
f 1986 1985 1987
f 1986 1987 1988
f 1988 1987 1989
f 1988 1989 1990
f 1990 1989 1991
f 1990 1991 1992
f 1992 1991 1993
f 1992 1993 1969
f 1969 1993 1994
f 1969 1994 1900
f 1970 1912 1995
f 1995 1912 1910
f 1995 1910 1996
f 1996 1910 1909
f 1996 1909 1997
f 1997 1909 1905
f 1997 1905 1998
f 1998 1905 1907
f 1998 1907 1999
f 1999 1907 2000
f 1923 1928 2001
f 2002 1937 2003
f 2003 1937 1936
f 2003 1936 1935
f 2001 1928 2004
f 1928 1927 2004
f 2004 1927 1925
f 2004 1925 2002
f 2002 1925 1924
f 2002 1924 1937
f 1923 2001 1921
f 1921 2001 2005
f 1921 2005 1916
f 1916 2005 2006
f 1916 2006 1917
f 1917 2006 1919
f 1919 2006 2007
f 1919 2007 1920
f 1920 2007 1915
f 1915 2007 2008
f 1915 2008 1913
f 1913 2008 1908
f 1908 2008 2000
f 1908 2000 1907
f 1930 1929 2009
f 2009 1929 2010
f 2010 1929 2011
f 2011 1929 1934
f 2011 1934 1933
f 2012 2003 1935
f 1930 2009 1935
f 1935 2009 2013
f 1935 2013 2012
f 2014 2015 2016
f 2016 2015 2017
f 2016 2017 2018
f 2019 2020 2021
f 2022 2023 2024
f 2025 2026 2027
f 2027 2026 2028
f 2027 2028 2029
f 2030 2031 2032
f 2032 2031 2033
f 2032 2033 2034
f 2035 2036 2037
f 2019 2038 2020
f 2020 2038 2039
f 2020 2039 2040
f 2040 2039 2041
f 2040 2041 2042
f 2042 2041 2043
f 2044 2045 2046
f 2047 2048 2049
f 2049 2048 2042
f 2049 2042 2050
f 2050 2042 2043
f 2051 2052 2053
f 2053 2052 2054
f 2053 2054 2055
f 2055 2054 2056
f 2055 2056 2057
f 2057 2056 2058
f 2057 2058 2059
f 2059 2058 2060
f 2059 2060 2061
f 2061 2060 2019
f 2061 2019 2062
f 2062 2019 2021
f 2062 2021 2063
f 2021 2064 2063
f 2063 2064 2065
f 2063 2065 2066
f 2066 2065 2067
f 2066 2067 2068
f 2068 2067 2069
f 2068 2069 2070
f 2070 2069 2071
f 2070 2071 2072
f 2072 2071 2073
f 2072 2073 2074
f 2074 2073 2075
f 2074 2075 2076
f 2076 2075 2077
f 2076 2077 2078
f 2078 2077 2079
f 2078 2079 2080
f 2080 2079 2081
f 2082 2083 2084
f 2084 2083 2085
f 2084 2085 2086
f 2086 2085 2087
f 2088 2089 2082
f 2082 2089 2090
f 2082 2090 2083
f 2046 2022 2044
f 2044 2022 2024
f 2044 2024 2014
f 2014 2024 2091
f 2014 2091 2015
f 2033 2027 2034
f 2034 2027 2029
f 2034 2029 2092
f 2092 2029 2093
f 2092 2093 2094
f 2094 2093 2095
f 2094 2095 2051
f 2051 2095 2096
f 2051 2096 2052
f 2097 2098 2099
f 2100 2101 2102
f 2102 2101 2086
f 2102 2086 2103
f 2103 2086 2087
f 2104 2105 2106
f 2106 2105 2107
f 2106 2107 2108
f 2108 2107 2109
f 2108 2109 2110
f 2110 2109 2111
f 2110 2111 2112
f 2112 2111 2113
f 2112 2113 2114
f 2114 2113 2115
f 2114 2115 2116
f 2116 2115 2117
f 2116 2117 2030
f 2030 2117 2118
f 2030 2118 2031
f 2099 2035 2097
f 2097 2035 2037
f 2097 2037 2025
f 2025 2037 2119
f 2025 2119 2026
f 2120 2121 2122
f 2122 2121 2123
f 2122 2123 2124
f 2124 2123 2125
f 2124 2125 2126
f 2126 2125 2127
f 2126 2127 2128
f 2128 2127 2129
f 2128 2129 2130
f 2130 2129 2089
f 2130 2089 2104
f 2104 2089 2088
f 2104 2088 2105
f 2081 2016 2080
f 2080 2016 2018
f 2080 2018 2131
f 2131 2018 2132
f 2131 2132 2133
f 2133 2132 2134
f 2133 2134 2120
f 2120 2134 2135
f 2120 2135 2121
f 1370 2136 2137
f 1370 2137 2138
f 2138 2137 2139
f 2138 2139 2140
f 2140 2139 2141
f 2140 2141 1381
f 1381 2141 2142
f 1381 2142 2143
f 2143 2142 2144
f 2143 2144 2145
f 2145 2144 2146
f 2145 2146 1398
f 1398 2146 2147
f 1398 2147 2148
f 2148 2147 2149
f 2148 2149 2150
f 2150 2149 2151
f 2150 2151 1353
f 1353 2151 2152
f 1353 2152 2153
f 2153 2152 2154
f 2153 2154 2155
f 2155 2154 2156
f 2155 2156 1428
f 1428 2156 2157
f 1428 2157 2158
f 2158 2157 2159
f 2158 2159 2160
f 2160 2159 2161
f 2160 2161 1426
f 1403 2162 2163
f 1403 2163 2164
f 2164 2163 2165
f 2164 2165 2166
f 2166 2165 2167
f 2166 2167 1361
f 1361 2167 2168
f 1361 2168 2169
f 2169 2168 2170
f 2169 2170 2171
f 2171 2170 2172
f 2171 2172 1429
f 1429 2172 2173
f 1429 2173 2174
f 2174 2173 2175
f 2174 2175 2176
f 2176 2175 2177
f 2176 2177 1412
f 1412 2177 2178
f 1412 2178 2179
f 2179 2178 2180
f 2179 2180 2181
f 2181 2180 2182
f 2181 2182 1410
f 1410 2182 2183
f 1410 2183 2184
f 2184 2183 2185
f 2184 2185 2186
f 2186 2185 2187
f 2186 2187 1385

