mtllib material.mtl
usemtl mtl_leg_7_link
v -0.02412699 0.01994425 -0.02390343
v -0.02230435 0.02000000 -0.02520629
v -0.02944591 0.02000000 -0.02059996
v -0.03100000 0.01225150 -0.00179997
v -0.03594840 0.01621406 -0.01099556
v -0.03763988 0.01147390 -0.00047581
v -0.04074452 0.02060837 -0.01326733
v -0.03094069 0.01634618 -0.01241843
v -0.02621760 0.01963712 -0.02190741
v -0.02846658 0.01877432 -0.01874742
v -0.03601332 -0.02038450 -0.01636482
v -0.02236959 -0.01991568 -0.02520796
v -0.02702013 -0.01938779 -0.02089141
v -0.02412699 -0.01994425 -0.02390343
v -0.02945811 -0.01806546 -0.01699440
v -0.04228110 -0.02130900 -0.01248374
v -0.03884560 -0.01915909 -0.01301253
v -0.03611596 -0.01662556 -0.01085801
v -0.03079895 -0.01646094 -0.01245687
v -0.03595984 -0.01267294 -0.00257536
v -0.03100043 -0.01394617 -0.00623732
v -0.03752429 -0.01155649 -0.00050821
v -0.03100000 -0.01177554 -0.00050000
v -0.03100000 0.00584274 -0.00117705
v -0.03100001 0.00445887 -0.00401477
v -0.03097739 0.00121443 -0.01042837
v -0.03319281 -0.00669821 -0.00050000
v -0.03100001 -0.00570634 -0.00185409
v -0.03100001 -0.00445887 -0.00401477
v -0.03100000 -0.00244042 -0.00548127
v -0.03100000 -0.00000000 -0.00600001
v -0.03100000 0.00244042 -0.00548127
v -0.04367634 -0.00773434 -0.00893118
v -0.04352653 -0.01040849 -0.00321253
v -0.03612503 0.01096817 -0.00766293
v -0.03100899 0.01144897 0.00049946
v -0.04267921 0.01087763 0.00021580
v -0.03640250 0.01029314 0.00305525
v -0.04915318 0.01075080 0.00350303
v -0.04838027 0.00769093 0.00850572
v -0.03647208 0.00863831 0.00682787
v -0.03592493 0.00660753 0.00860787
v -0.04352470 0.00458507 0.00987587
v -0.03302297 0.00571200 0.00919285
v -0.03100000 0.00762882 0.00759521
v -0.03208176 0.00867389 0.00485521
v -0.03100000 0.00337744 0.01036353
v -0.03100000 -0.00893573 0.00566162
v -0.03257855 -0.00649758 0.00869138
v -0.03238939 -0.00837784 0.00315779
v -0.03537700 -0.00992070 0.00439484
v -0.03585854 -0.00676997 0.00848171
v -0.03100000 -0.00337744 0.01036353
v -0.04429715 -0.00954637 0.00510331
v -0.05026781 -0.01085681 0.00075474
v -0.04316678 -0.01088234 -0.00001774
v -0.03102812 -0.01142504 0.00049848
v -0.04324332 -0.00415419 0.01008531
v -0.03109404 -0.00001929 0.01105613
v -0.04843548 0.01026833 -0.00395958
v -0.03933889 0.00747117 -0.00940639
v 0.02149027 -0.01212184 -0.01018801
v 0.02557537 -0.01359564 -0.01018352
v 0.03379997 -0.00923690 -0.00484876
v 0.02150000 -0.00880912 -0.00541555
v 0.03240617 -0.00694849 0.00078411
v 0.02150000 -0.00720108 -0.00032252
v 0.03349613 -0.01278307 -0.00796408
v 0.03000044 -0.02026130 -0.01176845
v -0.02445185 -0.01995170 -0.02798604
v -0.02352299 -0.01985714 -0.02870849
v -0.01581991 -0.02000233 -0.02723642
v -0.01874287 -0.02000000 -0.02683525
v 0.02012744 -0.00280000 -0.01354537
v 0.02054601 -0.01223590 -0.01314186
v 0.01916091 -0.01213338 -0.01482272
v 0.01726646 -0.00255066 -0.01606275
v 0.01783105 -0.01552426 -0.01585775
v -0.01271244 -0.00284449 -0.02697281
v -0.01490275 -0.01818667 -0.02723105
v -0.01201351 -0.01315488 -0.02665230
v -0.01783639 -0.00280000 -0.02698253
v -0.02122085 -0.00280000 -0.02578426
v 0.03377369 0.00899385 -0.00455463
v 0.02150000 0.00902348 -0.00576076
v 0.02149999 0.00750851 -0.00186057
v 0.03306869 0.01391165 -0.00854546
v 0.02765000 0.02213397 -0.01225899
v 0.02641112 0.01410016 -0.01028419
v 0.02149487 0.01187312 -0.00965886
v 0.02150279 0.00559909 0.00460769
v 0.03161769 0.00615854 0.00356767
v -0.02383402 0.02001840 -0.02838466
v -0.03182976 0.01999993 -0.02322727
v -0.01872723 0.01999456 -0.02684009
v -0.01384145 0.02033751 -0.03168476
v -0.01506982 0.01843942 -0.02723705
v -0.01439996 0.02045334 -0.02754331
v 0.01923719 0.00280000 -0.01449296
v 0.01839919 0.01152994 -0.01564802
v 0.01678050 0.00280000 -0.01624011
v 0.02100801 0.01190813 -0.01220376
v -0.01149752 0.00280000 -0.02653250
v -0.01299994 0.01397883 -0.02691744
v -0.01456099 0.00107339 -0.02719185
v -0.01915763 0.00280000 -0.02661268
v -0.02333903 0.00280000 -0.02445326
v -0.00555543 -0.01839214 -0.02862647
v 0.00368949 -0.03092384 -0.02526156
v -0.00446225 -0.02829286 -0.02822857
v -0.01085612 -0.02357000 -0.03056544
v 0.01220208 -0.03125940 -0.02216328
v 0.01172368 -0.01565754 -0.02233850
v 0.02037834 -0.02871607 -0.01918734
v 0.02941382 0.00075317 -0.01589868
v 0.03046973 -0.00214952 -0.01551436
v 0.03691935 -0.00899149 -0.01316688
v 0.03406271 -0.00167404 -0.01420663
v 0.03801318 -0.00303424 -0.01276878
v 0.03801318 0.00303424 -0.01276878
v 0.03448422 0.00150000 -0.01405322
v 0.03691970 0.00899010 -0.01316677
v 0.03321303 0.01715321 -0.01451590
v 0.02631103 0.01998688 -0.01702801
v 0.02533320 0.02576960 -0.01738392
v 0.01776695 0.02993417 -0.02013783
v 0.02226882 0.01850267 -0.01849926
v -0.00627875 0.01942339 -0.02888973
v -0.00689055 0.02670265 -0.02911240
v 0.00083597 0.03041120 -0.02629959
v -0.01756527 0.01432027 -0.03299766
v -0.00921003 0.01536846 -0.02995661
v -0.00309814 0.00962299 -0.02773497
v -0.02104233 0.00540191 -0.03426196
v -0.02073135 -0.00460827 -0.03415004
v -0.00589382 0.00371637 -0.02875378
v -0.01574927 -0.01867333 -0.03232782
v -0.00878439 -0.01521748 -0.02980169
v 0.00716792 0.01563277 -0.02409511
v -0.00171008 -0.01216614 -0.02723143
v 0.02279833 -0.01711418 -0.01830654
v 0.01808124 -0.01222991 -0.02001757
v 0.02699633 -0.01572570 -0.01677858
v 0.02622108 -0.02045464 -0.01706074
v 0.02824878 -0.02349808 -0.01632274
v 0.03321338 -0.01715244 -0.01451577
v 0.00935187 0.03134193 -0.02320065
v 0.02574351 0.01536846 -0.01723457
v 0.01559136 0.01416358 -0.02093083
v 0.03239521 0.00269856 -0.01481356
v 0.02197063 0.00683821 -0.01861857
v 0.03094237 -0.00142507 0.00776746
v 0.02150000 -0.00266513 0.00632245
v 0.03098531 -0.00328145 0.00662628
v 0.02150000 0.00138702 0.00686121
v 0.02150000 -0.00588018 0.00379782
v -0.05711218 -0.00795944 -0.00006963
v -0.05794891 -0.00769461 0.00218930
v -0.04850000 -0.00783024 0.00072558
v -0.04850000 0.00796587 -0.00073815
v -0.05757008 0.00782367 -0.00146143
v -0.04850000 0.00716131 -0.00356591
v -0.05919186 0.00746010 -0.00288910
v -0.05996955 0.00741626 -0.00299985
v -0.06000505 0.00608032 -0.00505412
v -0.06172641 0.00764400 -0.00229667
v -0.06422130 0.00792171 -0.00151385
v -0.06285636 0.00794842 0.00036382
v -0.05823768 0.00762789 0.00240124
v -0.05723642 0.00791628 0.00097284
v -0.04850000 0.00769461 0.00218930
v -0.06178869 0.00763312 0.00238601
v -0.05983421 0.00744619 0.00292440
v -0.06023255 0.00665183 0.00441805
v -0.04850001 0.00638414 0.00482109
v -0.06225334 0.00714248 0.00360345
v -0.06299204 0.00740877 0.00301829
v -0.06382270 0.00778300 0.00180900
v -0.06305977 -0.00798650 -0.00114829
v -0.06474331 -0.00809039 -0.00198577
v -0.06425621 -0.00799882 -0.00137419
v -0.05958326 -0.00743418 -0.00297894
v -0.04850000 -0.00716131 -0.00356591
v -0.05777622 -0.00775434 -0.00190743
v -0.04850001 -0.00638414 0.00482109
v -0.05944679 -0.00640319 0.00469079
v -0.05888761 -0.00750766 0.00275880
v -0.06137009 -0.00810927 0.00276661
v -0.06313270 -0.00748512 0.00275009
v -0.06261317 -0.01703156 0.00147355
v -0.06400267 -0.00787139 0.00142870
v -0.04850000 -0.00413975 -0.00668592
v -0.05677627 -0.00428850 -0.00713669
v -0.04850000 0.00144497 -0.00772989
v -0.05662888 0.00319571 -0.00723176
v -0.04850000 0.00538957 -0.00591207
v -0.04896701 0.00246498 0.00829966
v -0.05095376 0.00029105 0.00763882
v -0.04850000 0.00000000 0.00786379
v -0.04850000 -0.00421146 0.00680173
v -0.06392399 -0.02650000 -0.00133333
v -0.06230364 -0.02650000 -0.00357152
v -0.06400267 -0.02650000 0.00142870
v -0.06243807 -0.02701277 0.00363547
v -0.05548163 -0.02473293 0.00190509
v -0.05021134 -0.01190629 0.00473402
v -0.05791570 -0.02458218 0.00521891
v -0.04930410 -0.00859894 0.00822342
v 0.02150000 0.00290280 0.00290280
v 0.02149999 0.00425000 0.00000001
v 0.02150000 0.00368061 -0.00212501
v 0.02150000 -0.00106250 0.00396530
v 0.02149999 -0.00212500 -0.00368059
v 0.02150001 -0.00000000 -0.00425003
v 0.02149999 0.00212500 -0.00368059
v 0.02150000 -0.00396530 0.00106251
v 0.02150000 -0.00368061 -0.00212501
v -0.05496896 -0.02605553 -0.00004527
v -0.05702949 -0.02662704 0.00083098
v -0.05341243 -0.02594231 -0.00286015
v -0.05025793 -0.02306173 -0.01134093
v -0.04983293 -0.02365107 -0.00679957
v -0.03823898 -0.02037932 -0.01909325
v -0.05539076 -0.01410394 0.00000714
v -0.05007834 -0.01315512 -0.00655408
v -0.04300401 -0.00910309 -0.01195024
v -0.05774385 0.02554233 -0.00651184
v -0.05046291 0.02297225 -0.01120881
v -0.03992302 0.02050193 -0.01800689
v -0.06234529 0.02650521 -0.00354357
v -0.02301646 0.01871888 -0.02935531
v -0.02202349 -0.01318260 -0.03159081
v -0.02296342 -0.01848474 -0.02946836
v -0.02251732 0.01673094 -0.03031950
v -0.02110072 -0.00060716 -0.03412607
v 0.02002558 -0.01433445 -0.01559112
v -0.00600780 -0.01406895 -0.02453440
v -0.00536176 -0.02042430 -0.02429925
v -0.00316054 -0.02935804 -0.02349808
v -0.01189887 -0.02413977 -0.02667856
v 0.02162165 -0.02749797 -0.01447807
v 0.02631541 -0.02327499 -0.01330179
v 0.02131992 -0.02243570 -0.01465497
v 0.01361642 -0.03059679 -0.01739176
v 0.00513360 -0.03142445 -0.02047928
v -0.01414319 -0.01999561 -0.02739188
v -0.01535552 -0.02063069 -0.02793669
v -0.02526020 -0.00126099 -0.02292057
v -0.02791931 -0.00280000 -0.01961310
v -0.03003586 -0.00115004 -0.01537826
v -0.03072334 -0.00250858 -0.01180993
v -0.03100000 -0.00519615 0.00300000
v -0.03100000 -0.00597313 0.00056359
v -0.03100000 0.00597313 0.00056359
v -0.03100000 0.00519615 0.00300000
v -0.03100000 0.00352671 0.00485410
v -0.03100000 0.00124747 0.00586888
v -0.03100000 -0.00124747 0.00586888
v -0.03100000 -0.00352671 0.00485410
v 0.01944044 0.00009626 -0.01288119
v 0.01809998 -0.00080000 -0.01289997
v 0.01722612 -0.00080000 -0.01378410
v -0.01623769 -0.00080000 -0.01888080
v -0.01686622 -0.00080000 -0.01826489
v -0.02253777 -0.00080000 -0.01886355
v -0.01393914 -0.00080000 -0.01653509
v -0.01370276 -0.00080000 -0.01738275
v 0.01609646 -0.00080000 -0.01436072
v -0.01392188 -0.00080000 -0.01823502
v -0.01218157 -0.00080000 -0.02465311
v -0.01453778 -0.00080000 -0.01886354
v -0.01396000 -0.00080000 -0.02512024
v -0.01538542 -0.00080000 -0.01909992
v -0.01456767 -0.00080000 -0.01591920
v -0.01541993 -0.00080000 -0.01570008
v -0.01688347 -0.00080000 -0.01656498
v -0.02193914 -0.00080000 -0.01653510
v -0.01710259 -0.00080000 -0.01741725
v -0.02170277 -0.00080000 -0.01738274
v -0.02192189 -0.00080000 -0.01823500
v -0.02143038 -0.00080000 -0.02339006
v -0.02338543 -0.00080000 -0.01909990
v -0.02101019 -0.00080000 -0.02366108
v -0.02097651 -0.00090376 -0.02410226
v -0.01716672 -0.00080000 -0.02512051
v -0.01579391 -0.00080000 -0.02525342
v -0.02423770 -0.00080000 -0.01888079
v -0.02486622 -0.00080000 -0.01826490
v -0.02510259 -0.00080000 -0.01741726
v -0.02488347 -0.00080000 -0.01656499
v -0.02950439 -0.00080064 -0.01289839
v -0.02426757 -0.00080000 -0.01593647
v -0.02341993 -0.00080000 -0.01570009
v -0.02256766 -0.00080000 -0.01591921
v -0.01626758 -0.00080000 -0.01593646
v 0.01809998 0.00080000 -0.01289997
v -0.02760000 0.00080000 -0.01290000
v -0.05338660 0.01523064 0.00679344
v -0.05874062 0.02556237 0.00493234
v -0.06152162 0.02638199 0.00396591
v -0.05376125 -0.01387398 0.00333348
v -0.05527214 -0.01201114 0.00156864
v -0.03768241 -0.00885737 -0.01026574
v -0.04849999 -0.00596713 0.00062716
v -0.04850000 -0.00519615 0.00300001
v -0.04850001 -0.00352671 0.00485411
v -0.04850001 -0.00124747 0.00586889
v -0.04850001 0.00124747 0.00586889
v -0.04850001 0.00352671 0.00485411
v -0.04850000 0.00519615 0.00300001
v -0.04849999 0.00596713 0.00062716
v -0.04850000 0.00570634 -0.00185411
v -0.04850000 0.00445887 -0.00401479
v -0.04849999 0.00244042 -0.00548128
v -0.04850000 -0.00000000 -0.00600000
v -0.04849999 -0.00244042 -0.00548128
v -0.04850000 -0.00445887 -0.00401479
v -0.04850000 -0.00570634 -0.00185411
v -0.04298214 -0.00595060 0.00050083
v -0.03533860 -0.00797404 -0.00049083
v -0.04268215 -0.00592879 -0.00091836
v -0.04305185 0.00595827 -0.00039961
v -0.04240806 0.00595396 0.00070918
v -0.02150407 -0.00155040 -0.02501751
v -0.01688514 -0.00171003 -0.02649972
v -0.01178878 -0.00119794 -0.02573229
v -0.01156939 -0.00191732 -0.02633507
v 0.01639837 -0.00101010 -0.01519019
v 0.01664442 -0.00165155 -0.01586620
v -0.05793027 -0.02620000 -0.00202813
v -0.06147355 -0.02620000 -0.00261317
v -0.06279129 -0.02620000 -0.00077837
v -0.05852645 -0.02620000 0.00261318
v -0.06003045 -0.02620000 0.00299985
v 0.03410246 -0.00347051 -0.00216806
v 0.03267844 -0.00389411 0.00160794
v 0.03193070 -0.00080641 0.00453606
v 0.03341344 0.00454690 -0.00097846
v 0.02162165 0.02749797 -0.01447807
v 0.01361642 0.03059679 -0.01739176
v 0.00513360 0.03142445 -0.02047928
v -0.00316054 0.02935804 -0.02349808
v -0.01068695 0.02511244 -0.02623744
v 0.03497903 0.00080804 -0.00407096
v 0.03488915 -0.00161945 -0.00389101
v -0.06411484 0.02650000 0.00049357
v -0.06271775 0.02648744 0.00323668
v -0.06362098 0.02650000 -0.00222509
v -0.05512207 0.02510309 0.00146467
v -0.05439620 0.02057380 0.00320280
v -0.04582792 0.02171278 -0.01005956
v -0.05021189 0.02387343 -0.00648676
v -0.05494741 0.02613688 -0.00025159
v -0.05334717 0.02560758 -0.00287968
v -0.05704724 0.02649081 -0.00073060
v -0.04936892 0.01155401 -0.00724733
v -0.05395987 0.01384744 -0.00189894
v -0.03723619 0.01065216 -0.01158679
v -0.04164355 0.01021811 -0.01229586
v -0.06080817 0.02648954 0.00351360
v -0.00813276 0.01197926 -0.02530911
v -0.00710163 0.02274667 -0.02503720
v -0.00464471 0.01827426 -0.02403827
v 0.02442353 0.01228109 -0.01452247
v 0.02057162 0.01337760 -0.01486029
v 0.01900956 0.01827426 -0.01542882
v -0.01075527 0.02277427 -0.02732652
v 0.02218280 0.02250876 -0.01427385
v -0.03016511 0.00320377 -0.01555592
v -0.02684701 0.00159459 -0.02122326
v -0.02143038 0.00080000 -0.02339006
v -0.02270828 0.00080000 -0.01927245
v -0.01629576 0.00080000 -0.01801813
v -0.01499380 0.00080000 -0.01580964
v 0.01609646 0.00080000 -0.01436072
v -0.01218157 0.00080000 -0.02465311
v -0.01417505 0.00080000 -0.01833621
v -0.01441916 0.00080000 -0.02515598
v -0.02336702 0.00080000 -0.01605442
v -0.02580833 0.00080000 -0.01736575
v -0.02101019 0.00080000 -0.02366108
v -0.01876333 0.00083765 -0.02636189
v 0.01770381 0.00080000 -0.01336701
v -0.01393914 0.00080000 -0.01653509
v -0.05513341 0.01241409 0.00053317
v -0.04274357 0.00835857 -0.00885508
v -0.02296358 0.00143397 -0.02394395
v -0.01171436 0.00143397 -0.02593676
v 0.01670866 0.00191732 -0.01604271
v 0.01648927 0.00119794 -0.01543994
v -0.06202813 0.02620000 -0.00206973
v -0.06299985 0.02620000 -0.00003044
v -0.06261317 0.02620000 0.00147355
v -0.06152629 0.02620000 0.00258271
v -0.06003045 0.02620000 0.00299985
v -0.05852645 0.02620000 0.00261318
v -0.05741728 0.02620000 0.00152629
v -0.05719349 0.02620000 -0.00072156
v -0.05847371 0.02620000 -0.00258271
v -0.05996955 0.02620000 -0.00299985
v -0.01082511 0.01906615 -0.02841611
v -0.00818150 0.01387364 -0.02745392
v -0.00517101 0.01766112 -0.02635819
v -0.01365751 0.01887085 -0.02944701
v -0.01268455 0.01433445 -0.02909288
v -0.01175483 -0.01531182 -0.02875450
v -0.00980412 -0.02045464 -0.02804450
v -0.00504814 -0.01853945 -0.02631347
v -0.00741001 -0.01335811 -0.02717311
v -0.00822703 -0.02277427 -0.02747048
v -0.01329899 -0.01934928 -0.02931652
v 0.02133341 -0.01997170 -0.01671138
v 0.02786528 -0.01999782 -0.01433394
v 0.02758661 -0.01597434 -0.01443538
v 0.02497074 -0.01172877 -0.01534248
v 0.02307959 0.01459142 -0.01607582
v 0.02775250 0.01544258 -0.01437498
v 0.02474850 0.02161445 -0.01546838
v 0.02109079 0.01999782 -0.01679968
v 0.02903190 0.01934928 -0.01390932
v 0.02041066 0.01493104 -0.01704724
v -0.03377679 -0.00610832 0.00300000
v -0.03461961 -0.00881962 0.00050000
v -0.03440000 -0.00650718 0.00050000
v -0.03402679 0.00660718 0.00175000
v -0.03334019 0.00832320 0.00050000
v -0.03543923 0.00780000 0.00050001
v -0.03391274 -0.00948530 -0.00057535
v -0.03275484 0.00884827 -0.00060098
v -0.03431250 0.00683373 -0.00050000
v -0.03543722 0.00824292 -0.00054830
v -0.03403906 -0.00756265 -0.00759388
v -0.03355218 0.00733874 -0.00768777
v 0.01194369 0.01561846 -0.02651318
v 0.02393686 0.00639539 -0.02214870
v -0.00422361 -0.00462106 -0.03239838
v 0.00503704 0.01460056 -0.02902722
v -0.00497196 0.00165787 -0.03267124
v 0.02298879 -0.00768232 -0.02249422
v 0.00323568 -0.01466283 -0.02968366
v 0.03200868 -0.00123315 -0.00720972
v 0.02718052 -0.00201705 -0.01009256
v 0.03060104 0.00242404 -0.00908150
v 0.02237670 -0.00683642 -0.01864282
v 0.05067245 0.01400000 -0.01880293
v 0.04893137 0.01400000 -0.01943666
v 0.05246690 0.00417697 -0.01814982
v 0.03571812 -0.00000000 -0.02424589
v 0.04346209 0.01927808 -0.02142731
v 0.04257455 0.01654067 -0.02175035
v 0.04529550 0.02204403 -0.02076000
v 0.04048672 0.01804534 -0.02251025
v 0.04135780 0.02041626 -0.02311828
v 0.04798054 -0.01587258 -0.01978279
v 0.05074418 -0.01351041 -0.01877053
v 0.05208645 -0.00835393 -0.01828828
v 0.04042062 -0.01778284 -0.02253431
v 0.04140730 -0.02026716 -0.02217519
v 0.04540233 -0.02184441 -0.02072111
v 0.04358543 -0.01885858 -0.02138242
v 0.02764605 -0.03309294 -0.02718389
v 0.02751385 -0.03151794 -0.02723200
v 0.01197072 -0.02452731 -0.03288926
v 0.02960169 -0.03015395 -0.02647209
v 0.04050248 -0.02865556 -0.02250452
v 0.03113009 -0.03178044 -0.02591580
v 0.03435524 -0.03428727 -0.02474196
v -0.00612058 -0.03367885 -0.03947391
v -0.00676145 -0.03060861 -0.03970716
v -0.01045155 -0.03425572 -0.04105029
v -0.00492028 -0.03008361 -0.03903703
v -0.00385217 -0.03210385 -0.03864828
v 0.00072440 -0.04246210 -0.03698258
v 0.02030312 -0.04250000 -0.02985647
v 0.02960169 -0.03393193 -0.02647209
v 0.02438854 -0.04137760 -0.02836953
v -0.02512500 -0.01372715 -0.04638888
v -0.01955374 -0.01967183 -0.04436318
v -0.01926729 -0.01656004 -0.04425896
v -0.02149269 -0.02179266 -0.04506889
v -0.01656833 -0.02864722 -0.04327660
v -0.01653041 -0.02010074 -0.04512510
v -0.02890434 -0.00000053 -0.04777087
v -0.02739666 -0.01224313 -0.04721118
v -0.02505887 0.01384655 -0.04636615
v -0.02732774 0.01255930 -0.04717629
v -0.01946345 0.01761642 -0.04433032
v -0.02149159 0.02179447 -0.04506849
v -0.01948764 0.01993433 -0.04433913
v -0.01746590 0.02026716 -0.04360328
v -0.01647922 0.01778284 -0.04324416
v -0.00381912 0.03249760 -0.03863625
v -0.00442694 0.03022429 -0.03885748
v 0.01197072 0.02761304 -0.03288926
v -0.00700811 0.03158828 -0.03979696
v -0.01041381 0.03428727 -0.04103656
v -0.01656046 0.02865617 -0.04327376
v -0.00541362 0.02994294 -0.03921659
v -0.00590696 0.03400227 -0.03939615
v -0.00172327 0.04071252 -0.03787347
v 0.02323058 0.04249564 -0.02879101
v 0.00223366 0.04227134 -0.03643325
v 0.03508408 0.03372154 -0.02447668
v 0.02984836 0.03400227 -0.02638231
v 0.02825386 0.03053828 -0.02696266
v 0.02794110 0.03321477 -0.02707649
v 0.03094952 0.03158828 -0.02598152
v 0.04050113 0.02865785 -0.02250501
v -0.01525668 0.02277701 -0.04279919
v -0.01457552 0.02483278 -0.04255127
v -0.01032050 0.02144157 -0.04100261
v -0.01347747 0.02327088 -0.04215163
v 0.01197072 0.01072079 -0.03288926
v -0.01647922 -0.01778284 -0.04324416
v -0.01032050 -0.02144157 -0.04100261
v -0.01455191 -0.02250249 -0.04254268
v -0.01339571 -0.02397064 -0.04212184
v -0.01448742 -0.02513242 -0.04251921
v -0.01597873 -0.02415814 -0.04306200
v -0.01823226 0.02921522 -0.04388221
v -0.02006380 0.02620064 -0.04667719
v -0.02340413 0.02379259 -0.04257210
v -0.01775504 0.03097520 -0.04051599
v -0.01415943 0.03307500 -0.04451522
v -0.01131591 0.03648387 -0.03817232
v -0.00872381 0.03807051 -0.04254979
v -0.08354345 0.03806504 -0.06978193
v -0.02388226 0.03460964 -0.04806702
v -0.02331501 0.04199986 -0.04786031
v -0.08565087 0.03740995 -0.06523281
v -0.08234533 0.03416456 -0.06934580
v -0.02321483 0.02273643 -0.04782407
v -0.02016713 0.03135659 -0.04671481
v -0.08191225 0.04040764 -0.06388903
v -0.07715110 0.04141935 -0.06745531
v -0.07191760 0.04200000 -0.06555042
v -0.01910685 0.02970604 -0.04526473
v 0.04669817 -0.03181697 -0.02237781
v 0.04786360 -0.02261008 -0.02195368
v 0.04390119 -0.02782768 -0.02233169
v 0.04935731 -0.03571723 -0.02140999
v 0.08746421 -0.03307479 -0.00754019
v 0.08625963 -0.03002935 -0.00797866
v 0.04797141 -0.03753432 -0.02031815
v 0.05124057 -0.04200000 -0.02072453
v 0.08583391 -0.04200000 -0.00813359
v 0.08753692 -0.04008313 -0.00644955
v 0.04395800 -0.03030894 -0.02177893
v 0.09633085 -0.04143772 -0.00431302
v 0.10324728 -0.04122892 -0.00179567
v 0.09644689 -0.03201322 -0.00426635
v 0.10892360 -0.03895971 0.00027037
v 0.11050791 -0.03479857 0.00084701
v -0.01505477 -0.03262432 -0.04272572
v -0.01163083 -0.03537461 -0.04360786
v -0.01043392 -0.03807051 -0.03785132
v -0.01775504 -0.03097520 -0.04051599
v -0.02269940 -0.02263697 -0.04763643
v -0.02409428 -0.02336347 -0.04282328
v -0.01626433 -0.03831805 -0.04529430
v -0.00860634 -0.03945302 -0.04250704
v -0.01453790 -0.04200000 -0.04466597
v -0.01044904 -0.04180681 -0.04317773
v 0.04491104 -0.02420115 -0.01770739
v 0.04067040 -0.03097520 -0.02244343
v 0.03964433 -0.03097520 -0.01962434
v 0.03844118 -0.03438015 -0.02485104
v 0.03320518 -0.03648387 -0.02196796
v 0.03299264 -0.03881239 -0.02736622
v 0.12088868 0.01500000 0.00994619
v 0.12259877 0.01053109 0.00524775
v 0.12191475 0.00606218 0.00712710
v 0.12259877 -0.00606218 0.00524775
v 0.12259877 -0.01500000 0.00524775
v 0.12193343 -0.00529955 0.00660181
v 0.12088868 -0.01500000 0.00994619
v 0.12088868 -0.00000000 0.00994619
v 0.09661805 0.03203569 -0.00420072
v 0.10989513 0.03461808 0.00062397
v 0.10935478 0.03855121 0.00042732
v 0.09535448 0.03815429 -0.00466838
v 0.10192336 0.04162649 -0.00227754
v 0.10707399 0.03438304 0.00491802
v 0.08762383 0.03029356 -0.00748192
v 0.04775731 0.02291848 -0.01667145
v 0.04787873 0.02261276 -0.02194816
v 0.03780296 0.04190341 -0.02561541
v 0.03916337 0.04200000 -0.02299194
v 0.03474041 0.04200000 -0.02140923
v 0.05133729 0.04199999 -0.02068745
v 0.09551753 0.04200000 0.00071016
v 0.08782197 0.04199819 -0.00740919
v 0.03839962 0.03358901 -0.02457012
v 0.03272369 0.03704692 -0.02214322
v 0.04206043 0.02945401 -0.02193750
v 0.03964433 0.03097520 -0.01962434
v 0.04598356 0.02336347 -0.01731703
v 0.04304289 0.02957976 -0.02370773
v 0.04935731 0.03571723 -0.02140999
v 0.04950896 0.04143630 -0.02029061
v 0.03391583 0.03945302 -0.02703021
v 0.04169670 0.03931797 -0.02419821
v -0.09699284 -0.01790143 -0.07467709
v -0.09728927 -0.00649519 -0.07478501
v -0.09899940 -0.01500000 -0.07008652
v -0.09797332 0.00000000 -0.07290561
v -0.09699516 0.00563278 -0.07467796
v -0.09728927 0.01500000 -0.07478501
v -0.09899940 0.01500000 -0.07008652
v -0.09899940 -0.00000000 -0.07008652
v 0.03332917 0.03428727 -0.02192287
v 0.03947902 0.02865293 -0.01968451
v 0.04440802 0.02179266 -0.01789048
v 0.04755725 0.01500000 -0.01674426
v 0.04901107 0.01544844 -0.01648117
v -0.02566795 0.01500000 -0.04339608
v -0.01123154 0.03449175 -0.03814165
v -0.01758973 0.02865293 -0.04045583
v -0.02251873 0.02179266 -0.04224985
v -0.01143988 -0.03428727 -0.03821747
v -0.01758973 -0.02865293 -0.04045583
v -0.02251873 -0.02179266 -0.04224985
v -0.02566795 -0.01500000 -0.04339608
v -0.10181855 -0.01499529 -0.07111258
v -0.10181848 0.01500000 -0.07111257
v -0.09839850 0.01499058 -0.08050956
v -0.09839828 -0.00932750 -0.08050948
v -0.09839828 -0.01500000 -0.08050948
v -0.10085788 0.02276457 -0.07076298
v -0.09743768 0.02276457 -0.08015990
v -0.09804162 0.03000000 -0.06973791
v -0.09462142 0.03000000 -0.07913484
v -0.09356160 0.03621320 -0.06810730
v -0.09014139 0.03621320 -0.07750422
v -0.08772306 0.04098076 -0.06598230
v -0.08430287 0.04098076 -0.07537922
v -0.08092400 0.04397777 -0.06350762
v -0.07750380 0.04397777 -0.07290453
v -0.07362769 0.04500000 -0.06085199
v -0.07018751 0.04500009 -0.07024162
v 0.01094465 0.04500000 -0.03007017
v 0.04029552 0.04500000 -0.03002911
v -0.01232029 0.04500000 -0.04917969
v 0.09551697 0.04500000 0.00071166
v 0.09892850 0.04500012 -0.00868844
v 0.06290700 0.04500000 -0.02179918
v 0.10281330 0.04397777 0.00336728
v 0.10623349 0.04397777 -0.00602964
v 0.10961236 0.04098076 0.00584197
v 0.11303256 0.04098076 -0.00355495
v 0.11545085 0.03621320 0.00796701
v 0.11887109 0.03621320 -0.00142996
v 0.11993092 0.03000000 0.00959758
v 0.12335111 0.03000000 0.00020066
v 0.12274718 0.02276457 0.01062264
v 0.12616737 0.02276457 0.00122572
v 0.12370777 0.01500000 0.01097223
v 0.12712798 0.01500000 0.00157531
v 0.12712798 0.00650000 0.00157531
v 0.12370784 -0.01499139 0.01097225
v 0.12712798 -0.00932750 0.00157531
v 0.12712798 -0.01500000 0.00157531
v 0.12274718 -0.02276457 0.01062264
v 0.12616737 -0.02276457 0.00122572
v 0.11993092 -0.03000000 0.00959758
v 0.12335111 -0.03000000 0.00020066
v 0.11545085 -0.03621320 0.00796701
v 0.11887109 -0.03621320 -0.00142996
v 0.10961236 -0.04098076 0.00584197
v 0.11303256 -0.04098076 -0.00355495
v 0.10281330 -0.04397777 0.00336728
v 0.10623349 -0.04397777 -0.00602964
v 0.09551697 -0.04500000 0.00071166
v 0.09890914 -0.04500026 -0.00869550
v -0.00817120 -0.04500000 -0.04766954
v 0.03809679 -0.04500000 -0.03082939
v 0.01094465 -0.04500000 -0.03007017
v -0.07362769 -0.04500000 -0.06085199
v -0.07017868 -0.04500025 -0.07023840
v -0.02051322 -0.04500000 -0.05216169
v 0.05191800 -0.04500000 -0.02579886
v -0.08092400 -0.04397777 -0.06350762
v -0.07750380 -0.04397777 -0.07290453
v -0.08772306 -0.04098076 -0.06598230
v -0.08430287 -0.04098076 -0.07537922
v -0.09356160 -0.03621320 -0.06810730
v -0.09014139 -0.03621320 -0.07750422
v -0.09804162 -0.03000000 -0.06973791
v -0.09462142 -0.03000000 -0.07913484
v -0.10085788 -0.02276457 -0.07076298
v -0.09743768 -0.02276457 -0.08015990
v -0.02298702 0.03472750 -0.05306209
v -0.02060824 0.03370772 -0.04992954
v -0.01735362 0.03087396 -0.05101170
v 0.09264272 0.00562452 -0.01097626
v -0.05388033 -0.01470451 -0.06430630
v 0.09726555 -0.03773827 -0.00929369
v 0.09650747 -0.03252346 -0.00956961
v 0.08020587 -0.01447073 -0.01550289
v 0.08970983 0.03234129 -0.01204373
v 0.09324059 0.03091000 -0.01075864
v 0.08879167 0.01907658 -0.01237794
v 0.09563211 0.03159193 -0.00988821
v 0.09770323 0.03472750 -0.00913439
v 0.09738283 0.03854500 -0.00925101
v 0.09264272 0.04057855 -0.01097628
v -0.05388033 0.02685570 -0.06430630
v -0.05388033 0.00650000 -0.06430630
v 0.03150248 -0.03393193 -0.03322948
v 0.03313003 -0.03126486 -0.03263710
v -0.00436729 -0.03347727 -0.04628504
v -0.00252612 -0.03400227 -0.04561492
v -0.00117829 -0.03256794 -0.04512435
v 0.02990798 -0.03256794 -0.03380983
v -0.00499282 -0.03204294 -0.04651271
v -0.00436729 -0.03060861 -0.04628504
v 0.03004018 -0.03099294 -0.03376172
v -0.00131049 -0.03099294 -0.04517246
v 0.03125581 -0.03008361 -0.03331926
v -0.00252612 -0.03008361 -0.04561492
v -0.00992173 -0.02485498 -0.04830668
v 0.03033523 0.03321477 -0.03365432
v -0.00792637 0.03761647 -0.04758043
v 0.03174915 0.03414294 -0.03313970
v 0.03351116 0.03078730 -0.03249841
v 0.03309698 0.03347727 -0.03264913
v -0.00479453 0.03230544 -0.04644055
v -0.01310971 0.02308478 -0.04946700
v -0.00351280 0.03400227 -0.04597403
v 0.05027185 0.02440872 -0.02639802
v 0.03125581 0.03008361 -0.03331926
v -0.00351280 0.03008361 -0.04597403
v -0.00792637 0.02761304 -0.04758043
v -0.01771902 0.01850000 -0.05114468
v -0.01691494 0.01659695 -0.05085203
v -0.01641957 0.02026716 -0.05067173
v -0.01439783 0.01993433 -0.04993587
v -0.01433118 0.01732712 -0.04991159
v 0.06134947 0.00000000 -0.02236608
v 0.04496870 0.01654067 -0.02832820
v 0.04625044 0.01823750 -0.02786170
v 0.04472203 0.02038899 -0.02841798
v 0.04249886 0.01778058 -0.02922716
v 0.05204336 -0.03727401 -0.02575322
v 0.07098225 -0.01427250 -0.01886007
v 0.07424910 -0.01774903 -0.01767099
v 0.07128337 -0.01048117 -0.01875046
v 0.07424910 -0.00825096 -0.01767099
v 0.07783638 -0.01740807 -0.01636533
v 0.08919395 -0.03321357 -0.01223155
v 0.08434274 -0.00650000 -0.01399723
v 0.07871173 -0.00952347 -0.01604673
v 0.12193760 0.00347653 -0.00031381
v 0.11747497 0.00474903 -0.00193808
v 0.11747497 -0.00474903 -0.00193808
v 0.12209781 -0.00284028 -0.00025550
v 0.09563211 0.00440807 -0.00988821
v 0.09770323 0.00127250 -0.00913439
v 0.11420809 0.00127250 -0.00312712
v 0.11388769 -0.00000000 -0.00324374
v 0.09738283 -0.00254500 -0.00925101
v 0.11452850 -0.00254500 -0.00301050
v 0.09443635 -0.00474903 -0.01032343
v 0.08877797 0.00127250 -0.01238294
v 0.08997373 -0.00347653 -0.01194773
v -0.01732864 -0.04074904 -0.05100257
v -0.01406176 -0.03727250 -0.04981353
v -0.01438216 -0.03345500 -0.04993015
v -0.01732864 -0.03125096 -0.05100257
v -0.02169059 -0.03188042 -0.05259021
v -0.02298702 -0.03727250 -0.05306209
v -0.02091593 -0.04040807 -0.05230822
v -0.01406176 0.03472750 -0.04981353
v -0.01585540 0.03964702 -0.05046636
v -0.02179127 0.03947654 -0.05262684
v 0.04844985 0.03125096 -0.02706118
v 0.05155653 0.03663625 -0.02593045
v 0.04964561 0.04040807 -0.02662596
v 0.04725409 0.04109000 -0.02749639
v 0.04398721 0.03947654 -0.02868543
v 0.04398721 -0.03947654 -0.02868543
v 0.04844985 -0.04074904 -0.02706118
v 0.04256698 -0.01950373 -0.02920237
v 0.04247105 -0.03600000 -0.02923726
v 0.09217101 -0.04034332 -0.01103972
v 0.08877797 -0.03727250 -0.01238294
v 0.08877797 0.03727250 -0.01238294
v -0.01406954 -0.01735741 -0.04981636
v -0.01190844 -0.02321145 -0.04902979
v -0.01358460 -0.02415814 -0.04963983
v -0.01297424 -0.02508218 -0.04941770
v 0.04564261 -0.01974216 -0.02808291
v 0.04514928 -0.01673284 -0.02826249
v 0.03974295 -0.00607750 -0.03023023
v 0.04312753 -0.01706567 -0.02899833
v 0.04562065 -0.03171673 -0.02809091
v 0.05052097 -0.03252346 -0.02630736
v -0.01777994 -0.01967718 -0.05116686
v 0.09204485 -0.03125096 -0.01119388
v -0.01620806 -0.01637871 -0.05059474
v -0.09250315 -0.00347653 -0.07836384
v -0.09401932 -0.00000000 -0.07891568
v -0.09250315 0.00347653 -0.07836384
v -0.08565013 -0.00450542 -0.07587234
v -0.08445322 -0.00000000 -0.07543395
v -0.08477362 0.00127250 -0.07555056
v -0.08804051 0.00474903 -0.07673959
v 0.07974730 0.01363625 -0.01566982
v 0.07664062 0.01774903 -0.01680055
v 0.07305334 0.01740807 -0.01810620
v 0.07098225 0.01427250 -0.01886007
v 0.07217799 0.00952347 -0.01842483
v 0.07544486 0.00791000 -0.01723577
v 0.07783638 0.00859193 -0.01636533
v -0.00792637 -0.00141375 -0.04758043
v -0.01058198 0.02262011 -0.04854700
v -0.00203278 0.03022429 -0.04543536
v 0.03004018 0.03099294 -0.03376172
v -0.00117829 0.03151794 -0.04512435
v -0.00167163 0.03347727 -0.04530391
v 0.04332640 0.03376826 -0.02891847
v -0.01259825 0.02490141 -0.04928084
v 0.02068170 -0.04227134 -0.02652618
v 0.00677843 -0.04250000 -0.03158654
v 0.03284274 0.04108381 -0.02209990
v 0.02336247 0.04137760 -0.02555044
v 0.01511086 0.04250000 -0.02855380
v 0.10153717 0.04122892 0.00290281
v 0.10852624 0.03838212 0.00544666
v 0.11386728 0.03264638 0.00739063
v 0.04877467 0.01833671 -0.01630115
v 0.10760075 0.03479136 0.00510978
v 0.05020181 0.02034178 -0.01578172
v 0.03192272 0.03909410 -0.02243479
v 0.03344763 -0.04199859 -0.02187976
v 0.03947902 -0.02865293 -0.01968451
v 0.03332917 -0.03428727 -0.02192287
v 0.03224219 -0.03760996 -0.02231848
v 0.03134048 -0.03583556 -0.02264669
v 0.04790228 -0.01450000 -0.01715076
v 0.04860290 -0.01770134 -0.01636365
v 0.04440802 -0.02179266 -0.01789048
v 0.10869601 -0.03823631 0.00550845
v 0.10153717 -0.04122892 0.00290281
v 0.09551697 -0.04200000 0.00071166
v 0.11398629 -0.03266945 0.00743395
v 0.05030137 -0.02036097 -0.01574549
v 0.04668057 -0.02271072 -0.01706335
v 0.04894744 -0.01897208 -0.01624141
v 0.10655028 -0.03428146 0.00472744
v 0.10760075 -0.03479136 0.00510978
v 0.11964566 -0.02408815 0.00949377
v 0.11571756 0.03133644 0.00806405
v 0.11942028 0.02356870 0.00941175
v -0.08527514 -0.03835517 -0.06509304
v -0.08535731 -0.03586559 -0.06512121
v -0.09197804 -0.03264640 -0.06753092
v -0.00147318 -0.04137760 -0.03458989
v -0.01095346 -0.04108381 -0.03804041
v -0.01285111 -0.04200000 -0.03873111
v -0.07362769 -0.04200000 -0.06085199
v -0.08136544 -0.04056085 -0.06366827
v -0.08405577 -0.03416463 -0.06464749
v -0.02902422 -0.02047940 -0.04461765
v -0.02586801 -0.02291848 -0.04346889
v -0.02746781 -0.01946715 -0.04405460
v -0.02681524 -0.01704911 -0.04381362
v -0.08449597 0.03425031 -0.06480771
v -0.01155794 0.04199815 -0.03826043
v 0.00120759 0.04227134 -0.03361416
v -0.00945118 0.03583556 -0.03749366
v -0.02525151 0.02279937 -0.04324450
v -0.09209706 0.03266946 -0.06757425
v -0.09775636 0.02408816 -0.06963411
v -0.07362769 0.04200000 -0.06085199
v -0.02902422 0.02047940 -0.04461765
v -0.02788068 0.01996222 -0.04420142
v -0.02705715 0.01897208 -0.04390168
v -0.02671363 0.01770134 -0.04377663
v -0.09524187 -0.02883548 -0.06871891
v -0.09840648 -0.02080287 -0.06987073
v 0.11742763 0.03133644 0.00336561
v 0.11569398 0.03266898 0.00273458
v 0.12200589 0.02080287 0.00503191
v 0.12025490 0.02633452 0.00439461
v 0.11649536 -0.03282326 0.00302627
v 0.12025490 -0.02633452 0.00439461
v 0.12200589 -0.02080287 0.00503191
v 0.05191189 -0.02034177 -0.02048022
v 0.05041461 -0.01704911 -0.02102515
v 0.05277050 -0.00835393 -0.02016767
v 0.05353138 0.00000000 -0.01989076
v 0.05277050 0.00835393 -0.02016767
v 0.05051622 0.01639687 -0.02098816
v 0.05201148 0.02036097 -0.02044397
v 0.07084657 -0.01607356 -0.01358854
v 0.06946919 -0.01191450 -0.01408780
v 0.06978942 0.01187500 -0.01397331
v 0.07084657 0.01607356 -0.01358854
v 0.08772677 0.00056250 -0.00744463
v 0.05048477 0.01833671 -0.02099961
v 0.07517887 -0.01678678 -0.01201172
v 0.07162046 -0.00910289 -0.01330688
v 0.07479193 -0.00880144 -0.01215256
v 0.07662296 0.00992644 -0.01148610
v 0.07267762 0.00880144 -0.01292211
v 0.09100193 -0.00404784 -0.00625260
v 0.07768012 -0.01187500 -0.01110133
v 0.07479193 0.01719856 -0.01215256
v 0.07768012 0.01412500 -0.01110133
v 0.09533422 -0.00056250 -0.00467575
v 0.08941619 0.00389711 -0.00682975
v 0.09258766 0.00419856 -0.00567544
v 0.11316158 0.00139322 0.00181985
v 0.12046897 -0.00384046 0.00447255
v 0.11498372 -0.00360236 0.00247607
v 0.11990415 0.00418778 0.00426697
v -0.01611367 0.04055189 -0.04523947
v -0.01019217 0.04154190 -0.04308424
v -0.01765830 0.04196869 -0.04367379
v -0.09122072 -0.03283036 -0.07257620
v -0.09494540 -0.02633452 -0.07393187
v -0.09117846 0.03282187 -0.07256082
v -0.09494540 0.02633452 -0.07393187
v -0.09669640 0.02080287 -0.07456917
v -0.02731414 0.02047940 -0.04931609
v -0.02510512 0.01704911 -0.04851211
v -0.02746101 0.00835393 -0.04936958
v -0.02510512 -0.01704911 -0.04851211
v -0.02746101 -0.00835393 -0.04936958
v -0.02731414 -0.02047940 -0.04931609
v -0.09447974 0.00367320 -0.07376238
v -0.09023187 0.00431218 -0.07221629
v -0.08770705 -0.00289254 -0.07129734
v -0.09083834 -0.00411518 -0.07243703
v -0.02575880 0.01946715 -0.04875004
v -0.08683172 0.00000000 -0.07097876
v -0.08770705 0.00289254 -0.07129734
v -0.02617057 -0.01996222 -0.04889991
v -0.02822189 -0.00000000 -0.04964649
v -0.09516168 -0.00395528 -0.07294643
v -0.08390245 -0.03446603 -0.06991256
v -0.08323047 -0.03525374 -0.06966797
v -0.07965532 -0.04056085 -0.06836676
v -0.02521350 -0.04199985 -0.04642081
v -0.02593108 -0.04200000 -0.04881273
v -0.07191760 -0.04200000 -0.06555042
v -0.01522194 -0.04200000 -0.04278658
v -0.02403287 -0.04004126 -0.04812182
v -0.02422848 -0.03502586 -0.04819302
v -0.02003291 -0.03050443 -0.04666596
v 0.09654304 -0.04200000 -0.00210744
v 0.08514987 -0.04200000 -0.00625419
v 0.03814677 -0.04193480 -0.02495819
v 0.04915114 -0.04199933 -0.01935667
v 0.08557559 -0.03002935 -0.00609926
v 0.04172802 -0.03801896 -0.02418681
v 0.02170775 0.04227134 -0.02934524
v -0.09713130 -0.00461443 -0.07259914
v -0.09052479 -0.00400232 -0.07019457
v -0.08868348 -0.00038419 -0.06952439
v -0.09004083 0.00270282 -0.07001842
v -0.09346481 0.00242559 -0.07126465
v -0.09738509 0.00477037 -0.07269152
v -0.09235245 -0.00189339 -0.07085977
v 0.04201379 0.03702088 -0.02195445
v 0.04665912 0.03241870 -0.02026370
v 0.04777930 0.03646487 -0.01985597
v 0.04852204 0.04075000 -0.01958564
v 0.04063613 0.04125327 -0.02245586
v 0.04564332 0.03757446 -0.02063341
v 0.04459564 0.03397609 -0.02101471
v 0.08736245 0.03357055 -0.00544793
v 0.09566149 0.03378762 -0.00296037
v 0.09374478 0.03735840 -0.00312591
v 0.09519237 0.04147834 -0.00259903
v 0.08632448 0.04166506 -0.00582666
v 0.08813772 0.03765342 -0.00516671
v 0.09162983 0.03442554 -0.00389568
v 0.09137504 0.03809928 -0.00398843
v 0.12087642 0.00427091 0.00674919
v 0.11588860 0.00313132 0.00493379
v 0.11345176 0.00126383 0.00404685
v 0.11536275 -0.00294786 0.00474240
v 0.11855933 -0.00289451 0.00590586
v 0.11798498 0.00048714 0.00569680
v 0.03964656 -0.03546174 -0.02281605
v 0.04317867 -0.03846590 -0.02153045
v 0.04792813 -0.03310980 -0.01980182
v 0.04440217 -0.03418197 -0.02108513
v -0.02311585 -0.03779576 -0.04565970
v -0.01690518 -0.04089503 -0.04339922
v -0.01756894 -0.03601909 -0.04364080
v -0.01992244 -0.03233105 -0.04449741
v -0.02319238 -0.03399745 -0.04568756
v 0.09413988 -0.03785037 -0.00298211
v 0.09664072 -0.03245404 -0.00207187
v 0.08659391 -0.03051228 -0.00572864
v 0.08820097 -0.03430740 -0.00514370
v 0.08632448 -0.04166506 -0.00582666
v 0.09558752 -0.04178386 -0.00245520
v 0.08959582 -0.03733089 -0.00463601
v 0.09209708 -0.03466911 -0.00372562
v -0.02467306 0.04054627 -0.04675856
v -0.02340057 0.03444161 -0.04576334
v -0.02058040 0.03233092 -0.04473688
v -0.01731589 0.03497475 -0.04354870
v -0.02127955 0.03771508 -0.04499136
v 0.07571954 0.01184742 -0.00968657
v 0.07160662 0.00977572 -0.01118354
v 0.07021438 0.01223161 -0.01169029
v 0.07071702 0.01492097 -0.01150733
v 0.07413380 0.01584008 -0.01026373
v 0.07493963 -0.01585387 -0.00997043
v 0.07196765 -0.01527758 -0.01105214
v 0.07016252 -0.00992644 -0.01170914
v 0.07305073 -0.00850000 -0.01065794
v 0.07593893 -0.00992644 -0.00960671
v 0.07588708 -0.01223161 -0.00962559
v 0.07305073 -0.01075000 -0.01065794
v 0.07127152 -0.01223161 -0.01130552
v 0.09387629 -0.00056250 -0.00307805
v 0.09173606 -0.00304597 -0.00385702
v 0.08815172 -0.00174267 -0.00516160
v 0.08910266 0.00160204 -0.00481551
v 0.09229056 0.00378678 -0.00365521
v 0.09202626 0.00161214 -0.00375139
v 0.07598844 -0.01425553 -0.01401566
v 0.07329372 -0.01461214 -0.01499647
v 0.07295860 -0.01174447 -0.01511843
v 0.07565333 -0.01138786 -0.01413762
v 0.07598844 0.01174447 -0.01401566
v 0.07329372 0.01138786 -0.01499647
v 0.07295860 0.01425553 -0.01511843
v 0.07565333 0.01461214 -0.01413762
v 0.09404846 0.00076839 -0.00744235
v 0.09263028 -0.00171508 -0.00795853
v 0.09101862 0.00133089 -0.00854511
v -0.01759388 -0.03571875 -0.04807683
v -0.01923145 -0.03802392 -0.04867286
v -0.02139759 -0.03571875 -0.04946129
v -0.01976003 -0.03397609 -0.04886525
v -0.01798083 0.03474447 -0.04821767
v -0.01985676 0.03771508 -0.04890046
v 0.04795573 0.03593474 -0.02421874
v 0.04552530 0.03424723 -0.02510336
v 0.04601847 0.03802392 -0.02492386
v 0.04779767 -0.03725553 -0.02427628
v 0.04539315 -0.03750920 -0.02515146
v 0.04592173 -0.03428492 -0.02495907
v 0.09388091 -0.03638420 -0.00750334
v 0.09101862 -0.03466911 -0.00854511
v 0.09351988 0.03733089 -0.00763474
v 0.09190823 0.03428492 -0.00822133
v 0.09049004 0.03676839 -0.00873750
v 0.11921431 -0.00125553 0.00171725
v 0.11651958 -0.00161214 0.00073646
v 0.11618447 0.00125553 0.00061448
v 0.11842145 0.00189339 0.00142867
v 0.12345375 -0.00000000 0.00023805
v -0.08872810 0.00014063 -0.07396758
v -0.09145823 -0.00133089 -0.07496127
v -0.09092964 0.00189339 -0.07476889
v 0.02965732 -0.03386097 -0.02432349
v 0.03132769 -0.03148044 -0.02584387
v 0.02853638 -0.03395284 -0.02685983
v 0.04229688 -0.02425117 -0.02185142
v 0.04413472 -0.01751924 -0.02117445
v 0.04786527 -0.01313354 -0.01982469
v 0.00665298 0.03472738 -0.03482474
v 0.00677027 0.03700368 -0.03478204
v 0.00507814 0.04045115 -0.03539594
v -0.00718399 0.01924017 -0.03986098
v -0.00755266 0.02077634 -0.03999517
v -0.00537501 0.02059333 -0.03920256
v 0.03112540 0.01924017 -0.02591750
v 0.02931641 0.02059333 -0.02657592
v 0.03132226 0.01689733 -0.02584586
v -0.02023678 -0.01840904 -0.04461180
v -0.01623795 -0.01878125 -0.04315635
v -0.01761123 -0.01640072 -0.04365619
v -0.02096790 -0.01692870 -0.04062993
v -0.02113855 -0.01906250 -0.04174749
v -0.01787552 -0.02052392 -0.04375238
v -0.00464149 -0.02080268 -0.03893558
v -0.00718399 -0.01924017 -0.03986098
v -0.00757741 -0.01767767 -0.04000418
v -0.00718399 -0.01611517 -0.03986098
v -0.00537501 -0.01476200 -0.03920256
v -0.00263516 -0.01554328 -0.03820534
v -0.00190104 -0.01845892 -0.03793814
v -0.00316031 -0.02037888 -0.03839648
v -0.01009498 -0.01990213 -0.03045425
v 0.02929610 0.03428861 -0.02658331
v 0.02744216 0.03341282 -0.02300162
v 0.02745316 0.03176169 -0.02725409
v 0.02882644 0.02994366 -0.02675426
v 0.03113422 0.03127455 -0.02591429
v 0.02711401 0.02038400 -0.02737753
v 0.02584245 0.01845892 -0.02784034
v 0.04637679 0.00771946 -0.02036645
v 0.02931641 0.01476200 -0.02657592
v 0.02675857 0.00404192 -0.02750565
v 0.02657657 0.01554328 -0.02757314
v 0.03112526 -0.01924054 -0.02591756
v 0.02854669 -0.02080066 -0.02685608
v 0.03005055 -0.02038400 -0.02630872
v 0.01668926 -0.01545257 -0.03117037
v 0.02564574 -0.01767767 -0.02791194
v 0.02657659 -0.01981208 -0.02757313
v -0.01616713 0.01906250 -0.04313058
v -0.01708266 0.02044856 -0.04346380
v -0.01866839 0.02059928 -0.04404096
v -0.02012866 0.01895226 -0.04457245
v -0.01696000 0.01688786 -0.04341916
v -0.00738070 0.01689642 -0.03993258
v -0.00635251 0.03419365 -0.03955727
v -0.00344093 0.03148044 -0.03849862
v -0.00483395 0.03309430 -0.03477045
v -0.00738628 0.03148044 -0.03993461
v -0.00647076 0.03009438 -0.03960139
v -0.00490850 0.02978649 -0.03903277
v -0.00263518 0.01981208 -0.03820535
v -0.00170433 0.01767767 -0.03786655
v -0.00209775 0.01611517 -0.03800974
v -0.00390676 0.01476199 -0.03866816
v -0.00611559 0.01497540 -0.03947211
v 0.01005210 -0.01626077 -0.03358756
v -0.00307996 -0.00305015 -0.03834352
v -0.00090167 0.00883371 -0.03756494
v -0.02046622 0.00493762 -0.04469532
v 0.01282370 0.01624444 -0.03256631
v 0.01915711 0.03616686 -0.03027361
v 0.01684901 0.01539410 -0.03110068
v 0.02174106 0.01255615 -0.02924108
v 0.02551555 -0.00752246 -0.02795748
v 0.03153069 -0.01699950 -0.02576999
v 0.02931644 -0.01476200 -0.02657591
v 0.02355924 -0.01060824 -0.02863608
v 0.02657661 -0.01554324 -0.02757313
v 0.04570714 0.00489788 -0.02061018
v 0.04387335 0.00683318 -0.01808509
v 0.04935711 0.00601094 -0.01928170
v 0.04404349 0.01734114 -0.02121570
v 0.04300845 0.02280836 -0.02159242
v 0.02456870 0.03891060 -0.02829955
v 0.03042319 0.03202686 -0.02192016
v 0.01675821 0.03683318 -0.03114673
v 0.01723886 0.03453051 -0.03097179
v 0.00500125 0.03619687 -0.03542592
v -0.00556469 0.03553811 -0.03927160
v -0.02552802 0.00975483 -0.04651468
v -0.02135279 0.00732537 -0.04501800
v -0.02280138 0.00607206 -0.04554525
v -0.02009086 0.02157567 -0.04455870
v -0.01991368 0.02320527 -0.04448291
v -0.02073007 -0.00626894 -0.04479135
v -0.02248095 -0.00494356 -0.04542862
v -0.02486114 -0.00966085 -0.04629494
v -0.02236366 -0.00732537 -0.04538593
v -0.01523735 -0.02779992 -0.04279216
v -0.02211255 -0.01896467 -0.04489547
v -0.00148093 -0.03774536 -0.03778524
v 0.00532168 -0.03492425 -0.03530929
v 0.00545711 -0.03693162 -0.03526000
v 0.00711549 -0.03543575 -0.03465640
v 0.01482120 -0.04001283 -0.03185175
v 0.01742386 -0.03741674 -0.03090446
v 0.02598740 -0.03858636 -0.02766813
v 0.01938402 -0.03517315 -0.03019102
v 0.01657321 -0.03521957 -0.03121407
v 0.03409189 -0.03372452 -0.02482431
v 0.04589214 -0.00489788 -0.02054285
v 0.04453868 -0.00780383 -0.02103547
v 0.04667508 -0.00693162 -0.02025788
v 0.04990485 -0.00325890 -0.01908234
v 0.02961931 -0.03001902 -0.02646568
v 0.02738234 -0.03148044 -0.02727986
v -0.00300678 -0.03334158 -0.03834060
v -0.00435645 -0.03009438 -0.03883184
v -0.00659342 -0.03043080 -0.03964603
v -0.00913849 -0.03204292 -0.03633389
v -0.00742011 -0.03467928 -0.03567911
v 0.04017936 -0.01878125 -0.02262213
v 0.04253898 -0.02031803 -0.02176330
v 0.04155264 -0.01640072 -0.02212230
v -0.01958391 0.01696322 -0.04437418
v 0.04253898 0.02031803 -0.02176330
v 0.04050498 0.01797518 -0.02250362
v 0.04197957 0.02361124 -0.01771696
v 0.04501314 0.01976851 -0.01873442
v 0.03846784 0.02892797 -0.02111672
v -0.02762300 0.00431573 -0.04305316
v -0.02716265 -0.00041239 -0.04500426
v -0.02492367 -0.01373415 -0.04418934
v -0.02039505 -0.02327177 -0.04254106
v -0.01538323 -0.02892604 -0.04231317
v -0.01820491 -0.02715184 -0.03961883
v -0.01104145 -0.03363292 -0.03754036
v -0.00877518 -0.03462469 -0.03990804
v -0.00308894 -0.03801212 -0.03624215
v 0.01515747 -0.04076748 -0.02960100
v 0.02178521 -0.03921554 -0.02507933
v 0.04041554 -0.00417684 -0.01827946
v 0.03695958 -0.01439549 -0.01953732
v 0.04259679 -0.02044811 -0.01747772
v 0.03418888 -0.03155137 -0.02054577
v 0.01911957 -0.03024757 -0.02602865
v -0.01710770 0.02848424 -0.03928128
v -0.02200460 0.01925789 -0.04099853
v -0.01897931 0.02059928 -0.03989742
v -0.01364681 0.03183240 -0.03796389
v -0.01753521 0.01906250 -0.03937181
v -0.01749854 0.00925058 -0.03935846
v -0.01832808 0.01688786 -0.03966039
v -0.02095199 0.01696322 -0.04061541
v 0.03039122 -0.02339482 -0.02191089
v 0.02988880 -0.03176169 -0.02211088
v 0.02647202 -0.03329847 -0.02335448
v 0.02752918 -0.03022491 -0.02296971
v -0.01386780 -0.01816707 -0.03803513
v -0.00556647 -0.03085268 -0.03501554
v -0.02686911 -0.00944491 -0.04278496
v -0.02083456 -0.02106372 -0.04057267
v -0.01732003 -0.01061289 -0.03929353
v -0.01802838 -0.01835937 -0.03955131
v -0.02502619 0.00444155 -0.04209830
v -0.02304131 0.00741674 -0.04137586
v -0.02745493 -0.00000000 -0.04298229
v -0.02203044 0.00565900 -0.04100793
v -0.00886857 0.03530029 -0.03633164
v 0.00386655 0.03442475 -0.03158556
v -0.00868355 0.03176169 -0.03615006
v -0.00632393 0.03022491 -0.03529123
v -0.00317039 0.03828922 -0.03420511
v 0.00477947 0.03741674 -0.03124993
v 0.01060263 0.03245286 -0.02913047
v 0.00616034 0.03565900 -0.03074733
v 0.00921237 0.04097329 -0.02967145
v 0.01520513 0.03590156 -0.02745530
v 0.01702372 0.03656425 -0.02679338
v 0.02708068 0.03707903 -0.02316516
v 0.01836862 0.03044250 -0.02624399
v 0.01624078 0.03442500 -0.02707835
v 0.03238905 0.03382320 -0.02123330
v 0.03535607 0.01754053 -0.02011614
v 0.02680713 0.03043080 -0.02323252
v 0.04143519 0.02039339 -0.01790833
v 0.04550125 0.01582317 -0.01642841
v 0.04249234 0.01773161 -0.01752356
v 0.04541678 -0.00484296 -0.01645921
v 0.03978008 0.00617623 -0.01851074
v 0.03982354 0.01699081 -0.01849493
v 0.04496178 0.00516682 -0.01662476
v 0.04680488 0.00678620 -0.01595393
v 0.04804732 -0.00483043 -0.01550172
v 0.04318611 -0.00546213 -0.01727105
v 0.04452406 -0.00710212 -0.01678408
v 0.04143519 -0.01660661 -0.01790833
v 0.03926904 -0.02003678 -0.01869675
v 0.03893393 -0.01773161 -0.01881872
v 0.01468413 -0.03479350 -0.02764768
v 0.01709143 -0.03536369 -0.02676874
v 0.01428495 -0.03888045 -0.02779021
v 0.00581512 -0.03683318 -0.03087298
v 0.00004868 -0.03877484 -0.03297179
v 0.00376860 -0.03634100 -0.03161785
v 0.00514947 -0.03458326 -0.03111526
v -0.02733152 -0.00325890 -0.04293737
v -0.02432968 -0.00563263 -0.04184479
v -0.02203044 -0.00565900 -0.04100793
v -0.02341131 -0.00741674 -0.04151053
v 0.04067279 -0.00000000 -0.01818583
v 0.03997175 0.00205579 -0.01799975
v 0.03764094 0.00571910 -0.01290443
v 0.03832183 -0.00000000 -0.01318853
v 0.03749716 0.01039239 -0.01621727
v 0.03403591 0.01602161 -0.01421534
v 0.03047457 0.02118556 -0.01555351
v 0.01682203 0.03029751 -0.02101382
v 0.02173444 0.02822104 -0.01872244
v 0.01145269 0.03136563 -0.02296810
v 0.00622875 0.03117466 -0.03037206
v 0.00577198 0.03134726 -0.02450372
v 0.01214357 0.03147794 -0.02821923
v 0.00206059 0.03043028 -0.02904699
v -0.01600999 0.01395905 -0.03837544
v -0.01631861 0.01708821 -0.03253933
v -0.01252288 0.02092646 -0.03442308
v -0.01887996 0.01137911 -0.03400828
v -0.01829301 0.00757188 -0.03920639
v -0.02037480 0.00578811 -0.03455235
v -0.01901831 0.00257232 -0.03947037
v -0.02087880 -0.00000000 -0.03473580
v -0.01886049 -0.00453588 -0.03941293
v -0.02053804 -0.00569656 -0.03407995
v -0.01887996 -0.01137911 -0.03400828
v -0.01644518 -0.01658261 -0.03312209
v -0.01242226 -0.02104826 -0.03436374
v 0.00048061 -0.02959422 -0.03246421
v 0.00062100 -0.03029751 -0.02691051
v -0.00487578 -0.02806344 -0.02839449
v 0.00832674 -0.03140480 -0.02951759
v 0.00599034 -0.03136563 -0.02495623
v 0.01145269 -0.03136563 -0.02296810
v 0.01379713 -0.03137664 -0.02761739
v 0.01602594 -0.03048333 -0.02077143
v 0.02191551 -0.02819764 -0.01915994
v 0.02627490 -0.02654611 -0.02303043
v 0.02596240 -0.02547510 -0.01715327
v 0.03058610 -0.02102472 -0.01549261
v 0.03465144 -0.01682467 -0.01727574
v 0.03775545 -0.01219392 -0.01880642
v 0.03621802 -0.01119165 -0.01343395
v 0.03968722 -0.00504358 -0.01810331
v 0.03781783 -0.00578811 -0.01337197
v -0.01006677 0.01981208 -0.03026845
v -0.00732694 0.02059333 -0.02927123
v -0.00431147 0.02836420 -0.02819249
v -0.00532124 0.01845892 -0.02854122
v 0.00309156 0.01522032 -0.02547948
v -0.01119178 0.01869985 -0.03063352
v -0.01060419 0.01611517 -0.03046405
v -0.01934841 0.00844736 -0.03364669
v -0.00879521 0.01476200 -0.02980564
v -0.00462320 0.00831315 -0.02842018
v -0.00605538 0.01554326 -0.02880842
v 0.02242225 0.01689642 -0.01844341
v 0.02261896 0.01924017 -0.01837182
v 0.02663035 0.01497134 -0.01691179
v 0.02442794 0.01476200 -0.01771340
v 0.02332836 0.00468128 -0.01811373
v 0.01652244 0.02981660 -0.02059077
v 0.02442794 0.02059333 -0.01771340
v 0.02716777 0.01981208 -0.01671618
v 0.02790191 0.01689642 -0.01644898
v 0.01689255 0.01313025 -0.02045606
v 0.00891618 -0.01640364 -0.02335933
v 0.02242225 -0.01845892 -0.01844341
v 0.01385386 -0.01544182 -0.02182810
v 0.02442794 -0.02059333 -0.01771340
v 0.02589621 -0.01476200 -0.01717899
v 0.02180476 -0.00775423 -0.01866816
v 0.02315639 -0.01554326 -0.01817621
v 0.02716777 -0.01981208 -0.01671618
v 0.02790191 -0.01689642 -0.01644898
v 0.03644942 -0.00844736 -0.01333794
v -0.00700899 0.00000000 -0.02915563
v -0.00879521 -0.01476200 -0.02980564
v -0.00127218 -0.01191408 -0.02706748
v -0.00532124 -0.01845892 -0.02854122
v -0.00605538 -0.01554326 -0.02880842
v 0.00057857 -0.02981660 -0.02639386
v -0.00659280 -0.02038400 -0.02900403
v -0.00879521 -0.02059333 -0.02980564
v -0.01180074 -0.02167026 -0.03089956
v -0.01099761 -0.01767767 -0.03060725
v -0.01861285 -0.01119849 -0.03337897
v -0.01060419 -0.01611517 -0.03046405
v 0.02321550 -0.00501162 -0.01868679
v 0.02526064 -0.00252977 -0.02273121
v 0.01900527 -0.01324584 -0.02500798
v 0.01275851 -0.01621793 -0.03207042
v 0.00647060 -0.01570842 -0.02957023
v -0.00373297 -0.00644364 -0.03328402
v -0.00334990 0.00203667 -0.03793340
v -0.00373297 0.00644364 -0.03328402
v -0.00020403 0.01247147 -0.02960519
v 0.00787492 0.01602611 -0.02905910
v 0.00529804 0.01470344 -0.03478580
v 0.00968033 0.01621793 -0.02361318
v 0.02282247 0.00908310 -0.02361863
v 0.02706970 -0.00000000 -0.02686157
v -0.02284835 0.01827700 -0.04423212
v 0.01515747 0.04076748 -0.02960100
v 0.04755625 0.01375520 -0.01780881
v 0.04915999 0.00738563 -0.01722509
v 0.04976721 -0.00041239 -0.01700408
v 0.05002826 -0.00000000 -0.01903743
v 0.04931514 -0.00657686 -0.01716862
v 0.04804711 -0.01219053 -0.01763015
v 0.04573350 -0.01830789 -0.01847223
v 0.04252774 -0.02395110 -0.01963903
v 0.03851286 -0.02897398 -0.02110033
v 0.00896217 -0.04090033 -0.03185590
v 0.00282706 -0.03997388 -0.03408890
v -0.02775376 -0.00000000 -0.04362314
v 0.00333885 -0.01445766 -0.03071009
v 0.00017766 -0.01217160 -0.03186067
v -0.00209309 -0.00955151 -0.03268716
v -0.00832309 -0.02511388 -0.03291719
v -0.00781222 0.02545013 -0.03270854
v 0.02753462 0.02511388 -0.01986605
v -0.02208703 -0.01514197 -0.01290820
v -0.02120839 -0.01500000 -0.01543591
v -0.01781540 -0.01415654 -0.01553323
v -0.01841052 -0.01500000 -0.01845518
v -0.02052969 -0.01500000 -0.01878073
v -0.01691714 -0.01471256 -0.02012547
v -0.01695145 -0.01500057 -0.02663765
v -0.02234749 -0.01500000 -0.02040784
v -0.01994796 -0.01500000 -0.02589949
v -0.02329385 -0.01500000 -0.02383325
v -0.02559696 -0.01500000 -0.01936409
v -0.02840223 -0.01499476 -0.01829495
v -0.02627567 -0.01500000 -0.01601927
v -0.03016506 -0.01497658 -0.01290008
v 0.00207402 -0.01500000 -0.01975574
v -0.00322687 -0.01499999 -0.02299015
v 0.00422677 -0.01500000 -0.01909142
v 0.01792759 -0.01500301 -0.01528767
v 0.01367412 -0.01502023 -0.01289967
v -0.00015381 -0.01500000 -0.01995818
v -0.00344419 -0.01500000 -0.01932832
v -0.00718466 -0.01479533 -0.01727295
v -0.01198479 -0.01112204 -0.02620981
v -0.01482159 -0.01449296 -0.02675088
v -0.01634840 -0.00147712 -0.02666972
v -0.02182108 -0.00147712 -0.02487648
v -0.01952175 -0.00085853 -0.02607500
v -0.01166743 -0.00124325 -0.02606084
v -0.00857518 -0.01015453 -0.02493660
v 0.01661483 -0.00129974 -0.01576789
v -0.00521319 -0.01329056 -0.02371293
v -0.01271293 -0.01239667 -0.01935458
v -0.01168708 -0.01255861 -0.01289948
v -0.01328579 -0.00960969 -0.01517278
v -0.01568682 -0.00840064 -0.01438244
v 0.01925300 -0.00103287 -0.01290002
v 0.00255076 -0.00080000 -0.01301710
v 0.00422679 -0.00172244 -0.01290002
v 0.00573850 -0.00343870 -0.01289999
v 0.02006882 -0.01250000 -0.01290002
v 0.01831686 -0.00147712 -0.01475407
v -0.00525842 -0.00289779 -0.01290001
v -0.00270176 -0.00080000 -0.01298495
v -0.02938318 -0.00083335 -0.01290001
v -0.02851407 -0.00147712 -0.01749993
v -0.02512358 -0.00086099 -0.02241271
v -0.00015380 -0.00080000 -0.01333663
v -0.02187573 -0.00700000 -0.01717198
v -0.02320570 -0.00700000 -0.01586875
v -0.02437275 -0.00700000 -0.01809669
v -0.02253777 -0.00700000 -0.01886355
v -0.02357886 -0.00700000 -0.02058268
v -0.02127676 -0.00700000 -0.01977507
v -0.02322650 -0.00700000 -0.01421732
v -0.02552859 -0.00700000 -0.01502492
v -0.02062380 -0.00700000 -0.01642513
v -0.02618155 -0.00700000 -0.01837487
v -0.01451333 -0.00700000 -0.01641383
v -0.01693394 -0.00700000 -0.01720303
v -0.01476076 -0.00700000 -0.01858314
v -0.01646687 -0.00700000 -0.02029052
v -0.01305326 -0.00700000 -0.01902993
v -0.01844803 -0.00700000 -0.01693808
v -0.01820063 -0.00700000 -0.01905347
v -0.02107082 -0.00909204 -0.01724155
v -0.02492717 -0.00884028 -0.01719781
v -0.02390771 -0.00836615 -0.01970433
v -0.02263247 -0.00700000 -0.01866767
v -0.02468265 -0.00700000 -0.01781582
v -0.02296600 -0.00700000 -0.01634143
v -0.02313788 -0.00839095 -0.01514768
v -0.02236675 0.00275000 -0.01809538
v -0.02353621 0.00281250 -0.01649228
v -0.02447342 0.00275000 -0.01828106
v -0.05720569 -0.04384238 0.00074677
v -0.05782809 -0.04352271 -0.00264868
v -0.06131059 -0.04356524 -0.00238136
v -0.06140108 -0.04350000 0.00079925
v -0.06361841 -0.04489543 -0.00088756
v -0.05766070 -0.04480755 0.00308993
v -0.06081298 -0.04450810 0.00389452
v -0.05843636 -0.04620000 -0.00043574
v -0.05666585 -0.04585329 -0.00196048
v -0.06079718 -0.04613128 0.00269349
v -0.06177181 -0.04586358 0.00004284
v -0.06021855 -0.04553216 -0.00409780
v -0.00547866 0.02953380 -0.03302696
v -0.00569919 0.03489086 -0.03120768
v -0.00870435 0.02962489 -0.03211572
v -0.00870473 0.03264971 -0.03291131
v -0.01023871 0.03077268 -0.03475276
v -0.00956331 0.03381886 -0.03551251
v -0.00457283 0.03319510 -0.03465389
v -0.00632603 0.02973890 -0.03529200
v -0.00819350 0.03149880 -0.03597170
v -0.00708205 0.03387725 -0.03556716
v -0.00186704 0.03197430 -0.04393838
v -0.00314542 0.03387943 -0.04440366
v -0.00503955 0.03296908 -0.04509307
v -0.00407830 0.03051765 -0.04474320
v -0.00358700 0.03223700 -0.04493685
v -0.03321475 -0.00670811 0.00470625
v -0.03512705 -0.00694754 -0.00080925
v -0.03488081 -0.00836690 0.00504864
v -0.03362125 -0.00921747 0.00359063
v -0.03411213 -0.00888995 -0.00477012
v -0.03313893 -0.00713398 -0.00469350
v -0.06017391 -0.04384402 0.00232808
v -0.06230040 -0.04702094 0.00109250
v -0.05780764 -0.04383843 0.00006654
v -0.05957704 -0.04382752 -0.00233461
v -0.06185284 -0.04384407 -0.00155824
v -0.06258272 -0.04080000 -0.00152629
v -0.06299984 -0.04080000 -0.00003045
v -0.06261317 -0.04080000 0.00147355
v -0.06152629 -0.04080000 0.00258272
v -0.06003045 -0.04080000 0.00299985
v -0.05852645 -0.04080000 0.00261317
v -0.05741728 -0.04080000 0.00152629
v -0.05700015 -0.04080000 0.00003045
v -0.05738683 -0.04080000 -0.00147355
v -0.05847371 -0.04080000 -0.00258272
v -0.05996955 -0.04080000 -0.00299985
v -0.06147355 -0.04080000 -0.00261317
v -0.05741728 0.04080000 0.00152629
v -0.05700015 0.04080000 0.00003045
v -0.05738683 0.04080000 -0.00147355
v -0.05847371 0.04080000 -0.00258272
v -0.05996955 0.04080000 -0.00299985
v -0.06147354 0.04092100 -0.00261317
v -0.06258272 0.04092101 -0.00152630
v -0.06299984 0.04080000 -0.00003045
v -0.06261317 0.04080000 0.00147355
v -0.06152629 0.04080000 0.00258272
v -0.06003045 0.04080000 0.00299985
v -0.05852645 0.04080000 0.00261317
v -0.05788179 0.04249315 0.00091089
v -0.05965388 0.04383351 0.00242699
v -0.06216044 0.04249299 0.00061705
v -0.05815082 0.04449436 -0.00132559
v -0.06098751 0.04384476 -0.00215580
v -0.06118400 0.04675475 -0.00083582
v -0.05785736 -0.02664649 0.00238055
v -0.05864286 -0.02823831 0.00395905
v -0.05633260 -0.02793504 -0.00112858
v -0.06299521 -0.02729691 0.00140320
v -0.06245921 -0.02650000 -0.00170447
v -0.05835738 -0.02847877 -0.00361303
v -0.06298365 -0.02902504 -0.00313074
v -0.05789563 -0.02650000 -0.00174721
v -0.05769616 -0.03381250 0.00232347
v -0.06209302 -0.03450000 0.00252836
v -0.06334941 -0.03450000 0.00027673
v -0.06065593 -0.03450000 -0.00320668
v -0.05785516 -0.03450000 -0.00269610
v -0.05665251 -0.03450000 -0.00058769
v -0.06293808 -0.02884833 0.00312830
v -0.01402425 -0.00976791 -0.01876152
v -0.01640122 -0.00942575 -0.01711259
v -0.01737206 -0.00767500 -0.01863080
v -0.01492160 -0.00801528 -0.01560334
v -0.01663734 -0.00700000 -0.01697849
v -0.01344228 -0.00700000 -0.01712872
v -0.01448842 -0.00406250 -0.01879738
v -0.01468057 0.00487500 -0.01774542
v -0.01453756 0.00475000 -0.01633080
v -0.01654742 0.00475000 -0.01680997
v -0.01589506 0.00475000 -0.01868420
v -0.01644284 0.00080000 -0.01646587
v -0.01705551 0.00303437 -0.01771528
v -0.01586004 0.00080000 -0.01843777
v -0.01461370 0.00346250 -0.01882959
v -0.01450262 0.00080000 -0.01767303
v -0.01440507 0.00256875 -0.01628420
v -0.01592790 0.00489063 -0.01694214
v -0.01562748 0.00475000 -0.01861293
v -0.01401144 0.00475000 -0.01790369
v -0.02326366 0.00080000 -0.01636106
v -0.02441446 0.00237344 -0.01703960
v -0.02446638 0.00080000 -0.01775376
v -0.02318039 0.00080000 -0.01929173
v -0.02156904 0.00080000 -0.01787584
v -0.02230291 0.00233750 -0.01782144
v -0.02336352 0.00470781 -0.01672470
v -0.02385834 0.00467500 -0.01881302
v -0.02261558 0.00460000 -0.01907275
v -0.02099064 0.01500000 -0.02534280
v -0.02555234 0.01500000 -0.02182083
v -0.02035575 0.01500000 -0.01290001
v -0.02878883 0.01500000 -0.01702688
v -0.03017649 0.01500000 -0.01290001
v -0.01595984 0.01497231 -0.02671436
v 0.00622656 0.01500000 -0.01798931
v 0.01796293 0.01500264 -0.01527484
v 0.00422677 0.01500000 -0.01909142
v -0.00394532 0.01482185 -0.02325162
v 0.00207402 0.01500000 -0.01975574
v -0.00524521 0.01499996 -0.01856053
v -0.00126494 0.01500000 -0.01982481
v 0.01367536 0.01506508 -0.01289698
v -0.01348970 0.00129899 -0.02672202
v -0.01133389 0.01163533 -0.02585015
v -0.02180456 0.00147712 -0.02491916
v -0.00765238 0.01080997 -0.02460075
v 0.01780640 0.00141159 -0.01533378
v -0.01165199 0.01251684 -0.01289964
v -0.00796081 0.01361959 -0.01937826
v -0.01720753 0.01328990 -0.01290051
v 0.01977867 0.00078329 -0.01290007
v 0.00548259 0.00317145 -0.01290000
v 0.00302749 0.00080000 -0.01290001
v 0.02006882 0.00698856 -0.01290002
v -0.02966211 0.00093298 -0.01290004
v -0.00525842 0.00289779 -0.01290001
v -0.00302747 0.00080000 -0.01290001
v -0.02440790 0.00107642 -0.02305696
v -0.02758054 0.00147712 -0.01926157
v -0.02948229 0.00147712 -0.01534834
v -0.02214669 0.00096708 -0.02363457
v -0.01480647 0.00080000 -0.01555190
v -0.01358853 0.00080000 -0.01707578
v -0.02184061 0.00080000 -0.01837786
v -0.02496352 0.00080000 -0.01667869
v -0.02280647 0.00080000 -0.01555191
v -0.02168087 0.00080000 -0.01638247
v -0.00126493 0.00080000 -0.01320326
v -0.01638266 0.00080000 -0.01819792
v -0.01620524 0.00080000 -0.01556810
v -0.02374284 0.00080000 -0.01921122
v 0.00207403 0.00080000 -0.01313419
v -0.01356511 0.00680000 -0.01753991
v -0.01504229 0.00680000 -0.01559269
v -0.01628406 0.00680000 -0.01699269
v -0.01574717 0.00680000 -0.01884624
v -0.02171457 0.00680000 -0.01772682
v -0.02304228 0.00680000 -0.01559270
v -0.02447400 0.00680000 -0.01810260
v -0.00516309 -0.01817527 -0.02348202
v -0.00780428 -0.01397346 -0.02143919
v -0.00826305 -0.01857128 -0.02117292
v -0.01112990 -0.01306744 -0.02563093
v -0.01374836 -0.01534094 -0.02346889
v -0.00705143 -0.02057241 -0.02116625
v -0.01010915 -0.02243424 -0.02232089
v -0.01492457 -0.02005799 -0.02394126
v -0.00543132 -0.01334777 -0.02646622
v -0.00612197 -0.02167130 -0.02670430
v -0.00943925 -0.02255167 -0.02791170
v -0.01260044 -0.01984060 -0.02906227
v -0.01237140 -0.01470286 -0.02897891
v -0.00541078 -0.01756525 -0.02643781
v -0.00871983 -0.02060732 -0.02764985
v -0.01098406 -0.01919603 -0.02847396
v -0.00954380 -0.01498323 -0.02794975
v -0.01126204 -0.01638442 -0.02857514
v -0.00707453 -0.01537480 -0.03779506
v -0.00808143 -0.01989599 -0.03773733
v -0.00380367 -0.01998862 -0.03597020
v -0.00282933 -0.01555713 -0.03557947
v -0.00922717 -0.01541919 -0.02311913
v -0.01200178 -0.01752743 -0.02528797
v -0.00861182 -0.01889275 -0.02448410
v -0.05720569 0.04585762 0.00074677
v -0.05782809 0.04617729 -0.00264868
v -0.06131059 0.04613476 -0.00238136
v -0.06140108 0.04620000 0.00079925
v -0.06361841 0.04480457 -0.00088756
v -0.05766070 0.04489245 0.00308993
v -0.06081298 0.04519190 0.00389452
v -0.05843636 0.04350000 -0.00043574
v -0.05666585 0.04384671 -0.00196048
v -0.06079718 0.04356873 0.00269349
v -0.06177181 0.04383642 0.00004284
v -0.06021855 0.04416785 -0.00409780
v 0.01973906 -0.02046171 -0.01441838
v 0.02191351 -0.02234991 -0.01073192
v 0.02016127 -0.01792420 -0.01166413
v 0.02856797 -0.01918445 -0.01175004
v 0.02572992 -0.01400928 -0.00936460
v 0.02312780 -0.01523181 -0.00973841
v 0.01873371 -0.01618135 -0.01446486
v 0.02253723 -0.01292419 -0.01042562
v 0.02379384 -0.01981642 -0.00954853
v 0.02237620 -0.01340350 -0.01633182
v 0.02704427 -0.01392896 -0.01463278
v 0.02579973 -0.02300339 -0.01504817
v 0.02723565 -0.01611472 -0.01497408
v 0.02661015 -0.01914336 -0.01479078
v 0.02500046 -0.01475575 -0.01537667
v 0.02159983 -0.01606963 -0.01659856
v 0.02308202 -0.02009444 -0.01607492
v 0.02524570 -0.01824566 -0.02539709
v 0.02896438 -0.02096268 -0.02477036
v 0.02838563 -0.01426123 -0.02420151
v 0.02448981 -0.01540964 -0.01236957
v 0.02326669 -0.01910281 -0.01278735
v -0.00944692 0.01525845 -0.02281998
v -0.00669946 0.01400420 -0.02404121
v -0.00608093 0.01808950 -0.02044818
v -0.01239756 0.01333514 -0.02314300
v -0.01403693 0.01617181 -0.02347885
v -0.00862229 0.02177718 -0.02177189
v -0.01386515 0.02134543 -0.02322752
v -0.00450341 0.01874319 -0.02611520
v -0.00820331 0.01386369 -0.02746185
v -0.01220966 0.01466588 -0.02892004
v -0.01304986 0.01897317 -0.02922585
v -0.01057873 0.02220470 -0.02832643
v -0.00704382 0.02221708 -0.02703983
v -0.01065157 0.01589433 -0.02835294
v -0.01063893 0.01948320 -0.03015279
v -0.00626358 0.01824566 -0.02675585
v -0.00798444 0.02039659 -0.02738219
v -0.00280354 0.01788944 -0.03560618
v -0.00441381 0.02025765 -0.03619228
v -0.00759171 0.01524239 -0.03739332
v -0.00339285 0.01536669 -0.03649179
v -0.00995082 0.01906365 -0.02466543
v -0.01191348 0.01768018 -0.02561947
v -0.00759985 0.01770286 -0.02404937
v -0.05995771 0.04350000 -0.00277828
v -0.06089818 0.04178590 -0.00374742
v -0.06272429 0.04350000 -0.00090589
v -0.06397595 0.04179663 0.00072137
v -0.06145049 0.04306494 0.00299802
v -0.05685713 0.04256085 -0.00182679
v -0.05763719 0.04245842 0.00287139
v -0.05830084 0.03550000 0.00219851
v -0.06132709 0.03550000 0.00249329
v -0.06316792 0.03550000 -0.00033508
v -0.06014527 0.03550000 -0.00313098
v -0.05720263 0.03550000 -0.00068366
v -0.05744097 0.03550000 -0.00300526
v -0.05978850 0.03550000 0.00386201
v -0.06293903 0.03550000 0.00244046
v -0.05613799 0.03550000 -0.00021150
v -0.05699474 0.03550000 0.00255903
v -0.05566598 0.04100000 0.00079834
v -0.03332086 0.00865126 0.00466372
v -0.03541464 0.00781702 0.00148913
v -0.03343771 0.00674441 0.00199850
v -0.03420480 0.00740710 -0.00484675
v -0.03371975 0.00958715 0.00016494
v -0.06123949 -0.04269357 0.00319345
v -0.05727752 -0.04316903 0.00106477
v -0.05590425 -0.04116452 0.00147104
v -0.06296497 -0.04350000 -0.00176358
v -0.06410137 -0.04174391 -0.00116626
v -0.06035401 -0.03950000 -0.00294185
v -0.05722578 -0.04179915 -0.00254730
v -0.06336089 -0.04252116 0.00126977
v -0.06173240 -0.03550000 -0.00288164
v -0.06282920 -0.03550000 0.00053692
v -0.06079775 -0.03550000 0.00266607
v -0.05646425 -0.03548924 -0.00024641
v -0.05774815 -0.03550000 -0.00308593
v -0.05765502 -0.03550000 0.00296116
v -0.06183837 -0.03550000 0.00329966
v -0.06092262 -0.04100000 -0.00435067
v 0.02691933 0.01834015 -0.00870412
v 0.02310286 0.01517533 -0.00974744
v 0.02590852 0.01489765 -0.00919695
v 0.02006844 0.01290450 -0.01088585
v 0.02650472 0.02143851 -0.01193467
v 0.02205857 0.02241057 -0.01012611
v 0.01949090 0.01628952 -0.01732753
v 0.02402391 0.01282917 -0.01573210
v 0.01877942 0.02145650 -0.01172366
v 0.02163668 0.02157109 -0.01660098
v 0.02446891 0.02255018 -0.01557013
v 0.02873206 0.01962896 -0.01401847
v 0.02803298 0.01482691 -0.01427292
v 0.02346107 0.02073673 -0.01654869
v 0.02630332 0.01993015 -0.01490246
v 0.02120467 0.01713294 -0.01675080
v 0.02563586 0.01527387 -0.01514540
v 0.02717042 0.01788944 -0.01458686
v 0.02843102 0.01495346 -0.02456081
v 0.03037937 0.01714066 -0.02352859
v 0.03003814 0.01935066 -0.02365279
v 0.02814499 0.02046778 -0.02434184
v 0.02524776 0.01666762 -0.02539634
v 0.02471900 0.01909433 -0.01054245
v 0.02187484 0.01821896 -0.01321395
v 0.02347555 0.01536689 -0.01273885
v -0.05806540 0.02691658 0.00252880
v -0.06259854 0.02846275 0.00327033
v -0.06210639 0.02650000 0.00231835
v -0.06436595 0.02803058 0.00110457
v -0.06294162 0.02650000 -0.00019861
v -0.06237685 0.02821892 -0.00323249
v -0.05984392 0.02770812 -0.00377785
v -0.06323830 0.03442623 -0.00217913
v -0.06255839 0.03450000 0.00220629
v -0.06035114 0.03450000 0.00340127
v -0.05824592 0.03450000 0.00283535
v -0.05740523 0.03450000 -0.00106576
v -0.05652812 0.02779796 0.00005429
v -0.05546907 0.03024743 -0.00076563
v -0.06003048 0.03450000 -0.00386768
v -0.06411445 0.02900000 -0.00102379
v -0.05836593 0.02900000 0.00373727
v -0.02043439 0.01905431 -0.03740789
v -0.02318390 0.02023564 -0.03759672
v -0.02254654 0.01675329 -0.03819425
v -0.02000424 0.02170462 -0.03835494
v -0.01909799 0.01603555 -0.03595022
v -0.01767376 0.01888112 -0.03556003
v -0.01764941 0.01711639 -0.03941337
v -0.02051628 0.01628988 -0.04045682
v -0.02182228 0.01933684 -0.04093217
v -0.01742218 0.01964541 -0.03933067
v -0.01908525 0.02015924 -0.03993598
v -0.01464045 0.01891808 -0.04858752
v -0.01684909 0.02017866 -0.04939139
v -0.01780694 0.01801979 -0.04974002
v -0.01604338 0.01663724 -0.04909814
v -0.01613788 0.01840913 -0.04950500
v 0.04099993 0.02137194 -0.01407032
v 0.04136650 0.01705017 -0.01391020
v 0.04317466 0.01912419 -0.01532944
v 0.03756055 0.01654891 -0.01636476
v 0.04176931 0.01559822 -0.01682897
v 0.04073928 0.02173143 -0.01623904
v 0.03756667 0.01991246 -0.01528595
v 0.03831982 0.01873657 -0.01904224
v 0.03929888 0.02125834 -0.01868588
v 0.04231338 0.01843161 -0.01758870
v 0.04041957 0.01680950 -0.01827799
v 0.04098836 0.02042216 -0.01807097
v 0.04553600 0.01788087 -0.02668508
v 0.04358399 0.01995132 -0.02739555
v 0.04335551 0.01740935 -0.02757183
v 0.03979471 0.01856133 -0.01632838
v 0.03809600 -0.01998577 -0.01816594
v 0.04043485 -0.02144557 -0.01439141
v 0.03935269 -0.01909458 -0.01564875
v 0.04030550 -0.01651401 -0.01429637
v 0.04344390 -0.01824030 -0.01621946
v 0.03687368 -0.01723985 -0.01561177
v 0.04253889 -0.02039378 -0.01751920
v 0.03937319 -0.01657409 -0.01994251
v 0.04107274 -0.01599997 -0.01804026
v 0.04535218 -0.02052605 -0.02702547
v 0.04453055 -0.01759034 -0.02723726
v 0.04229598 -0.01814549 -0.02786435
v 0.02666881 0.03163279 -0.02039031
v 0.02616001 0.03462444 -0.01955489
v 0.02387361 0.03120616 -0.02045217
v 0.02919332 0.03015848 -0.01851937
v 0.02894781 0.03313132 -0.01840933
v 0.02683917 0.02871161 -0.02128832
v 0.03065745 0.03062040 -0.02183111
v 0.02673341 0.02958041 -0.02316004
v 0.02568327 0.03300247 -0.02364156
v 0.02789797 0.03454594 -0.02283548
v 0.02987163 0.03346037 -0.02211713
v 0.03296566 0.03268975 -0.03126031
v 0.03106841 0.03379616 -0.03195085
v 0.03049661 0.03254357 -0.03234520
v 0.03075938 0.02964774 -0.03221315
v 0.02891369 -0.02925069 -0.02051371
v 0.02536682 -0.03061273 -0.02026528
v 0.02826316 -0.03233035 -0.01902641
v 0.02802305 -0.03503505 -0.01888436
v 0.03053790 -0.03233470 -0.01994461
v 0.02459393 -0.03349266 -0.02003888
v 0.02956335 -0.03398206 -0.02222933
v 0.02633406 -0.03486267 -0.02340470
v 0.02551414 -0.03187616 -0.02370312
v 0.02671868 -0.02987630 -0.02326471
v 0.02877575 -0.03368443 -0.02765065
v 0.02784257 -0.03258325 -0.02799030
v 0.03119580 -0.03115765 -0.02676982
v 0.03140804 -0.03099300 -0.03201346
v 0.02963362 -0.03121647 -0.03247307
v 0.03247200 -0.03341325 -0.03143998
v -0.01793231 -0.01979366 -0.03565162
v -0.02124275 -0.01906538 -0.03701725
v -0.02140297 -0.02133369 -0.03878566
v -0.01897320 -0.02171648 -0.03797967
v -0.02320826 -0.01842456 -0.03950877
v -0.02010286 -0.01473881 -0.03683016
v -0.01732094 -0.01952754 -0.03929382
v -0.01806784 -0.01668951 -0.03956567
v -0.02041815 -0.01997978 -0.04042111
v -0.02024854 -0.01760855 -0.04292671
v -0.01455470 -0.01806297 -0.04855631
v -0.01650776 -0.01666570 -0.04926716
v -0.01691111 -0.01903531 -0.04960020
v -0.01598838 -0.02025322 -0.04907812
v -0.00804230 -0.02879044 -0.03400115
v -0.00992230 -0.03001731 -0.03468541
v -0.00757870 -0.03081566 -0.03262851
v -0.01060225 -0.03278210 -0.03284387
v -0.00529105 -0.02957962 -0.03299978
v -0.00831953 -0.03523866 -0.03288350
v -0.00474566 -0.03354743 -0.03279510
v -0.00919814 -0.03230330 -0.03633736
v -0.00526415 -0.03132177 -0.03490550
v -0.00669479 -0.03380487 -0.03542621
v -0.00777515 -0.03063042 -0.03581944
v -0.00253028 -0.03109750 -0.04427289
v -0.00480837 -0.03098549 -0.04500893
v -0.00492020 -0.03316671 -0.04504963
v -0.00293136 -0.03370745 -0.04432575
f 1 2 3
f 4 5 6
f 7 5 8
f 3 9 1
f 8 10 7
f 7 10 3
f 3 10 9
f 5 4 8
f 11 12 13
f 12 14 13
f 13 15 11
f 16 11 17
f 18 15 19
f 15 18 17
f 15 17 11
f 18 19 20
f 20 19 21
f 22 20 23
f 20 21 23
f 4 24 8
f 8 24 25
f 8 25 26
f 27 23 28
f 28 23 21
f 28 21 29
f 29 21 30
f 30 21 26
f 30 26 31
f 31 26 32
f 32 26 25
f 20 22 33
f 22 34 33
f 6 5 35
f 36 37 38
f 37 39 38
f 39 40 38
f 38 40 41
f 42 41 43
f 42 43 44
f 45 46 44
f 45 44 47
f 36 38 46
f 36 46 45
f 48 49 50
f 48 50 51
f 52 49 53
f 53 49 48
f 52 54 51
f 55 56 54
f 54 56 57
f 22 56 34
f 34 56 55
f 58 52 53
f 58 53 59
f 43 47 44
f 43 59 47
f 37 60 39
f 60 37 6
f 60 6 61
f 48 51 57
f 62 63 64
f 62 64 65
f 66 67 65
f 66 65 64
f 64 63 68
f 68 63 69
f 70 71 72
f 72 73 12
f 72 12 70
f 74 75 62
f 75 74 76
f 77 78 76
f 79 80 81
f 80 79 72
f 79 82 72
f 72 82 73
f 83 12 73
f 83 73 82
f 84 85 86
f 87 88 89
f 90 84 87
f 91 92 86
f 86 92 84
f 85 84 90
f 87 89 90
f 93 94 95
f 93 95 96
f 97 98 95
f 2 95 94
f 2 94 3
f 99 100 101
f 100 99 102
f 103 104 105
f 104 97 105
f 105 97 106
f 106 97 95
f 106 95 2
f 106 2 107
f 108 109 110
f 108 110 111
f 112 109 113
f 112 113 114
f 115 116 117
f 117 116 118
f 117 118 119
f 119 118 120
f 120 118 121
f 120 121 122
f 123 124 125
f 125 124 126
f 126 124 127
f 128 129 130
f 129 128 96
f 131 96 132
f 131 133 134
f 134 133 135
f 135 133 136
f 135 136 137
f 137 136 138
f 111 137 138
f 131 132 133
f 128 133 132
f 128 139 133
f 108 113 109
f 138 140 108
f 108 140 113
f 141 142 143
f 113 141 114
f 114 141 144
f 114 144 145
f 141 113 142
f 143 117 146
f 143 146 144
f 144 146 145
f 130 139 128
f 127 130 147
f 127 147 126
f 148 149 127
f 127 149 130
f 130 149 139
f 121 150 122
f 122 150 115
f 122 115 123
f 123 115 148
f 123 148 124
f 149 148 151
f 151 148 115
f 140 138 136
f 143 142 117
f 142 151 115
f 115 117 142
f 152 92 91
f 153 154 155
f 155 154 152
f 155 152 91
f 154 153 156
f 154 156 66
f 66 156 67
f 157 158 159
f 160 161 162
f 161 163 162
f 162 163 164
f 162 164 165
f 164 166 165
f 165 166 167
f 167 166 168
f 169 170 171
f 171 170 160
f 160 170 161
f 172 173 174
f 171 175 169
f 169 175 174
f 169 174 173
f 174 176 172
f 172 176 177
f 172 177 178
f 172 178 168
f 168 178 167
f 179 180 181
f 180 182 183
f 183 182 184
f 183 184 159
f 159 158 185
f 186 187 188
f 186 188 189
f 189 188 190
f 189 190 191
f 191 190 179
f 191 179 181
f 184 157 159
f 192 193 183
f 183 193 180
f 194 195 193
f 194 193 192
f 196 195 194
f 162 165 196
f 196 165 195
f 175 197 174
f 198 197 199
f 198 199 200
f 198 200 186
f 186 200 185
f 186 185 158
f 186 158 187
f 201 181 202
f 202 181 180
f 181 201 203
f 181 203 191
f 191 203 189
f 189 203 204
f 189 204 186
f 205 206 207
f 52 58 208
f 208 207 206
f 208 206 54
f 54 52 208
f 209 91 210
f 210 91 86
f 210 86 211
f 212 155 209
f 209 155 91
f 213 214 90
f 90 214 215
f 90 215 211
f 211 86 85
f 211 85 90
f 216 67 156
f 216 156 212
f 212 156 153
f 212 153 155
f 62 65 90
f 213 90 65
f 213 65 217
f 217 65 67
f 217 67 216
f 218 205 219
f 218 219 220
f 221 16 222
f 221 222 220
f 223 11 16
f 12 11 223
f 223 70 12
f 202 221 220
f 223 16 221
f 224 218 220
f 224 220 225
f 225 220 222
f 225 222 16
f 225 16 226
f 227 228 165
f 93 193 195
f 93 70 193
f 221 202 180
f 70 223 193
f 195 229 94
f 195 94 93
f 223 221 193
f 165 228 195
f 195 228 229
f 230 227 165
f 193 221 180
f 202 220 219
f 219 204 203
f 219 203 201
f 219 201 202
f 70 93 231
f 232 233 234
f 234 233 231
f 231 233 71
f 231 71 70
f 232 234 134
f 232 134 235
f 78 236 75
f 78 77 237
f 237 238 78
f 78 238 239
f 79 81 237
f 79 237 77
f 240 239 238
f 241 242 243
f 241 243 244
f 244 243 78
f 244 78 245
f 245 78 239
f 240 246 247
f 247 246 72
f 12 83 14
f 14 83 248
f 249 15 13
f 249 13 248
f 248 13 14
f 15 249 250
f 15 250 19
f 19 250 251
f 19 251 26
f 19 26 21
f 252 48 253
f 253 48 57
f 254 36 255
f 255 36 45
f 255 45 256
f 256 45 257
f 45 47 257
f 257 47 59
f 257 59 258
f 258 59 53
f 258 53 259
f 259 53 48
f 259 48 252
f 260 261 77
f 77 261 262
f 263 264 265
f 266 267 268
f 268 267 269
f 268 269 270
f 270 269 271
f 270 271 272
f 272 271 273
f 268 262 266
f 266 262 261
f 266 261 274
f 274 261 275
f 276 277 278
f 278 277 279
f 278 279 264
f 264 279 280
f 264 280 265
f 281 265 248
f 248 265 282
f 281 283 265
f 265 283 284
f 265 284 263
f 263 284 285
f 263 285 273
f 273 285 286
f 273 286 272
f 282 287 248
f 248 287 288
f 248 288 250
f 250 288 289
f 250 289 290
f 250 290 291
f 290 292 291
f 291 292 293
f 291 293 261
f 261 293 294
f 261 294 275
f 275 294 277
f 275 277 295
f 295 277 276
f 296 261 260
f 297 291 296
f 296 291 261
f 291 297 26
f 291 26 251
f 43 208 58
f 59 43 58
f 43 198 208
f 197 40 298
f 298 174 197
f 198 43 40
f 198 40 197
f 208 186 207
f 208 198 186
f 174 298 299
f 186 204 207
f 174 299 300
f 218 224 205
f 301 206 205
f 301 205 224
f 206 301 302
f 55 54 206
f 55 206 302
f 224 302 301
f 55 302 34
f 33 34 302
f 225 302 224
f 225 226 33
f 302 225 33
f 303 33 226
f 18 20 303
f 16 17 226
f 226 17 303
f 303 17 18
f 33 303 20
f 57 51 54
f 304 159 305
f 305 159 185
f 305 185 306
f 306 185 200
f 306 200 307
f 307 200 199
f 307 199 308
f 308 199 309
f 309 199 197
f 309 197 310
f 310 197 175
f 310 175 311
f 175 171 311
f 311 171 160
f 311 160 312
f 312 160 162
f 312 162 313
f 313 162 196
f 313 196 314
f 314 196 194
f 314 194 315
f 315 194 316
f 316 194 192
f 316 192 317
f 317 192 318
f 318 192 183
f 318 183 304
f 304 183 159
f 304 319 318
f 320 27 321
f 321 27 28
f 319 304 305
f 252 253 319
f 311 322 310
f 323 254 255
f 312 322 311
f 252 319 305
f 252 305 259
f 259 305 306
f 259 306 258
f 258 306 307
f 258 307 257
f 257 307 308
f 257 308 256
f 256 308 309
f 256 309 255
f 255 309 310
f 255 310 323
f 323 310 322
f 24 322 312
f 24 312 25
f 25 312 313
f 25 313 32
f 32 313 314
f 32 314 31
f 31 314 315
f 31 315 30
f 30 315 316
f 30 316 29
f 29 316 317
f 29 317 28
f 28 317 318
f 28 318 321
f 321 318 319
f 248 324 281
f 324 248 83
f 291 251 250
f 250 249 248
f 281 324 283
f 325 324 83
f 284 283 324
f 325 326 270
f 284 324 285
f 285 324 325
f 285 325 286
f 272 286 325
f 326 325 327
f 327 325 79
f 83 82 325
f 325 82 79
f 270 272 325
f 268 270 328
f 328 270 326
f 328 326 329
f 329 326 327
f 329 327 77
f 77 327 79
f 262 268 328
f 260 62 90
f 262 328 77
f 77 328 329
f 62 260 74
f 76 74 260
f 260 77 76
f 157 184 330
f 331 179 332
f 179 331 180
f 180 331 182
f 182 330 184
f 157 330 219
f 157 219 158
f 158 219 333
f 158 333 187
f 187 333 334
f 187 334 188
f 332 179 190
f 146 69 145
f 145 69 242
f 145 242 241
f 145 241 114
f 114 241 244
f 114 244 112
f 112 244 245
f 112 245 109
f 109 245 239
f 109 239 110
f 110 239 240
f 110 240 111
f 111 240 247
f 111 247 137
f 68 69 146
f 64 68 117
f 117 68 146
f 335 66 64
f 336 66 335
f 337 154 336
f 336 154 66
f 337 152 154
f 338 92 152
f 338 84 92
f 120 122 338
f 338 122 84
f 122 87 84
f 123 87 122
f 123 88 87
f 123 125 88
f 88 125 339
f 339 125 126
f 339 126 340
f 340 126 147
f 340 147 341
f 341 147 130
f 341 130 342
f 342 130 129
f 342 129 343
f 343 129 96
f 343 96 98
f 338 344 120
f 120 344 119
f 119 344 345
f 119 345 335
f 119 335 117
f 117 335 64
f 235 134 135
f 137 232 135
f 135 232 235
f 137 233 232
f 137 71 233
f 167 178 346
f 174 300 176
f 176 300 177
f 177 300 347
f 346 178 347
f 347 178 177
f 167 346 348
f 230 165 167
f 230 167 348
f 349 299 350
f 350 299 298
f 350 298 40
f 350 40 39
f 43 41 40
f 94 229 3
f 3 229 7
f 229 228 351
f 351 7 229
f 228 352 351
f 353 354 355
f 228 227 352
f 352 227 354
f 356 351 352
f 353 357 354
f 354 357 352
f 352 357 356
f 358 35 5
f 358 5 7
f 7 351 359
f 355 354 227
f 230 348 346
f 230 346 360
f 360 346 347
f 361 104 103
f 362 363 342
f 364 365 100
f 100 365 366
f 100 366 342
f 342 363 100
f 100 363 101
f 101 363 361
f 101 361 103
f 342 366 341
f 362 342 367
f 367 342 343
f 367 343 98
f 368 88 339
f 368 339 340
f 368 340 366
f 366 340 341
f 8 26 369
f 369 10 8
f 370 9 10
f 370 10 369
f 2 1 107
f 107 1 9
f 107 9 370
f 371 372 373
f 373 297 374
f 374 297 296
f 375 376 377
f 377 376 378
f 377 378 373
f 297 379 380
f 371 373 381
f 381 373 105
f 373 378 382
f 373 382 105
f 383 296 260
f 26 297 380
f 375 377 383
f 383 377 384
f 383 384 296
f 296 384 374
f 373 372 379
f 373 379 297
f 350 385 349
f 357 353 385
f 385 353 349
f 350 39 385
f 385 39 60
f 60 61 386
f 386 356 60
f 60 356 385
f 357 385 356
f 359 351 356
f 359 356 386
f 358 61 35
f 7 359 61
f 386 61 359
f 61 358 7
f 61 6 35
f 371 387 372
f 372 387 380
f 380 387 370
f 380 370 26
f 387 107 370
f 370 369 26
f 381 387 371
f 388 103 105
f 105 106 387
f 387 106 107
f 376 388 378
f 378 388 105
f 378 105 382
f 381 105 387
f 101 103 389
f 389 103 388
f 389 388 390
f 390 388 376
f 390 376 375
f 102 260 90
f 383 260 375
f 375 260 390
f 390 260 389
f 389 260 99
f 389 99 101
f 260 102 99
f 391 392 168
f 168 392 393
f 168 393 172
f 172 393 394
f 172 394 173
f 173 394 395
f 173 395 396
f 173 396 169
f 397 170 396
f 396 170 169
f 170 397 398
f 170 398 161
f 161 398 399
f 161 399 163
f 163 399 400
f 163 400 164
f 164 400 166
f 166 400 391
f 391 168 166
f 234 231 131
f 131 231 93
f 131 134 234
f 93 96 131
f 299 349 355
f 355 349 353
f 360 300 299
f 360 347 300
f 96 401 132
f 132 401 402
f 132 402 403
f 132 403 128
f 128 403 401
f 128 401 96
f 403 362 401
f 401 362 367
f 401 367 404
f 401 404 402
f 402 404 405
f 402 405 361
f 405 104 361
f 404 97 405
f 405 97 104
f 404 98 97
f 402 361 403
f 403 361 363
f 403 363 362
f 367 98 404
f 138 406 111
f 111 406 407
f 111 407 108
f 108 407 408
f 108 408 409
f 108 409 138
f 138 409 406
f 407 410 408
f 406 411 407
f 407 411 410
f 81 406 409
f 81 409 237
f 237 409 408
f 237 408 238
f 238 408 410
f 238 410 240
f 240 410 246
f 246 410 411
f 81 80 406
f 406 80 411
f 411 80 246
f 141 412 144
f 144 412 243
f 144 243 413
f 144 413 143
f 143 413 414
f 143 414 141
f 141 414 415
f 141 415 412
f 243 242 413
f 415 236 412
f 63 415 414
f 69 414 413
f 414 69 63
f 415 63 75
f 415 75 236
f 412 236 78
f 412 78 243
f 413 242 69
f 127 416 148
f 148 416 417
f 148 417 124
f 124 417 418
f 124 418 419
f 124 419 127
f 127 419 416
f 416 364 417
f 417 420 418
f 416 419 421
f 417 89 420
f 420 89 88
f 90 89 364
f 364 89 417
f 420 88 418
f 418 88 368
f 418 368 419
f 419 368 366
f 419 366 421
f 421 366 365
f 421 365 416
f 416 365 364
f 102 90 364
f 102 364 100
f 76 78 75
f 75 63 62
f 213 345 214
f 345 213 335
f 335 213 217
f 216 335 217
f 216 212 337
f 216 337 336
f 216 336 335
f 209 337 212
f 209 152 337
f 210 338 209
f 209 338 152
f 211 338 210
f 215 338 211
f 345 344 214
f 214 344 215
f 215 344 338
f 52 422 49
f 50 49 422
f 51 422 52
f 50 423 51
f 51 423 424
f 51 424 422
f 422 424 50
f 425 44 46
f 41 42 425
f 425 42 44
f 46 426 425
f 41 425 427
f 41 427 38
f 38 427 426
f 38 426 46
f 379 277 294
f 379 294 293
f 379 293 292
f 379 292 380
f 380 292 290
f 380 290 289
f 380 289 288
f 380 288 372
f 372 288 287
f 372 287 282
f 372 282 265
f 372 265 280
f 372 280 279
f 372 279 379
f 379 279 277
f 384 266 374
f 374 266 274
f 374 274 275
f 374 275 373
f 373 275 295
f 373 295 276
f 373 276 278
f 373 278 264
f 373 264 263
f 373 263 273
f 373 273 377
f 377 273 271
f 377 271 269
f 377 269 267
f 377 267 384
f 384 267 266
f 50 253 57
f 50 57 423
f 253 50 424
f 253 424 319
f 319 424 423
f 57 56 319
f 423 57 319
f 320 56 22
f 27 428 23
f 23 428 22
f 22 428 320
f 56 320 321
f 56 321 319
f 37 323 322
f 426 36 254
f 427 425 323
f 323 425 254
f 254 425 426
f 36 426 427
f 323 37 36
f 427 323 36
f 4 429 24
f 24 429 430
f 24 430 322
f 322 430 431
f 37 322 6
f 6 322 431
f 6 431 429
f 6 429 4
f 432 320 428
f 432 428 27
f 432 27 320
f 433 429 431
f 431 430 433
f 433 430 429
f 392 230 393
f 393 230 394
f 394 230 360
f 394 360 395
f 395 360 396
f 396 360 299
f 396 299 397
f 397 299 355
f 397 355 398
f 398 355 399
f 399 355 400
f 400 355 227
f 400 227 391
f 391 227 230
f 391 230 392
f 333 207 334
f 334 207 204
f 334 204 188
f 188 204 190
f 190 204 219
f 190 219 332
f 332 219 331
f 331 219 182
f 182 219 330
f 219 205 333
f 333 205 207
f 96 95 98
f 72 71 247
f 247 71 137
f 72 246 80
f 434 435 436
f 436 437 434
f 436 438 437
f 439 440 436
f 435 439 436
f 441 442 443
f 441 118 442
f 442 118 116
f 442 116 115
f 442 115 443
f 443 115 150
f 443 150 121
f 443 121 441
f 441 121 118
f 136 438 140
f 140 438 436
f 140 440 113
f 444 435 151
f 142 444 151
f 151 435 149
f 149 434 139
f 139 437 133
f 149 435 434
f 434 437 139
f 437 438 133
f 133 438 136
f 140 436 440
f 113 440 439
f 113 439 142
f 142 439 444
f 439 435 444
f 445 446 447
f 447 446 448
f 446 449 450
f 451 452 453
f 446 450 448
f 448 450 452
f 451 449 446
f 454 455 448
f 448 455 456
f 448 456 447
f 454 448 457
f 458 459 460
f 454 460 459
f 461 462 463
f 462 464 463
f 463 464 465
f 465 464 466
f 465 466 467
f 468 469 470
f 470 469 471
f 470 471 463
f 463 471 472
f 463 472 473
f 463 473 461
f 461 473 474
f 461 474 475
f 475 474 476
f 475 476 467
f 475 467 466
f 468 470 473
f 468 473 472
f 477 478 479
f 478 477 480
f 480 481 482
f 480 482 478
f 479 483 477
f 477 483 484
f 485 486 483
f 485 487 488
f 488 487 489
f 488 490 491
f 479 491 487
f 479 487 483
f 483 487 485
f 492 493 494
f 495 496 497
f 495 497 498
f 499 500 496
f 499 496 495
f 501 492 494
f 499 492 500
f 500 492 501
f 500 501 502
f 503 501 504
f 494 505 506
f 494 506 501
f 501 506 504
f 503 504 507
f 503 507 508
f 451 453 449
f 489 490 488
f 488 509 510
f 493 498 494
f 494 498 497
f 494 497 511
f 511 497 510
f 511 510 512
f 488 510 497
f 512 509 511
f 511 509 488
f 511 488 479
f 479 488 491
f 448 452 451
f 448 451 513
f 507 505 508
f 508 505 494
f 508 494 513
f 513 494 511
f 513 511 479
f 481 479 514
f 481 514 482
f 458 457 459
f 459 457 448
f 459 448 463
f 463 448 513
f 463 513 515
f 515 516 517
f 515 517 470
f 515 470 463
f 459 463 465
f 518 519 470
f 470 519 481
f 481 519 516
f 481 516 515
f 481 515 479
f 479 515 513
f 513 451 508
f 470 517 518
f 520 521 522
f 520 522 523
f 520 523 524
f 524 523 525
f 524 525 526
f 527 528 529
f 530 531 527
f 527 531 528
f 532 533 528
f 532 528 531
f 534 527 535
f 535 527 536
f 536 527 529
f 533 532 521
f 537 533 521
f 538 539 540
f 541 542 543
f 541 543 538
f 538 543 539
f 544 545 541
f 541 545 546
f 541 546 542
f 542 546 547
f 540 548 538
f 549 550 551
f 551 550 552
f 551 552 553
f 554 555 556
f 554 556 557
f 554 557 558
f 558 557 559
f 560 561 555
f 560 562 563
f 560 563 561
f 540 539 564
f 540 564 565
f 565 564 566
f 565 566 567
f 567 566 568
f 567 568 569
f 570 571 572
f 573 574 575
f 575 574 576
f 575 576 572
f 572 576 577
f 572 577 570
f 578 579 580
f 578 580 581
f 582 581 580
f 583 579 578
f 583 578 584
f 583 584 585
f 585 584 586
f 587 588 589
f 589 588 590
f 589 590 591
f 591 590 592
f 593 594 595
f 595 594 596
f 595 596 597
f 595 597 598
f 598 597 586
f 599 592 590
f 598 586 599
f 600 599 590
f 586 584 599
f 584 592 599
f 587 601 602
f 601 593 602
f 603 604 605
f 605 604 606
f 607 608 606
f 606 608 609
f 606 609 610
f 606 610 605
f 611 503 612
f 612 503 508
f 612 508 613
f 613 508 451
f 613 451 614
f 614 451 446
f 614 446 615
f 616 485 488
f 496 617 497
f 497 617 618
f 497 618 488
f 488 618 619
f 488 619 616
f 620 470 621
f 621 470 481
f 621 481 622
f 622 481 480
f 622 480 623
f 623 480 477
f 624 625 626
f 624 626 627
f 624 627 628
f 626 625 629
f 626 629 630
f 630 629 631
f 630 631 632
f 632 631 633
f 632 633 634
f 634 633 635
f 634 635 636
f 636 635 637
f 636 637 638
f 638 637 639
f 638 639 640
f 641 642 643
f 641 643 639
f 639 643 640
f 644 645 646
f 644 646 641
f 641 646 642
f 645 644 647
f 645 647 648
f 648 647 649
f 648 649 650
f 650 649 651
f 650 651 652
f 652 651 653
f 652 653 654
f 654 653 655
f 654 655 656
f 656 655 657
f 656 657 658
f 658 657 659
f 659 657 660
f 659 660 661
f 661 660 662
f 662 660 663
f 662 663 664
f 664 663 665
f 664 665 666
f 666 665 667
f 666 667 668
f 668 667 669
f 668 669 670
f 670 669 671
f 670 671 672
f 672 671 673
f 672 673 674
f 675 676 677
f 678 679 680
f 678 680 677
f 677 680 675
f 676 681 677
f 677 681 673
f 673 681 674
f 679 678 682
f 679 682 683
f 683 682 684
f 683 684 685
f 685 684 686
f 685 686 687
f 687 686 688
f 687 688 689
f 689 688 690
f 689 690 691
f 691 690 624
f 691 624 628
f 692 693 694
f 658 659 695
f 696 679 683
f 696 683 685
f 697 698 666
f 666 698 699
f 699 662 664
f 699 664 666
f 700 701 702
f 702 701 654
f 702 654 656
f 702 656 658
f 702 658 695
f 701 703 654
f 654 703 704
f 654 704 652
f 652 704 705
f 706 648 705
f 705 648 650
f 705 650 652
f 634 636 707
f 707 636 638
f 632 707 630
f 630 707 626
f 626 707 708
f 676 709 710
f 675 711 712
f 675 712 676
f 676 712 709
f 709 712 713
f 709 713 714
f 711 675 715
f 715 675 716
f 714 713 717
f 717 713 718
f 717 718 719
f 719 718 720
f 716 675 721
f 716 721 720
f 720 721 719
f 722 723 724
f 724 723 725
f 724 725 726
f 727 728 723
f 727 723 729
f 725 730 731
f 732 733 728
f 732 728 727
f 734 735 694
f 734 694 736
f 737 728 738
f 739 740 741
f 739 741 730
f 730 741 742
f 730 742 453
f 730 453 743
f 744 745 746
f 747 739 748
f 746 749 750
f 750 749 699
f 751 699 752
f 659 753 754
f 755 756 661
f 659 754 695
f 695 754 757
f 757 754 758
f 758 754 759
f 758 759 760
f 758 760 761
f 761 760 762
f 761 762 755
f 661 763 761
f 661 761 755
f 661 756 659
f 659 756 753
f 702 695 764
f 702 764 751
f 751 764 765
f 680 766 675
f 766 767 675
f 675 767 768
f 675 768 769
f 696 770 771
f 696 771 679
f 679 771 680
f 680 771 772
f 680 772 766
f 694 773 728
f 728 773 643
f 643 773 774
f 775 692 707
f 634 707 632
f 638 640 707
f 707 640 775
f 775 640 643
f 775 643 774
f 646 776 777
f 646 777 778
f 646 778 642
f 778 779 642
f 642 779 780
f 781 782 681
f 681 782 744
f 710 783 676
f 676 783 784
f 676 784 681
f 681 784 781
f 666 668 697
f 697 668 670
f 697 670 672
f 697 672 674
f 697 674 785
f 750 786 674
f 674 786 785
f 787 700 645
f 787 645 706
f 706 645 648
f 674 681 750
f 750 681 744
f 750 744 746
f 788 789 790
f 788 790 675
f 675 790 791
f 791 721 675
f 745 744 747
f 747 744 792
f 747 792 793
f 794 793 795
f 794 795 783
f 783 792 744
f 783 744 796
f 796 744 797
f 798 482 788
f 675 769 770
f 675 770 788
f 788 770 798
f 765 763 699
f 699 763 661
f 699 661 662
f 698 799 699
f 699 799 750
f 699 751 765
f 747 793 794
f 747 794 739
f 739 794 743
f 739 743 740
f 738 800 735
f 801 627 802
f 802 627 626
f 802 626 803
f 696 804 805
f 696 805 708
f 708 805 806
f 801 804 627
f 627 804 696
f 627 696 628
f 628 696 691
f 691 696 689
f 689 696 687
f 687 696 685
f 806 807 708
f 708 807 626
f 626 807 803
f 808 809 702
f 809 810 730
f 810 811 730
f 730 811 739
f 739 811 812
f 752 748 751
f 751 748 739
f 751 739 702
f 702 739 813
f 813 739 812
f 813 814 702
f 702 814 808
f 710 719 783
f 783 719 721
f 783 721 794
f 794 721 815
f 794 815 743
f 743 815 816
f 743 816 730
f 730 816 733
f 730 733 731
f 731 733 732
f 731 732 817
f 731 817 818
f 818 817 819
f 818 819 722
f 722 819 820
f 722 820 723
f 723 820 729
f 728 816 738
f 738 816 815
f 738 815 800
f 800 815 788
f 788 815 721
f 788 721 789
f 646 730 776
f 776 730 821
f 796 784 783
f 821 730 725
f 821 725 642
f 737 736 728
f 728 736 694
f 770 696 798
f 798 696 800
f 800 696 735
f 735 696 708
f 735 708 694
f 694 708 707
f 694 707 692
f 816 822 733
f 733 822 728
f 723 728 643
f 702 809 730
f 702 730 700
f 700 730 646
f 700 646 645
f 723 643 642
f 723 642 725
f 642 780 821
f 823 824 677
f 825 641 826
f 826 641 827
f 641 825 589
f 641 589 644
f 644 589 591
f 644 591 647
f 647 591 828
f 647 828 649
f 828 829 649
f 649 829 651
f 651 829 653
f 653 829 830
f 585 597 831
f 829 832 830
f 830 832 583
f 830 583 833
f 833 583 585
f 833 585 831
f 831 597 612
f 831 612 613
f 831 613 615
f 615 613 614
f 612 597 596
f 612 596 611
f 611 596 594
f 611 594 826
f 826 594 834
f 826 834 825
f 835 677 673
f 836 837 838
f 838 837 839
f 839 823 835
f 835 823 677
f 455 840 841
f 841 840 842
f 841 842 836
f 665 843 667
f 667 843 669
f 669 843 671
f 671 843 844
f 671 844 673
f 673 844 845
f 673 845 835
f 846 847 848
f 848 847 849
f 568 566 564
f 848 850 846
f 846 850 851
f 846 851 843
f 846 843 665
f 846 665 852
f 836 838 841
f 841 838 568
f 841 568 849
f 849 568 564
f 849 564 848
f 830 853 653
f 653 853 854
f 653 854 655
f 655 854 657
f 657 854 570
f 657 570 660
f 660 570 577
f 660 577 576
f 660 576 663
f 663 576 852
f 663 852 665
f 684 855 686
f 686 855 688
f 688 855 856
f 688 856 857
f 677 824 858
f 677 858 859
f 677 859 860
f 677 860 678
f 678 860 861
f 678 861 682
f 682 861 862
f 682 862 684
f 684 862 855
f 856 863 857
f 857 863 864
f 864 863 865
f 559 866 865
f 865 866 864
f 866 559 621
f 866 621 867
f 867 621 622
f 867 622 623
f 867 623 484
f 621 559 557
f 621 557 620
f 620 557 556
f 620 556 858
f 858 556 859
f 631 868 633
f 633 868 530
f 633 530 635
f 869 641 639
f 641 870 827
f 871 870 869
f 869 870 641
f 872 868 873
f 873 868 631
f 873 631 874
f 635 530 534
f 635 534 637
f 637 534 639
f 639 534 875
f 639 875 869
f 873 876 872
f 872 876 877
f 872 877 878
f 872 878 522
f 486 616 879
f 879 616 619
f 879 619 618
f 525 523 522
f 857 880 688
f 688 880 690
f 690 880 881
f 690 881 624
f 624 881 605
f 624 605 610
f 624 610 625
f 625 610 609
f 625 609 629
f 629 609 874
f 629 874 631
f 618 617 879
f 879 617 525
f 879 525 878
f 878 525 522
f 840 454 459
f 467 837 465
f 465 837 836
f 465 836 459
f 459 836 842
f 459 842 840
f 882 853 883
f 883 853 830
f 571 570 884
f 884 570 854
f 884 854 885
f 885 854 882
f 882 854 853
f 886 852 887
f 887 852 888
f 888 852 574
f 574 852 576
f 886 846 852
f 847 846 889
f 889 846 886
f 456 455 890
f 890 891 456
f 456 891 892
f 456 892 447
f 447 892 893
f 894 615 445
f 894 445 893
f 893 445 447
f 895 883 833
f 833 883 830
f 890 849 889
f 889 896 897
f 889 897 890
f 898 899 895
f 900 894 893
f 901 894 898
f 901 898 895
f 896 889 902
f 902 889 886
f 892 891 897
f 897 891 890
f 892 897 903
f 892 903 904
f 905 906 900
f 900 906 894
f 894 906 898
f 893 892 900
f 900 892 904
f 900 904 907
f 907 904 908
f 895 899 909
f 895 909 883
f 883 909 910
f 888 911 907
f 886 887 908
f 887 888 908
f 908 888 907
f 905 900 910
f 910 900 912
f 910 912 883
f 885 882 913
f 913 882 883
f 885 913 884
f 884 913 911
f 884 911 914
f 915 916 888
f 888 916 911
f 911 916 914
f 912 913 883
f 914 917 884
f 884 917 571
f 886 908 902
f 573 575 915
f 888 574 915
f 915 574 573
f 583 832 579
f 579 832 829
f 579 829 580
f 828 591 582
f 828 582 829
f 829 582 580
f 527 534 530
f 530 868 531
f 536 875 535
f 535 875 534
f 918 919 920
f 920 919 869
f 920 869 529
f 529 869 875
f 529 875 536
f 532 531 872
f 872 531 868
f 524 526 919
f 524 919 918
f 921 880 857
f 603 605 881
f 603 881 922
f 922 881 880
f 922 880 921
f 923 874 924
f 924 874 925
f 925 874 608
f 608 874 609
f 923 873 874
f 876 873 926
f 926 873 923
f 927 928 486
f 486 928 483
f 867 484 929
f 929 484 930
f 930 484 483
f 931 921 864
f 864 921 857
f 925 608 932
f 932 608 607
f 925 932 924
f 924 932 933
f 924 933 923
f 934 935 921
f 927 936 937
f 937 936 938
f 938 936 926
f 938 926 933
f 933 926 923
f 929 937 934
f 921 935 922
f 922 935 603
f 866 929 939
f 939 929 934
f 939 934 931
f 931 934 921
f 935 604 603
f 929 930 937
f 937 930 940
f 937 940 928
f 937 928 927
f 935 941 604
f 942 863 943
f 943 863 856
f 943 856 942
f 942 856 855
f 944 855 862
f 865 863 558
f 558 863 942
f 945 946 947
f 860 563 562
f 562 948 860
f 860 948 945
f 860 945 861
f 861 945 947
f 944 862 947
f 947 862 861
f 949 947 946
f 942 855 944
f 949 950 947
f 947 950 942
f 947 942 944
f 942 950 558
f 558 950 951
f 552 843 553
f 553 843 851
f 553 851 850
f 952 845 844
f 549 952 550
f 550 952 844
f 550 844 552
f 552 844 843
f 835 845 953
f 953 845 952
f 954 835 955
f 955 835 953
f 955 953 545
f 545 953 546
f 551 553 850
f 551 850 956
f 956 850 848
f 956 848 543
f 543 848 539
f 954 957 569
f 567 569 957
f 563 860 859
f 563 859 561
f 561 859 556
f 561 556 555
f 587 589 825
f 587 825 601
f 601 825 834
f 601 834 594
f 601 594 593
f 526 525 617
f 526 617 871
f 526 871 919
f 919 871 869
f 558 559 865
f 931 864 939
f 939 864 866
f 929 866 867
f 927 486 879
f 927 879 936
f 936 879 878
f 936 878 877
f 936 877 926
f 926 877 876
f 532 872 522
f 532 522 521
f 569 568 838
f 569 838 839
f 569 839 835
f 569 835 954
f 539 848 564
f 890 455 841
f 890 841 849
f 889 849 847
f 895 833 901
f 901 833 831
f 901 831 894
f 894 831 615
f 586 597 585
f 615 446 445
f 840 455 454
f 826 501 611
f 611 501 503
f 617 496 871
f 871 496 500
f 502 870 500
f 500 870 871
f 870 502 827
f 827 502 501
f 827 501 958
f 501 826 958
f 958 826 827
f 858 473 620
f 620 473 470
f 473 858 824
f 823 474 824
f 824 474 473
f 474 823 476
f 476 823 839
f 837 467 839
f 839 467 476
f 623 477 484
f 616 486 485
f 715 468 711
f 711 468 712
f 712 468 472
f 712 472 713
f 713 472 718
f 718 472 720
f 720 472 471
f 720 471 716
f 716 471 469
f 716 469 715
f 715 469 468
f 727 495 732
f 732 495 498
f 732 498 817
f 817 498 493
f 817 493 819
f 819 493 492
f 819 492 820
f 820 492 729
f 729 492 499
f 729 499 727
f 727 499 495
f 714 462 461
f 714 461 709
f 709 461 475
f 709 475 710
f 710 475 466
f 710 466 464
f 710 464 719
f 719 464 717
f 717 464 462
f 717 462 714
f 722 506 818
f 818 506 505
f 818 505 731
f 731 505 725
f 725 505 507
f 725 507 726
f 726 507 504
f 726 504 724
f 724 504 722
f 722 504 506
f 734 487 735
f 735 487 738
f 738 487 491
f 738 491 737
f 737 491 490
f 737 490 736
f 736 490 489
f 736 489 734
f 734 489 487
f 798 478 482
f 788 482 514
f 788 514 800
f 800 514 479
f 800 479 798
f 798 479 478
f 783 457 458
f 783 458 792
f 792 458 460
f 792 460 793
f 793 460 454
f 793 454 795
f 795 454 457
f 795 457 783
f 743 452 740
f 740 452 450
f 740 450 741
f 741 450 449
f 741 449 742
f 742 449 453
f 453 452 743
f 606 604 959
f 959 604 941
f 941 935 960
f 960 935 934
f 960 934 937
f 960 937 961
f 961 937 938
f 961 938 962
f 962 938 933
f 962 933 963
f 963 933 932
f 963 932 964
f 964 932 607
f 964 607 606
f 965 941 960
f 965 960 961
f 606 959 964
f 963 964 959
f 963 959 965
f 965 959 941
f 966 602 593
f 595 598 967
f 967 598 599
f 967 599 968
f 968 599 969
f 969 599 600
f 588 587 970
f 970 587 602
f 970 602 966
f 970 971 969
f 970 969 588
f 588 969 600
f 588 600 590
f 595 972 966
f 593 595 966
f 971 970 966
f 595 967 972
f 972 967 968
f 971 968 969
f 973 578 974
f 974 578 581
f 974 581 975
f 975 581 976
f 976 581 582
f 976 582 591
f 977 592 978
f 978 592 584
f 978 584 973
f 973 584 578
f 973 979 978
f 977 976 591
f 977 591 592
f 973 974 979
f 979 974 975
f 975 976 980
f 980 976 977
f 980 977 978
f 572 571 981
f 981 571 917
f 981 917 982
f 982 917 914
f 982 914 983
f 914 916 984
f 984 916 915
f 984 915 985
f 985 915 575
f 982 986 981
f 983 914 984
f 575 572 981
f 575 981 985
f 985 981 986
f 987 957 988
f 988 957 954
f 955 545 544
f 544 541 989
f 989 541 538
f 989 538 548
f 987 567 957
f 548 540 565
f 954 955 988
f 987 988 990
f 987 990 565
f 987 565 567
f 988 955 544
f 544 989 990
f 990 989 548
f 990 548 565
f 991 949 945
f 945 949 946
f 948 562 992
f 992 562 560
f 992 560 993
f 993 560 555
f 993 555 554
f 994 558 951
f 994 951 995
f 995 951 950
f 995 950 991
f 991 950 949
f 945 948 992
f 554 558 994
f 993 554 994
f 991 945 992
f 991 992 993
f 996 551 997
f 956 543 998
f 998 543 542
f 998 542 999
f 999 542 547
f 1000 547 953
f 953 547 546
f 952 549 1001
f 1001 549 996
f 996 549 551
f 953 952 1000
f 1000 952 1001
f 1002 999 547
f 551 956 997
f 997 956 998
f 1003 996 997
f 1003 997 998
f 1003 998 999
f 1001 996 1000
f 1000 996 1002
f 1000 1002 547
f 920 524 918
f 1004 529 528
f 1004 528 1005
f 1005 528 533
f 1005 533 1006
f 1006 533 537
f 537 521 520
f 1007 524 920
f 529 1004 920
f 1007 920 1008
f 1007 520 524
f 1008 920 1004
f 1008 1004 1005
f 1007 1006 520
f 520 1006 537
f 910 1009 905
f 905 1009 1010
f 905 1010 906
f 906 1010 898
f 898 1010 1011
f 898 1011 1012
f 898 1012 899
f 899 1012 1013
f 899 1013 909
f 909 1013 910
f 910 1013 1009
f 908 1014 902
f 902 1014 1015
f 902 1015 896
f 896 1015 897
f 897 1016 903
f 903 1016 1017
f 903 1017 904
f 904 1017 1018
f 904 1018 908
f 908 1018 1019
f 908 1019 1014
f 1019 1018 1020
f 1020 1018 1017
f 1020 1017 1021
f 1021 1017 1016
f 1021 1016 897
f 1021 897 1015
f 911 1022 1023
f 911 1023 907
f 907 1023 1024
f 907 1024 900
f 900 1024 1025
f 900 1025 912
f 912 1025 1026
f 912 1026 913
f 913 1026 911
f 911 1026 1022
f 1027 1022 1026
f 1027 1026 1025
f 1014 1028 1015
f 1015 1028 1029
f 1015 1029 1021
f 1021 1029 1030
f 1021 1030 1020
f 1020 1030 1031
f 1020 1031 1019
f 1019 1031 1014
f 1014 1031 1028
f 1028 699 749
f 1028 749 1029
f 1029 749 746
f 1029 746 745
f 1029 745 1030
f 1030 745 747
f 1030 747 748
f 1030 748 1031
f 1031 748 752
f 1031 752 1028
f 1028 752 699
f 1009 1032 1010
f 1010 1032 1033
f 1010 1033 1011
f 1011 1033 1012
f 1012 1033 1034
f 1012 1034 1013
f 1013 1034 1035
f 1013 1035 1009
f 1009 1035 1032
f 1032 808 814
f 1032 814 1033
f 1033 814 813
f 1033 813 812
f 1033 812 1034
f 1034 812 811
f 1034 811 810
f 1034 810 1035
f 1035 810 809
f 1035 809 808
f 1035 808 1032
f 1022 1036 1023
f 1023 1036 1037
f 1023 1037 1024
f 1024 1037 1025
f 1025 1037 1038
f 1025 1038 1027
f 1027 1038 1036
f 1027 1036 1022
f 1037 761 763
f 1037 763 765
f 1037 765 1038
f 1038 765 764
f 1038 764 695
f 1038 695 1036
f 1036 695 757
f 1036 757 758
f 1036 758 1037
f 1037 758 761
f 993 1039 1040
f 993 1040 991
f 991 1040 995
f 995 1040 1041
f 995 1041 1042
f 995 1042 994
f 994 1042 1039
f 994 1039 993
f 1039 767 1040
f 1040 767 766
f 1040 766 772
f 1040 772 1041
f 1041 772 771
f 1041 771 770
f 1041 770 1042
f 1042 770 769
f 1042 769 1039
f 1039 769 768
f 1039 768 767
f 1007 1043 1006
f 1006 1043 693
f 1006 693 1005
f 1005 693 1008
f 1008 693 1044
f 1008 1044 1007
f 1007 1044 1043
f 1043 773 694
f 1043 694 693
f 693 692 1044
f 1044 692 775
f 1044 775 774
f 1044 774 1043
f 1043 774 773
f 968 1045 972
f 972 1045 1046
f 972 1046 966
f 966 1046 821
f 966 821 971
f 971 821 1047
f 971 1047 1045
f 971 1045 968
f 1045 777 776
f 1045 776 1046
f 1046 776 821
f 821 780 1047
f 1047 780 779
f 1047 779 778
f 1047 778 1045
f 1045 778 777
f 544 1048 988
f 988 1048 1049
f 988 1049 990
f 990 1049 1050
f 990 1050 544
f 544 1050 1048
f 1048 744 782
f 1048 782 1049
f 1049 782 781
f 1049 781 784
f 1049 784 1050
f 1050 784 796
f 1050 796 797
f 1050 797 1048
f 1048 797 744
f 1003 1051 996
f 996 1051 1002
f 1002 1051 785
f 1002 785 1052
f 1002 1052 999
f 999 1052 1003
f 1003 1052 1051
f 1051 697 785
f 785 786 1052
f 1052 786 750
f 1052 750 799
f 1052 799 1051
f 1051 799 698
f 1051 698 697
f 975 1053 979
f 979 1053 1054
f 979 1054 978
f 978 1054 1055
f 978 1055 980
f 980 1055 1053
f 980 1053 975
f 1054 704 703
f 1054 703 701
f 1054 701 700
f 1054 700 1055
f 1055 700 787
f 1055 787 706
f 1055 706 1053
f 1053 706 705
f 1053 705 704
f 1053 704 1054
f 986 1056 985
f 985 1056 984
f 984 1056 1057
f 984 1057 983
f 983 1057 1058
f 983 1058 982
f 982 1058 1059
f 982 1059 986
f 986 1059 1056
f 1056 756 1057
f 1057 756 755
f 1057 755 762
f 1057 762 1058
f 1058 762 759
f 1058 759 754
f 1058 754 1059
f 1059 754 753
f 1059 753 1056
f 1056 753 1060
f 1056 1060 756
f 961 1061 965
f 965 1061 1062
f 965 1062 963
f 963 1062 1063
f 963 1063 962
f 962 1063 1061
f 962 1061 961
f 1061 804 1062
f 1062 804 801
f 1062 801 802
f 1062 802 1063
f 1063 802 803
f 1063 803 807
f 1063 807 1061
f 1061 807 806
f 1061 806 804
f 790 519 791
f 791 519 518
f 791 518 721
f 721 518 789
f 789 518 517
f 789 517 516
f 789 516 790
f 790 516 519
f 822 509 728
f 728 509 816
f 816 509 512
f 816 512 510
f 816 510 822
f 822 510 509
f 1064 1065 1066
f 1067 1068 1069
f 1070 1071 1072
f 1073 1074 1075
f 1076 1077 1078
f 1079 1080 1081
f 1079 1081 1082
f 1083 1084 1079
f 1079 1084 1085
f 1085 1084 1080
f 1086 1080 1087
f 1087 1080 1088
f 1088 1080 1079
f 1088 1079 1089
f 1089 1079 1090
f 1091 1090 1092
f 1080 1086 1085
f 1085 1086 1093
f 1094 1095 1096
f 1094 1096 1097
f 1098 1078 1097
f 1097 1078 1077
f 1097 1077 1099
f 1097 1099 1094
f 1094 1099 1100
f 1078 1101 1102
f 1102 1101 1103
f 1102 1103 1104
f 1105 1106 1107
f 1108 1109 1106
f 1106 1109 1110
f 1111 1112 1074
f 1074 1112 1113
f 1074 1113 1114
f 1111 1074 1073
f 1111 1073 1115
f 1115 1073 1116
f 1115 1116 1114
f 1117 1118 1119
f 1117 1120 1074
f 1074 1120 1121
f 1074 1121 1075
f 1075 1121 1122
f 1075 1122 1123
f 1123 1122 1124
f 1124 1122 1125
f 1125 1122 1126
f 1114 1116 1127
f 1092 1128 1106
f 1106 1128 1108
f 1128 1092 1090
f 1128 1090 1129
f 1129 1090 1079
f 1129 1079 1130
f 1130 1079 1131
f 1130 1131 1127
f 1130 1127 1126
f 1126 1122 1130
f 1130 1122 1132
f 1132 1122 1133
f 1132 1133 1134
f 1134 1133 1094
f 1134 1094 1104
f 1104 1094 1100
f 1103 1135 1104
f 1104 1135 1134
f 1103 1101 1136
f 1136 1101 1137
f 1136 1137 1138
f 1136 1138 1139
f 1139 1138 1140
f 1139 1140 1108
f 1108 1140 1109
f 1141 1137 1142
f 1142 1137 1101
f 1137 1141 1143
f 1143 1141 1101
f 1143 1101 1144
f 1143 1144 1145
f 1145 1078 1146
f 1146 1078 1094
f 1094 1078 1098
f 1094 1098 1147
f 1146 1094 1133
f 1148 1149 1072
f 1072 1149 1133
f 1146 1133 1148
f 1146 1148 1072
f 1150 1070 1122
f 1122 1070 1072
f 1072 1071 1151
f 1151 1071 1150
f 1074 1151 1117
f 1117 1151 1122
f 1122 1151 1150
f 1152 1153 1154
f 1127 1131 1153
f 1127 1153 1152
f 1127 1152 1114
f 1114 1152 1155
f 1114 1155 1074
f 1074 1155 1156
f 1074 1156 1151
f 1157 1158 1131
f 1131 1158 1152
f 1131 1152 1154
f 1152 1158 1159
f 1159 1158 1160
f 1085 1161 1079
f 1079 1161 1162
f 1079 1162 1159
f 1079 1159 1131
f 1131 1159 1160
f 1131 1160 1157
f 1161 1085 1163
f 1106 1164 1165
f 1106 1166 1164
f 1163 1165 1167
f 1167 1165 1166
f 1167 1166 1106
f 1167 1168 1169
f 1169 1168 1170
f 1106 1171 1167
f 1167 1171 1168
f 1106 1170 1171
f 1066 1172 1169
f 1066 1169 1170
f 1105 1067 1172
f 1068 1067 1105
f 1137 1173 1174
f 1069 1175 1176
f 1176 1175 1173
f 1176 1173 1143
f 1143 1173 1137
f 1172 1066 1105
f 1105 1066 1065
f 1065 1177 1105
f 1105 1177 1106
f 1106 1177 1178
f 1178 1066 1106
f 1106 1066 1170
f 1092 1106 1179
f 1092 1180 1085
f 1085 1180 1181
f 1182 1183 1085
f 1085 1183 1179
f 1085 1179 1163
f 1163 1179 1106
f 1163 1106 1165
f 1092 1179 1180
f 1085 1181 1182
f 1069 1068 1174
f 1069 1174 1175
f 1184 1185 1105
f 1105 1185 1068
f 1137 1186 1184
f 1137 1184 1105
f 1115 1114 1187
f 1078 1144 1188
f 1078 1145 1144
f 1068 1186 1137
f 1068 1137 1174
f 1144 1101 1189
f 1078 1188 1189
f 1101 1078 1189
f 1118 1117 1122
f 1122 1072 1133
f 1190 1191 1192
f 1193 1152 1194
f 1195 1162 1196
f 1196 1197 1198
f 1198 1197 1199
f 1199 1197 1200
f 1199 1200 1201
f 1202 1169 1203
f 1204 1205 1206
f 1207 1208 1203
f 1209 1210 1211
f 1209 1211 1212
f 1212 1211 1213
f 1212 1213 1214
f 1214 1213 1215
f 1214 1215 1193
f 1193 1215 1216
f 1207 1217 1218
f 1208 1219 1220
f 1208 1220 1217
f 1217 1220 1218
f 1219 1208 1064
f 1064 1208 1207
f 1064 1207 1218
f 1198 1182 1221
f 1221 1182 1222
f 1223 1224 1225
f 1225 1224 1083
f 1225 1082 1226
f 1225 1226 1221
f 1198 1226 1224
f 1193 1227 1228
f 1227 1229 1214
f 1227 1214 1230
f 1228 1230 1193
f 1193 1230 1214
f 1231 1119 1232
f 1212 1233 1231
f 1231 1233 1117
f 1232 1119 1234
f 1232 1234 1214
f 1214 1234 1212
f 1212 1234 1233
f 1231 1232 1235
f 1235 1232 1236
f 1237 1238 1232
f 1235 1236 1239
f 1239 1236 1238
f 1239 1238 1237
f 1237 1240 1239
f 1239 1240 1241
f 1239 1241 1242
f 1242 1241 1243
f 1243 1241 1244
f 1243 1244 1237
f 1237 1244 1240
f 1242 1095 1245
f 1245 1095 1147
f 1246 1147 1247
f 1246 1247 1243
f 1243 1247 1095
f 1243 1095 1242
f 1190 1248 1249
f 1249 1248 1250
f 1249 1250 1251
f 1252 1253 1246
f 1246 1253 1190
f 1246 1190 1147
f 1147 1190 1245
f 1251 1254 1142
f 1251 1142 1249
f 1249 1142 1255
f 1255 1254 1251
f 1251 1256 1255
f 1257 1251 1206
f 1257 1206 1258
f 1256 1251 1258
f 1256 1258 1206
f 1259 1068 1206
f 1207 1206 1260
f 1217 1207 1260
f 1217 1260 1205
f 1205 1260 1261
f 1205 1261 1259
f 1205 1259 1206
f 1262 1263 1208
f 1208 1263 1203
f 1203 1263 1264
f 1262 1265 1264
f 1264 1265 1266
f 1266 1265 1267
f 1267 1268 1221
f 1221 1268 1262
f 1262 1268 1265
f 1266 1267 1221
f 1266 1221 1183
f 1183 1182 1198
f 1269 1223 1270
f 1269 1270 1229
f 1229 1270 1214
f 1214 1270 1271
f 1225 1272 1223
f 1223 1272 1270
f 1214 1271 1225
f 1225 1271 1272
f 1221 1226 1198
f 1204 1206 1273
f 1273 1206 1251
f 1273 1251 1252
f 1252 1251 1250
f 1252 1250 1253
f 1221 1222 1183
f 1083 1082 1225
f 1210 1193 1216
f 1274 1275 1276
f 1277 1275 1274
f 1277 1246 1278
f 1278 1246 1279
f 1243 1280 1281
f 1280 1243 1282
f 1283 1284 1285
f 1285 1284 1282
f 1285 1282 1243
f 1283 1286 1284
f 1287 1288 1289
f 1288 1287 1290
f 1290 1287 1291
f 1290 1291 1292
f 1292 1291 1293
f 1292 1293 1294
f 1294 1293 1295
f 1294 1295 1296
f 1225 1297 1296
f 1225 1296 1295
f 1297 1225 1221
f 1297 1221 1298
f 1299 1298 1221
f 1300 1301 1302
f 1301 1300 1303
f 1301 1303 1304
f 1304 1303 1305
f 1305 1303 1306
f 1306 1208 1305
f 1305 1208 1307
f 1307 1208 1308
f 1309 1310 1308
f 1309 1308 1208
f 1310 1309 1217
f 1310 1217 1311
f 1312 1313 1314
f 1314 1315 1316
f 1316 1315 1276
f 1276 1315 1274
f 1317 1318 1288
f 1288 1318 1319
f 1319 1318 1284
f 1284 1318 1320
f 1284 1320 1321
f 1317 1288 1322
f 1323 1322 1324
f 1323 1324 1325
f 1325 1324 1296
f 1325 1326 1327
f 1327 1326 1321
f 1327 1321 1320
f 1321 1328 1284
f 1284 1328 1329
f 1330 1331 1332
f 1284 1329 1333
f 1333 1329 1334
f 1333 1334 1281
f 1281 1334 1335
f 1281 1335 1279
f 1279 1335 1336
f 1279 1336 1278
f 1278 1336 1330
f 1278 1330 1275
f 1321 1337 1328
f 1328 1337 1331
f 1331 1337 1332
f 1338 1339 1340
f 1338 1307 1339
f 1339 1307 1341
f 1330 1332 1275
f 1275 1332 1342
f 1332 1343 1342
f 1342 1343 1344
f 1344 1343 1339
f 1339 1343 1340
f 1345 1311 1346
f 1346 1311 1314
f 1346 1314 1347
f 1346 1347 1342
f 1342 1347 1275
f 1311 1345 1341
f 1311 1341 1310
f 1310 1341 1307
f 1348 1349 1350
f 1351 1338 1350
f 1351 1350 1352
f 1352 1350 1349
f 1338 1351 1307
f 1307 1351 1353
f 1353 1351 1354
f 1353 1354 1302
f 1302 1354 1355
f 1302 1355 1356
f 1356 1355 1093
f 1356 1093 1357
f 1356 1357 1358
f 1358 1357 1359
f 1358 1359 1296
f 1296 1359 1349
f 1296 1349 1348
f 1296 1348 1325
f 1325 1348 1326
f 1136 1360 1361
f 1136 1139 1360
f 1108 1340 1362
f 1363 1338 1108
f 1108 1338 1340
f 1364 1338 1363
f 1129 1348 1365
f 1366 1348 1129
f 1367 1348 1366
f 1130 1368 1326
f 1130 1326 1367
f 1369 1321 1370
f 1370 1321 1368
f 1132 1371 1369
f 1103 1332 1372
f 1373 1361 1332
f 1373 1332 1103
f 1087 1357 1086
f 1086 1357 1093
f 1093 1355 1085
f 1085 1355 1092
f 1092 1355 1354
f 1092 1354 1091
f 1091 1354 1351
f 1091 1351 1090
f 1090 1351 1352
f 1090 1352 1089
f 1089 1352 1349
f 1089 1349 1088
f 1088 1349 1359
f 1088 1359 1087
f 1087 1359 1357
f 1100 1328 1104
f 1104 1328 1331
f 1104 1331 1102
f 1102 1331 1330
f 1102 1330 1078
f 1078 1330 1336
f 1078 1336 1076
f 1076 1336 1335
f 1076 1335 1077
f 1077 1335 1334
f 1077 1334 1099
f 1099 1334 1100
f 1100 1334 1329
f 1100 1329 1328
f 1109 1339 1110
f 1110 1339 1341
f 1110 1341 1106
f 1106 1341 1107
f 1107 1341 1345
f 1107 1345 1105
f 1105 1345 1137
f 1137 1345 1346
f 1137 1346 1138
f 1138 1346 1342
f 1138 1342 1140
f 1140 1342 1344
f 1140 1344 1109
f 1109 1344 1339
f 1116 1322 1323
f 1116 1323 1127
f 1127 1323 1325
f 1127 1325 1126
f 1126 1325 1327
f 1126 1327 1125
f 1125 1327 1124
f 1124 1327 1320
f 1124 1320 1123
f 1123 1320 1318
f 1123 1318 1075
f 1075 1318 1317
f 1075 1317 1073
f 1073 1317 1116
f 1116 1317 1322
f 1147 1098 1247
f 1247 1098 1097
f 1247 1097 1096
f 1247 1096 1095
f 1095 1094 1147
f 1213 1111 1215
f 1215 1111 1115
f 1215 1115 1216
f 1216 1115 1187
f 1216 1187 1210
f 1210 1187 1114
f 1210 1114 1113
f 1210 1113 1211
f 1211 1113 1112
f 1211 1112 1213
f 1213 1112 1111
f 1119 1118 1234
f 1234 1118 1122
f 1234 1122 1121
f 1234 1121 1233
f 1233 1121 1120
f 1233 1120 1117
f 1231 1117 1119
f 1250 1144 1253
f 1253 1144 1189
f 1253 1189 1190
f 1190 1189 1188
f 1190 1188 1248
f 1248 1188 1250
f 1250 1188 1144
f 1206 1068 1185
f 1206 1185 1260
f 1260 1185 1184
f 1260 1184 1261
f 1261 1184 1186
f 1261 1186 1259
f 1259 1186 1068
f 1218 1065 1064
f 1064 1066 1219
f 1219 1066 1178
f 1219 1178 1220
f 1220 1178 1177
f 1220 1177 1218
f 1218 1177 1065
f 1222 1179 1183
f 1182 1181 1222
f 1222 1181 1180
f 1222 1180 1179
f 1226 1080 1084
f 1226 1084 1224
f 1224 1084 1083
f 1083 1079 1082
f 1082 1081 1226
f 1226 1081 1080
f 1152 1374 1155
f 1374 1156 1155
f 1156 1209 1151
f 1209 1212 1151
f 1151 1212 1231
f 1231 1235 1151
f 1235 1072 1151
f 1239 1375 1072
f 1072 1375 1146
f 1146 1242 1245
f 1146 1245 1192
f 1146 1192 1145
f 1192 1191 1145
f 1145 1191 1376
f 1145 1376 1143
f 1143 1376 1377
f 1143 1377 1378
f 1143 1378 1379
f 1379 1378 1176
f 1176 1378 1380
f 1176 1380 1069
f 1069 1380 1381
f 1381 1382 1069
f 1069 1382 1067
f 1382 1383 1067
f 1383 1384 1067
f 1067 1384 1172
f 1167 1169 1202
f 1167 1202 1385
f 1167 1385 1386
f 1167 1386 1163
f 1163 1386 1201
f 1163 1201 1200
f 1163 1200 1161
f 1161 1200 1197
f 1197 1196 1161
f 1161 1196 1162
f 1162 1195 1159
f 1195 1223 1159
f 1159 1223 1194
f 1159 1194 1152
f 1242 1146 1375
f 1242 1375 1239
f 1239 1072 1235
f 1209 1156 1210
f 1210 1156 1374
f 1210 1374 1193
f 1193 1374 1152
f 1227 1193 1387
f 1227 1387 1269
f 1223 1269 1194
f 1194 1269 1387
f 1198 1224 1196
f 1196 1224 1195
f 1195 1224 1223
f 1199 1183 1198
f 1385 1266 1386
f 1386 1266 1201
f 1201 1266 1183
f 1201 1183 1199
f 1385 1264 1266
f 1203 1264 1202
f 1202 1264 1385
f 1192 1245 1190
f 1190 1249 1191
f 1191 1249 1376
f 1376 1249 1255
f 1376 1255 1377
f 1377 1255 1256
f 1377 1256 1378
f 1378 1256 1380
f 1380 1256 1381
f 1381 1256 1206
f 1381 1206 1382
f 1382 1206 1383
f 1383 1206 1207
f 1383 1207 1384
f 1384 1207 1172
f 1172 1207 1169
f 1169 1207 1203
f 1326 1348 1367
f 1326 1368 1321
f 1321 1369 1371
f 1321 1371 1337
f 1371 1132 1337
f 1337 1132 1134
f 1337 1134 1135
f 1337 1135 1372
f 1337 1372 1332
f 1332 1361 1343
f 1343 1361 1360
f 1343 1360 1139
f 1362 1340 1343
f 1343 1139 1362
f 1350 1338 1364
f 1350 1364 1388
f 1350 1388 1389
f 1350 1389 1390
f 1350 1390 1365
f 1365 1348 1350
f 1362 1139 1108
f 1363 1108 1128
f 1363 1128 1364
f 1364 1128 1388
f 1388 1128 1389
f 1389 1128 1129
f 1389 1129 1390
f 1390 1129 1365
f 1129 1130 1366
f 1366 1130 1367
f 1368 1130 1370
f 1370 1130 1132
f 1370 1132 1369
f 1372 1135 1103
f 1373 1103 1136
f 1373 1136 1361
f 1304 1353 1301
f 1301 1353 1302
f 1302 1356 1391
f 1391 1356 1299
f 1299 1356 1298
f 1298 1356 1358
f 1298 1358 1297
f 1297 1358 1296
f 1294 1296 1324
f 1294 1324 1292
f 1292 1324 1290
f 1290 1324 1322
f 1290 1322 1288
f 1289 1288 1392
f 1392 1288 1319
f 1319 1284 1286
f 1282 1284 1333
f 1282 1333 1280
f 1280 1333 1281
f 1393 1281 1279
f 1277 1278 1275
f 1276 1275 1347
f 1276 1347 1316
f 1316 1347 1314
f 1312 1314 1311
f 1308 1310 1307
f 1305 1307 1304
f 1304 1307 1353
f 1392 1319 1283
f 1319 1286 1283
f 1315 1314 1313
f 1312 1311 1217
f 1300 1302 1391
f 1279 1246 1393
f 1393 1246 1281
f 1281 1246 1243
f 1285 1243 1237
f 1285 1237 1283
f 1283 1237 1232
f 1283 1232 1392
f 1392 1232 1289
f 1289 1232 1214
f 1289 1214 1287
f 1287 1214 1291
f 1291 1214 1293
f 1293 1214 1295
f 1295 1214 1225
f 1299 1221 1391
f 1391 1221 1300
f 1300 1221 1262
f 1300 1262 1303
f 1303 1262 1306
f 1306 1262 1208
f 1309 1208 1217
f 1217 1205 1312
f 1312 1205 1313
f 1313 1205 1315
f 1315 1205 1204
f 1315 1204 1274
f 1274 1204 1252
f 1274 1252 1277
f 1277 1252 1246
f 1148 1240 1149
f 1149 1240 1244
f 1149 1244 1133
f 1133 1244 1241
f 1133 1241 1148
f 1148 1241 1240
f 1150 1232 1070
f 1070 1232 1238
f 1070 1238 1071
f 1071 1238 1236
f 1071 1236 1150
f 1150 1236 1232
f 1160 1272 1157
f 1157 1272 1271
f 1157 1271 1158
f 1158 1271 1270
f 1158 1270 1160
f 1160 1270 1272
f 1170 1263 1171
f 1171 1263 1262
f 1171 1262 1168
f 1168 1262 1264
f 1168 1264 1170
f 1170 1264 1263
f 1141 1142 1254
f 1141 1254 1101
f 1101 1254 1255
f 1101 1255 1142
f 1154 1227 1131
f 1131 1227 1230
f 1131 1230 1153
f 1153 1230 1228
f 1153 1228 1154
f 1154 1228 1227
f 1166 1265 1268
f 1166 1268 1164
f 1164 1268 1267
f 1164 1267 1165
f 1165 1267 1265
f 1165 1265 1166
f 1173 1251 1257
f 1173 1257 1174
f 1174 1257 1258
f 1174 1258 1175
f 1175 1258 1251
f 1175 1251 1173
f 1394 1395 1396
f 1396 1395 1397
f 1397 1395 1398
f 1398 1399 1397
f 1400 1401 1402
f 1402 1401 1403
f 1403 1401 1404
f 1403 1404 1405
f 1401 1400 1398
f 1398 1400 1399
f 1405 1404 1406
f 1405 1406 1407
f 1407 1406 1394
f 1408 1409 1410
f 1410 1409 1411
f 1410 1411 1412
f 1408 1413 1409
f 1409 1413 1414
f 1415 1409 1414
f 1416 1417 1418
f 1403 1419 1402
f 1418 1417 1400
f 1418 1400 1420
f 1420 1400 1402
f 1420 1402 1419
f 1416 1421 1422
f 1423 1422 1421
f 1423 1424 1422
f 1411 1409 1423
f 1423 1409 1424
f 1416 1425 1417
f 1417 1425 1399
f 1425 1426 1427
f 1426 1428 1427
f 1428 1426 1396
f 1396 1426 1394
f 1429 1430 1431
f 1431 1432 1429
f 1429 1432 1412
f 1433 1429 1412
f 1429 1433 1434
f 1434 1433 1411
f 1434 1411 1423
f 1435 1436 1437
f 1407 1394 1437
f 1426 1437 1394
f 1437 1426 1435
f 1405 1407 1438
f 1438 1439 1405
f 1405 1439 1403
f 1403 1439 1419
f 281 283 284
f 270 1421 1420
f 1421 1416 1420
f 1420 1416 1418
f 1420 1419 284
f 286 1420 285
f 1423 1421 268
f 268 1421 270
f 293 292 1437
f 1420 272 271
f 271 272 273
f 269 268 271
f 271 268 270
f 271 270 1420
f 1439 264 281
f 263 284 264
f 264 284 283
f 264 283 281
f 272 1420 273
f 273 1420 286
f 273 286 263
f 263 286 285
f 285 1420 263
f 263 1420 284
f 267 266 1436
f 266 274 1436
f 1436 274 275
f 1436 275 1437
f 1437 275 295
f 1437 295 293
f 289 1437 290
f 290 1437 292
f 267 1436 1440
f 267 1440 1430
f 1437 289 288
f 1437 288 1439
f 1439 288 287
f 1439 287 282
f 1439 282 265
f 1439 265 264
f 264 265 280
f 264 280 278
f 278 280 279
f 278 279 276
f 276 279 277
f 276 277 295
f 295 277 294
f 295 294 293
f 269 267 268
f 268 267 1430
f 268 1430 1429
f 1438 1407 1437
f 1438 1437 1439
f 1439 284 1419
f 284 1439 281
f 1434 1423 1429
f 1429 1423 268
f 1435 1426 1415
f 1435 1415 1414
f 1435 1414 1436
f 1436 1414 1413
f 1436 1413 1440
f 1440 1413 1408
f 1440 1408 1430
f 1410 1412 1432
f 1410 1432 1431
f 1410 1431 1408
f 1408 1431 1430
f 1433 1412 1411
f 1415 1426 1425
f 1424 1415 1422
f 1422 1425 1416
f 1425 1422 1415
f 277 1441 294
f 294 1441 1442
f 294 1442 293
f 293 1442 292
f 292 1442 290
f 290 1442 1443
f 290 1443 289
f 289 1443 288
f 288 1443 287
f 287 1443 282
f 282 1443 265
f 265 1443 1444
f 265 1444 280
f 280 1444 1441
f 280 1441 279
f 279 1441 277
f 1443 1445 1444
f 1444 1445 1446
f 1444 1446 1441
f 1442 1447 1448
f 1442 1448 1443
f 1446 1449 1441
f 1441 1449 1442
f 1442 1449 1447
f 1448 1450 1443
f 1443 1450 1445
f 1449 1395 1447
f 1447 1395 1394
f 1447 1394 1448
f 1448 1394 1406
f 1448 1406 1450
f 1450 1406 1404
f 1450 1404 1445
f 1445 1404 1401
f 1445 1401 1446
f 1446 1401 1398
f 1446 1398 1449
f 1449 1398 1395
f 266 1451 274
f 274 1451 275
f 275 1451 295
f 295 1451 276
f 276 1451 1452
f 276 1452 278
f 278 1452 264
f 264 1452 263
f 263 1452 1453
f 263 1453 273
f 273 1453 271
f 271 1453 269
f 269 1453 267
f 267 1453 1451
f 267 1451 266
f 1453 1454 1455
f 1453 1455 1451
f 1451 1428 1452
f 1452 1428 1456
f 1451 1455 1427
f 1451 1427 1428
f 1452 1456 1457
f 1452 1457 1453
f 1453 1457 1454
f 1425 1454 1399
f 1399 1454 1457
f 1428 1396 1456
f 1425 1427 1455
f 1454 1425 1455
f 1456 1396 1397
f 1456 1397 1457
f 1457 1397 1399
f 1415 1424 1409
f 1417 1399 1400
f 1458 1459 1460
f 1458 1460 1461
f 1462 1459 1463
f 1462 1460 1459
f 1461 1460 1462
f 1463 1458 1461
f 1463 1464 1458
f 1459 1464 1463
f 1461 1465 1463
f 1463 1465 1466
f 1463 1466 1462
f 1462 1466 1467
f 1462 1467 1461
f 1461 1467 1465
f 1467 1466 1465
f 1459 1458 1464
f 1468 1469 1470
f 1471 1470 1472
f 1471 1473 1468
f 1472 1474 1471
f 1471 1474 1473
f 1475 1476 1473
f 1475 1473 1477
f 1478 1479 1475
f 1475 1479 1476
f 1478 1472 1479
f 1474 1478 1477
f 1469 1468 1476
f 1469 1476 1479
f 1470 1479 1472
f 1468 1475 1477
f 1468 1477 1471
f 1471 1477 1478
f 1471 1478 1470
f 1470 1478 1475
f 1470 1475 1468
f 1476 1468 1473
f 1477 1473 1474
f 1469 1479 1470
f 1472 1478 1474
f 1480 1481 1482
f 1482 1483 1484
f 1483 1485 1484
f 1483 1481 1485
f 1481 1480 1486
f 1482 1487 1480
f 1487 1482 1484
f 1488 1487 1484
f 1487 1486 1480
f 1489 1481 1486
f 1488 1484 1485
f 1488 1485 1489
f 1489 1485 1481
f 1486 1490 1491
f 1486 1491 1489
f 1489 1491 1492
f 1489 1492 1488
f 1488 1492 1493
f 1488 1493 1487
f 1487 1493 1490
f 1487 1490 1486
f 1483 1482 1481
f 1490 1494 1491
f 1491 1494 1492
f 1492 1494 1493
f 1493 1494 1490
f 1495 1496 1497
f 1497 1498 1495
f 1499 1496 1500
f 1498 1496 1499
f 1495 1500 1496
f 1498 1500 1495
f 1498 1499 1500
f 1496 1498 1497
f 1501 1502 1503
f 1503 1502 1504
f 1504 1502 1505
f 1506 1505 1507
f 1507 1505 1502
f 1507 1502 1508
f 1508 1502 1501
f 1508 1501 1509
f 1509 1501 1510
f 1510 1501 1503
f 1510 1503 1511
f 1511 1503 1512
f 1512 1503 1513
f 1513 1503 1514
f 1514 1503 1504
f 1514 1504 1515
f 1515 1504 1516
f 1516 1504 1517
f 1517 1504 1505
f 1517 1505 1506
f 1518 1513 1519
f 1519 1513 1514
f 1519 1514 1520
f 1520 1514 1515
f 1520 1515 1521
f 1521 1515 1516
f 1521 1516 1522
f 1522 1516 1517
f 1522 1517 1523
f 1523 1517 1506
f 1523 1506 1524
f 1524 1506 1507
f 1524 1507 1525
f 1525 1507 1508
f 1525 1508 1526
f 1526 1508 1509
f 1526 1509 1527
f 1527 1509 1510
f 1527 1510 1528
f 1528 1510 1511
f 1528 1511 1529
f 1529 1511 1512
f 1529 1512 1518
f 1518 1512 1513
f 1518 1530 1529
f 1529 1530 1531
f 1529 1531 1528
f 1528 1531 1532
f 1528 1532 1527
f 1527 1532 1526
f 1526 1532 1525
f 1525 1532 1524
f 1522 1523 1533
f 1522 1533 1521
f 1521 1533 1520
f 1520 1533 1530
f 1520 1530 1519
f 1519 1530 1518
f 1532 1534 1524
f 1524 1534 1523
f 1523 1534 1533
f 1535 1534 1532
f 1530 1535 1531
f 1531 1535 1532
f 1534 1535 1533
f 1533 1535 1530
f 1536 1537 1538
f 1537 1536 1539
f 1540 1541 1542
f 1540 1542 1539
f 1543 1541 1540
f 1543 1538 1541
f 1543 1536 1538
f 1536 1544 1545
f 1536 1545 1539
f 1539 1545 1540
f 1540 1545 1546
f 1540 1546 1547
f 1540 1547 1543
f 1543 1547 1548
f 1543 1548 1549
f 1543 1549 1536
f 1536 1549 1544
f 1546 1542 1547
f 1544 1537 1545
f 1537 1550 1545
f 1545 1550 1546
f 1546 1550 1539
f 1546 1539 1542
f 1547 1542 1541
f 1547 1541 1548
f 1548 1541 1549
f 1549 1541 1538
f 1549 1538 1544
f 1537 1544 1538
f 1539 1550 1537
f 1551 1552 1553
f 1551 1554 1552
f 1553 1552 1555
f 1554 1555 1552
f 1556 1554 1551
f 1551 1557 1556
f 1557 1551 1553
f 1557 1553 1555
f 1557 1558 1556
f 1556 1558 1559
f 1556 1559 1554
f 1554 1559 1560
f 1554 1560 1555
f 1555 1560 1561
f 1555 1561 1557
f 1561 1558 1557
f 1559 1558 1560
f 1560 1558 1561
f 1562 1563 1564
f 1564 1563 1565
f 1566 1567 1562
f 1564 1565 1566
f 1568 1562 1564
f 1568 1564 1569
f 1569 1564 1566
f 1569 1566 1570
f 1570 1566 1568
f 1568 1566 1562
f 1569 1570 1565
f 1568 1563 1567
f 1568 1569 1563
f 1568 1567 1570
f 1570 1567 1565
f 1563 1569 1565
f 1566 1565 1567
f 1562 1567 1563
f 1571 1572 1573
f 1573 1572 1574
f 1571 1575 1572
f 1576 1575 1571
f 1573 1574 1576
f 1576 1574 1575
f 1577 1571 1573
f 1577 1573 1578
f 1578 1573 1576
f 1576 1571 1577
f 1576 1577 1579
f 1576 1579 1578
f 1578 1572 1577
f 1572 1578 1574
f 1574 1578 1579
f 1574 1579 1575
f 1575 1579 1577
f 1575 1577 1572
f 1580 1581 1582
f 1581 1583 1582
f 1582 1583 1584
f 1585 1580 1582
f 1586 1587 1588
f 1588 1587 1589
f 1588 1589 1590
f 1589 1591 1592
f 1589 1592 1590
f 1586 1593 1587
f 1594 1585 1595
f 1585 1594 382
f 1585 382 1580
f 1596 1580 382
f 1594 1595 1597
f 1594 1597 1598
f 1598 1597 1589
f 1598 1589 1587
f 1595 1599 1600
f 1595 1601 1599
f 1602 1603 1604
f 1603 1602 1593
f 1593 1602 1605
f 1605 1598 1587
f 1584 1606 1582
f 1582 1606 1601
f 1599 1601 1606
f 1607 1599 1606
f 1607 1606 1608
f 1580 1596 1609
f 1580 1609 1581
f 1581 1609 1610
f 1581 1610 1583
f 1583 1610 1611
f 1606 1584 1611
f 1611 1584 1583
f 371 1612 381
f 1612 1596 382
f 381 1612 382
f 382 1594 376
f 375 376 1602
f 1602 376 1594
f 1602 1594 1598
f 1613 1614 1608
f 382 376 1615
f 1606 1616 1617
f 1606 1617 1608
f 1608 1617 1618
f 1608 1614 1619
f 1620 376 1614
f 1614 376 375
f 376 1620 1615
f 1618 1621 1608
f 1608 1621 1613
f 1622 1609 1612
f 1622 1612 1615
f 1615 1612 371
f 1615 1620 1618
f 1618 1620 1621
f 1616 1606 1609
f 1616 1609 1622
f 1619 1614 1623
f 1623 1614 375
f 1623 375 1604
f 1604 375 1602
f 371 381 1615
f 1615 381 382
f 1606 1611 1610
f 1606 1610 1609
f 1609 1596 1612
f 1598 1605 1602
f 1593 1586 1603
f 1603 1586 1588
f 1603 1588 1604
f 1604 1588 1590
f 1604 1590 1623
f 1623 1590 1592
f 1623 1592 1619
f 1591 1607 1592
f 1592 1607 1608
f 1592 1608 1619
f 1591 1599 1607
f 1587 1593 1605
f 1595 1600 1597
f 1597 1600 1589
f 1624 1625 1626
f 1627 1624 1626
f 1624 1614 1625
f 1625 1614 1613
f 1625 1613 1621
f 1625 1621 1626
f 1626 1621 1620
f 1626 1620 1627
f 1627 1620 1624
f 1624 1620 1614
f 1628 1629 1630
f 1628 1618 1629
f 1629 1618 1617
f 1629 1617 1616
f 1629 1616 1630
f 1630 1616 1622
f 1630 1622 1628
f 1628 1622 1615
f 1628 1615 1618
f 1600 1599 1591
f 1600 1591 1589
f 1585 1582 1601
f 1585 1601 1595
f 1631 1632 1633
f 1632 1634 1635
f 1636 1631 1633
f 1636 1633 1637
f 1638 1637 1633
f 1632 1639 1634
f 1631 1639 1632
f 1631 1636 1640
f 1637 1640 1636
f 1637 1641 1640
f 1637 1638 1641
f 1641 1638 1642
f 1635 1643 1638
f 1638 1643 1642
f 1635 1634 1643
f 1644 1640 1645
f 1645 1640 1641
f 1645 1641 1646
f 1644 1631 1640
f 1644 1639 1631
f 1647 1639 1644
f 1641 1642 1646
f 1647 1643 1634
f 1647 1634 1639
f 1646 1642 1648
f 1648 1642 1643
f 1648 1643 1647
f 1647 1649 1648
f 1648 1649 1650
f 1648 1650 1646
f 1646 1650 1645
f 1645 1650 1651
f 1645 1651 1644
f 1644 1651 1652
f 1644 1652 1647
f 1647 1652 1649
f 1633 1632 1653
f 1653 1632 1635
f 1650 1649 1651
f 1651 1649 1652
f 1654 1635 1638
f 1638 1633 1655
f 1633 1653 1655
f 1653 1635 1654
f 1655 1654 1638
f 1654 1655 1653
f 1656 1657 1658
f 1659 1658 1660
f 1659 1661 1656
f 1660 1662 1659
f 1659 1662 1661
f 1663 1664 1661
f 1663 1661 1665
f 1666 1667 1663
f 1663 1667 1664
f 1666 1660 1667
f 1662 1666 1665
f 1657 1656 1664
f 1657 1664 1667
f 1658 1667 1660
f 1656 1663 1665
f 1656 1665 1659
f 1659 1665 1666
f 1659 1666 1658
f 1658 1666 1663
f 1658 1663 1656
f 1664 1656 1661
f 1665 1661 1662
f 1657 1667 1658
f 1660 1666 1662
f 1668 1669 1670
f 1671 1672 1673
f 1670 1673 1674
f 1675 1674 1673
f 1672 1675 1673
f 1676 1671 1673
f 1676 1669 1671
f 1676 1670 1669
f 1670 1674 1668
f 1675 1677 1674
f 1675 1678 1677
f 1675 1672 1678
f 1671 1678 1672
f 1669 1679 1671
f 1669 1668 1679
f 1680 1678 1671
f 1680 1671 1681
f 1682 1678 1680
f 1683 1677 1682
f 1682 1677 1678
f 1683 1674 1677
f 1671 1679 1681
f 1684 1668 1683
f 1683 1668 1674
f 1681 1679 1684
f 1684 1679 1668
f 1683 1685 1684
f 1684 1685 1686
f 1684 1686 1681
f 1681 1686 1680
f 1680 1687 1682
f 1682 1687 1683
f 1683 1687 1685
f 1680 1686 1687
f 1687 1686 1685
f 1676 1673 1688
f 1689 1676 1688
f 1673 1670 1688
f 1676 1689 1670
f 1689 1688 1670
f 1690 1691 1692
f 1690 1693 1691
f 1693 1690 1694
f 1692 1695 1696
f 1692 1691 1697
f 1693 1698 1691
f 1693 1699 1698
f 1694 1699 1693
f 1694 1700 1699
f 1700 1694 1696
f 1696 1701 1700
f 1701 1696 1695
f 1701 1695 1702
f 1695 1697 1702
f 1695 1692 1697
f 1703 1699 1700
f 1703 1700 1704
f 1703 1698 1699
f 1705 1697 1691
f 1705 1691 1698
f 1704 1700 1701
f 1704 1701 1706
f 1706 1701 1702
f 1706 1702 1705
f 1705 1702 1697
f 1705 1707 1708
f 1705 1708 1706
f 1706 1708 1704
f 1704 1709 1703
f 1703 1709 1698
f 1698 1709 1710
f 1698 1710 1705
f 1705 1710 1707
f 1707 1710 1708
f 1708 1710 1704
f 1704 1710 1709
f 1696 1711 1692
f 1696 1694 1712
f 1690 1712 1694
f 1690 1692 1713
f 1711 1713 1692
f 1711 1696 1712
f 1711 1690 1713
f 1711 1712 1690
f 1714 1715 1716
f 1716 1715 1717
f 1716 1717 1718
f 1714 1719 1715
f 1720 1721 1718
f 1718 1721 1722
f 1718 1722 1723
f 1718 1723 1716
f 1716 1723 1714
f 1714 1723 1724
f 1714 1724 1719
f 1719 1724 1725
f 1719 1725 1720
f 1720 1725 1721
f 1724 1726 1725
f 1721 1727 1722
f 1722 1727 1728
f 1722 1728 1723
f 1726 1729 1725
f 1725 1729 1721
f 1721 1729 1730
f 1721 1730 1727
f 1730 1731 1720
f 1730 1720 1727
f 1727 1720 1718
f 1727 1718 1728
f 1728 1718 1717
f 1728 1717 1723
f 1723 1717 1715
f 1723 1715 1724
f 1724 1715 1726
f 1726 1715 1719
f 1726 1719 1729
f 1729 1719 1731
f 1729 1731 1730
f 1720 1731 1719
f 1732 1733 1734
f 1735 1733 1736
f 1735 1736 1734
f 1732 1734 1736
f 1733 1735 1734
f 1732 1736 1733
f 1737 1738 1739
f 1740 1741 1742
f 1742 1741 1743
f 1740 1744 1741
f 1744 1745 1746
f 1744 1746 1737
f 1737 1746 1747
f 1737 1747 1738
f 1738 1747 1748
f 1738 1748 1743
f 1743 1748 1742
f 1740 1742 1745
f 1740 1745 1744
f 1748 1739 1749
f 1748 1749 1742
f 1742 1749 1745
f 1747 1750 1748
f 1748 1750 1739
f 1746 1741 1751
f 1746 1751 1747
f 1747 1751 1750
f 1746 1745 1741
f 1741 1744 1751
f 1751 1744 1737
f 1751 1737 1750
f 1750 1737 1739
f 1739 1743 1749
f 1749 1743 1752
f 1749 1752 1745
f 1745 1752 1741
f 1741 1752 1743
f 1743 1739 1738
f 1753 1754 1755
f 1756 1755 1754
f 1757 1758 1753
f 1756 1759 1760
f 1761 1759 1756
f 1759 1761 1762
f 1762 1761 1763
f 1763 1761 1758
f 1763 1758 1757
f 1753 1764 1757
f 1764 1753 1755
f 1764 1755 1765
f 1765 1755 1760
f 1760 1755 1756
f 1766 1763 1767
f 1768 1759 1762
f 1768 1762 1766
f 1766 1762 1763
f 1769 1760 1768
f 1768 1760 1759
f 1763 1757 1767
f 1767 1757 1764
f 1767 1764 1770
f 1769 1765 1760
f 1770 1764 1765
f 1770 1765 1769
f 1769 1771 1772
f 1769 1772 1770
f 1770 1772 1773
f 1770 1773 1767
f 1767 1773 1774
f 1767 1774 1766
f 1768 1766 1775
f 1768 1775 1771
f 1768 1771 1769
f 1758 1756 1754
f 1758 1761 1756
f 1776 1753 1758
f 1754 1753 1776
f 1772 1771 1773
f 1773 1771 1774
f 1774 1771 1766
f 1766 1771 1775
f 1777 1776 1758
f 1758 1754 1777
f 1777 1754 1778
f 1776 1778 1754
f 1776 1777 1778
f 1779 1780 1781
f 1781 1780 1782
f 1781 1782 1783
f 1783 1782 1784
f 1783 1784 1785
f 1785 1786 1783
f 1783 1786 1787
f 1783 1787 1781
f 1781 1787 1788
f 1781 1788 1779
f 1779 1788 1789
f 1779 1789 1790
f 1779 1790 1791
f 1791 1790 1785
f 1785 1790 1786
f 1790 1792 1793
f 1790 1793 1786
f 1789 1792 1790
f 1786 1794 1787
f 1787 1794 1780
f 1787 1780 1788
f 1788 1780 1795
f 1788 1795 1789
f 1789 1795 1792
f 1792 1795 1791
f 1792 1785 1793
f 1793 1785 1784
f 1793 1784 1786
f 1786 1784 1794
f 1794 1782 1780
f 1782 1794 1784
f 1785 1792 1791
f 1779 1791 1795
f 1780 1779 1795
f 1796 1797 1798
f 1796 1799 1797
f 1800 1801 1796
f 1796 1801 1799
f 1800 1802 1801
f 1802 1800 1803
f 1798 1803 1800
f 1797 1804 1798
f 1804 1797 1799
f 1805 1799 1801
f 1805 1801 1802
f 1806 1799 1805
f 1803 1798 1804
f 1806 1804 1799
f 1805 1807 1806
f 1806 1807 1808
f 1806 1808 1804
f 1804 1808 1809
f 1804 1809 1803
f 1803 1809 1810
f 1803 1810 1802
f 1802 1810 1807
f 1802 1807 1805
f 1807 1811 1808
f 1808 1811 1809
f 1809 1811 1810
f 1810 1811 1807
f 1798 1800 1796
f 1812 1813 1814
f 1813 1815 1816
f 1812 1817 1818
f 1814 1813 1816
f 1818 1819 1815
f 1819 1818 1820
f 1820 1818 1817
f 1817 1812 1814
f 1821 1814 1816
f 1821 1816 1822
f 1822 1816 1815
f 1823 1820 1817
f 1823 1817 1821
f 1821 1817 1814
f 1822 1815 1819
f 1819 1820 1823
f 1821 1824 1825
f 1821 1825 1823
f 1823 1825 1819
f 1819 1825 1826
f 1819 1826 1822
f 1822 1826 1824
f 1822 1824 1821
f 1813 1812 1818
f 1824 1826 1825
f 1815 1827 1818
f 1815 1813 1827
f 1813 1818 1827
f 1828 1829 1830
f 1831 1829 1832
f 1831 1830 1829
f 1830 1833 1828
f 1832 1829 1834
f 1834 1829 1828
f 1828 1833 1835
f 1831 1836 1835
f 1831 1835 1833
f 1836 1831 1832
f 1836 1832 1834
f 1834 1837 1838
f 1834 1838 1836
f 1836 1838 1835
f 1835 1839 1828
f 1828 1839 1837
f 1828 1837 1834
f 1835 1838 1839
f 1839 1838 1837
f 1830 1831 1833
f 1840 1841 1842
f 1840 1843 1844
f 1843 1840 1845
f 1842 1845 1840
f 1843 1845 1846
f 1842 1847 1845
f 1842 1848 1847
f 1841 1849 1848
f 1841 1848 1842
f 1849 1841 1850
f 1850 1841 1844
f 1850 1844 1846
f 1846 1844 1843
f 1850 1846 1847
f 1847 1846 1845
f 1850 1851 1849
f 1849 1851 1852
f 1849 1852 1848
f 1848 1852 1853
f 1848 1853 1854
f 1848 1854 1847
f 1847 1854 1850
f 1850 1854 1851
f 1851 1853 1852
f 1854 1853 1851
f 1841 1840 1844
f 1855 1856 1857
f 1857 1858 1859
f 1858 1857 1860
f 1857 1859 1855
f 1858 1861 1859
f 1861 1858 1862
f 1860 1862 1858
f 1862 1860 1863
f 1863 1860 1856
f 1863 1856 1864
f 1864 1856 1855
f 1865 1862 1866
f 1865 1861 1862
f 1867 1855 1859
f 1867 1859 1861
f 1864 1855 1867
f 1862 1863 1866
f 1867 1868 1864
f 1864 1868 1869
f 1864 1869 1863
f 1863 1869 1866
f 1865 1870 1861
f 1861 1870 1867
f 1869 1868 1866
f 1866 1868 1865
f 1865 1868 1870
f 1870 1868 1867
f 1856 1860 1857
f 1871 1872 1873
f 1874 1871 1873
f 1873 1872 1875
f 1876 1875 1872
f 1872 1871 1876
f 1871 1877 1878
f 1877 1871 1874
f 1878 1876 1871
f 1877 1874 1879
f 1879 1874 1873
f 1879 1873 1875
f 1879 1875 1880
f 1875 1876 1880
f 1880 1876 1878
f 1877 1881 1878
f 1878 1881 1882
f 1878 1882 1880
f 1880 1883 1879
f 1879 1883 1884
f 1879 1884 1877
f 1877 1884 1881
f 1881 1883 1882
f 1882 1883 1880
f 1884 1883 1881
f 1885 1886 1887
f 1887 1886 1888
f 1889 1885 1887
f 1890 1891 1887
f 1887 1891 1889
f 1888 1892 1890
f 1886 1892 1888
f 1893 1891 1894
f 1894 1890 1892
f 1894 1891 1890
f 1893 1889 1891
f 1895 1885 1893
f 1893 1885 1889
f 1895 1892 1886
f 1895 1886 1885
f 1893 1896 1895
f 1895 1896 1897
f 1895 1897 1892
f 1892 1897 1898
f 1892 1898 1894
f 1894 1898 1899
f 1894 1899 1893
f 1893 1899 1896
f 1897 1896 1898
f 1898 1896 1899
f 1887 1888 1890

