mtllib material.mtl
usemtl mtl_right_hip_z
v 0.00205550 0.01100000 -0.02099999
v 0.00205550 0.01100000 -0.08150000
v 0.00200000 0.01099974 -0.02099999
v -0.00164152 0.01100000 -0.08150000
v -0.00164253 0.01099949 -0.02099999
v 0.00200000 0.01099949 -0.01400000
v 0.00303835 0.01118491 -0.01400000
v 0.00500000 0.01399949 -0.01400000
v 0.00500000 0.01399949 -0.08150000
v 0.00481457 0.01296114 -0.01400000
v 0.00481457 0.01296114 -0.08150000
v 0.00412132 0.01187817 -0.01400000
v 0.00412132 0.01187817 -0.08150000
v 0.00303835 0.01118491 -0.08150000
v 0.01650000 -0.05075140 -0.09821021
v 0.01650000 -0.05281206 -0.09821021
v 0.01650000 -0.05085286 -0.09813321
v 0.01650000 -0.05408261 -0.09568288
v 0.01661044 -0.04238285 -0.10297875
v 0.01712933 -0.03080000 -0.10957887
v 0.01724124 -0.03080000 -0.11054493
v 0.01724124 -0.04661106 -0.11054493
v 0.01945428 -0.04049930 -0.12270212
v 0.01804483 -0.03080000 -0.11598237
v 0.02310728 -0.02500115 -0.13450679
v 0.02310728 -0.03456477 -0.13450679
v 0.02123230 -0.02521822 -0.12907214
v 0.01942672 -0.02548593 -0.12258928
v 0.01804483 -0.02576169 -0.11598237
v -0.00025552 -0.03080000 -0.10995373
v 0.00023179 -0.05382394 -0.09619742
v -0.00048365 -0.03080000 -0.11639380
v -0.00059410 -0.04210328 -0.11951157
v -0.00059410 -0.02570237 -0.11951157
v -0.00049240 -0.02581146 -0.11664061
v -0.00048365 -0.02582524 -0.11639380
v 0.00476306 -0.02926129 -0.10522562
v 0.00491605 -0.03648952 -0.10090690
v 0.00349278 -0.02932360 -0.10537928
v 0.00359993 -0.03673047 -0.10096928
v 0.00230434 -0.02948269 -0.10584442
v 0.00247269 -0.03743676 -0.10109203
v 0.00047414 -0.03004384 -0.10756869
v 0.00200021 -0.03814372 -0.10103182
v 0.00047033 -0.05488201 -0.09409276
v 0.00102060 -0.05586238 -0.09214266
v 0.00184669 -0.03873042 -0.10082678
v 0.00186117 -0.03914180 -0.10057572
v 0.00208874 -0.03963087 -0.10009605
v 0.00184653 -0.05670079 -0.09047493
v 0.00252544 -0.03992894 -0.09960300
v 0.00289400 -0.05734229 -0.08919890
v 0.00366923 -0.04011996 -0.09894490
v 0.00409432 -0.05774482 -0.08839822
v 0.00499327 -0.04013818 -0.09872691
v 0.00536882 -0.05788199 -0.08812536
v 0.01165546 -0.05788199 -0.08812536
v 0.01160730 -0.04013117 -0.09873109
v 0.01705379 -0.03064985 -0.10911064
v 0.01631914 -0.05492878 -0.09399974
v 0.01572920 -0.05602590 -0.09181740
v 0.01543913 -0.05636569 -0.09114151
v 0.01507939 -0.04060446 -0.10007322
v 0.01258496 -0.05780849 -0.08827156
v 0.01285705 -0.04013787 -0.09891126
v 0.01341444 -0.05761031 -0.08866578
v 0.01348928 -0.04013291 -0.09915578
v 0.01451653 -0.05710747 -0.08966599
v 0.01617482 -0.04142429 -0.10139460
v 0.01500427 -0.03964370 -0.10053650
v 0.01522272 -0.03861937 -0.10135125
v 0.01508885 -0.03807222 -0.10150916
v 0.01548055 -0.02975886 -0.10645113
v 0.01520968 -0.03916288 -0.10103253
v 0.01610213 -0.02998371 -0.10709900
v 0.01622111 -0.03003670 -0.10725451
v 0.01641840 -0.03013480 -0.10754474
v 0.01699841 -0.03057478 -0.10887844
v 0.01482093 -0.03755493 -0.10153621
v 0.01440610 -0.03708735 -0.10146137
v 0.01503529 -0.02963569 -0.10610699
v 0.01362908 -0.02937813 -0.10543626
v 0.01359584 -0.03659355 -0.10126521
v 0.01209359 -0.02926129 -0.10522562
v 0.01231545 -0.03629953 -0.10105982
v 0.01173439 -0.03628432 -0.10102951
v 0.01396815 -0.04010180 -0.09943278
v 0.01462324 -0.03993979 -0.10000637
v -0.00081301 0.03790824 -0.00922274
v -0.00081301 0.03268128 -0.00800000
v -0.00037749 0.03144174 -0.00800000
v 0.00005591 0.03780106 -0.00968095
v 0.00103057 0.03136180 -0.00834174
v 0.00103057 0.03776399 -0.00983941
v 0.00155485 0.02841878 -0.00800000
v 0.00157052 0.02840064 -0.00800000
v 0.00116763 0.02988214 -0.00808470
v 0.00062047 0.02963177 -0.00800000
v 0.00990176 0.03136180 -0.00834174
v 0.00815442 0.03397787 -0.00895372
v 0.00629984 0.03774177 -0.00983421
v 0.00629006 0.03776399 -0.00983941
v 0.00307418 0.04700000 -0.01739481
v 0.00325500 0.04723463 -0.01855786
v 0.00002144 0.04700000 -0.01739481
v -0.00001976 0.04723463 -0.01855786
v 0.00325500 0.06265374 -0.05521939
v -0.00131847 0.06265374 -0.05521939
v 0.01950000 0.06265374 -0.05521939
v 0.01574500 0.06265374 -0.05521939
v 0.01950000 0.05805966 -0.04429620
v 0.01574500 0.04910312 -0.02300053
v 0.01266406 0.06048964 -0.05612956
v 0.00539142 0.04434912 -0.01650604
v 0.00350088 0.04579805 -0.01589664
v 0.00256521 0.04700000 -0.01539114
v 0.01251420 0.04384576 -0.01671774
v 0.01455449 0.04496063 -0.01624885
v 0.01518157 0.04707356 -0.01980516
v 0.00517306 0.06106008 -0.05588965
v 0.00767002 0.04349783 -0.01686407
v 0.00884135 0.05991340 -0.05637192
v 0.01012146 0.04332459 -0.01693694
v 0.00884135 0.04332734 -0.01693578
v 0.01950000 -0.06386261 -0.05866773
v 0.01950000 -0.06498749 -0.06598355
v 0.01950000 0.04461535 -0.09580147
v 0.01950000 0.06406856 -0.07426748
v 0.01950000 0.06498281 -0.06786540
v 0.01950000 0.04632289 -0.09534393
v 0.01950000 0.06450378 -0.06141614
v 0.01950000 0.04569789 -0.09517646
v 0.01950000 0.06180351 -0.08032486
v 0.01950000 0.04678042 -0.09580147
v 0.01950000 0.05281206 -0.09821021
v 0.01950000 0.04694789 -0.09642646
v 0.01950000 0.04678042 -0.09705146
v 0.01950000 0.04507289 -0.09750899
v 0.01950000 -0.05281206 -0.09821021
v 0.01950000 0.04569789 -0.09767646
v 0.01950000 0.04632289 -0.09750899
v 0.01950000 0.04507289 -0.09534393
v 0.01950000 -0.05661958 -0.04429620
v 0.01950000 -0.06098076 -0.05185000
v 0.01950000 0.04461535 -0.09705146
v 0.01950000 0.04444789 -0.09642646
v 0.01950000 -0.06180351 -0.08032486
v 0.01950000 -0.06428690 -0.07335211
v 0.02506026 -0.00800000 -0.13820672
v 0.02711205 -0.01071843 -0.13647854
v 0.02504686 -0.00800000 -0.13856202
v 0.02785179 -0.01100000 -0.13826446
v 0.02508016 -0.00800000 -0.13941251
v 0.02530688 -0.00800000 -0.13612561
v 0.02558247 -0.00800000 -0.13450000
v 0.02629642 -0.00953643 -0.13444681
v 0.02570989 -0.00784027 -0.13353415
v 0.02574665 -0.00759791 -0.13299970
v 0.02527228 -0.00800000 -0.13635068
v 0.03347759 -0.01100000 -0.15184633
v 0.03070595 -0.00800000 -0.15299438
v 0.03347759 -0.02596545 -0.15184633
v 0.03225836 -0.02732748 -0.14890283
v 0.02711205 -0.03357351 -0.13647854
v 0.02508016 0.00800000 -0.13941251
v 0.02785179 0.01100000 -0.13826446
v 0.02505236 0.00800000 -0.13905758
v 0.02711205 0.01071843 -0.13647854
v 0.02506026 0.00800000 -0.13820672
v 0.02629633 0.00953627 -0.13444661
v 0.02574664 0.00759790 -0.13299969
v 0.02566929 0.00794364 -0.13392121
v 0.02558247 0.00800000 -0.13450000
v 0.02530685 0.00800000 -0.13612579
v 0.02527318 0.00800000 -0.13634467
v 0.03347759 0.01100000 -0.15184633
v 0.03070595 0.00800000 -0.15299438
v 0.02307888 -0.03948297 -0.12472375
v 0.02541554 -0.00679203 -0.13209404
v 0.02525834 -0.00594980 -0.13165432
v 0.02566451 -0.00745625 -0.13277756
v 0.02520371 -0.00500000 -0.13150001
v 0.02520371 0.00500000 -0.13150001
v 0.02307888 0.03948297 -0.12472375
v 0.02521688 0.00547149 -0.13153729
v 0.02533265 0.00643046 -0.13186300
v 0.02557232 0.00725926 -0.13252623
v 0.02711205 0.03357351 -0.13647854
v 0.02142147 -0.04300433 -0.11771924
v 0.02142147 0.04300433 -0.11771924
v 0.02027221 -0.04657651 -0.11061365
v 0.02027221 0.04657651 -0.11061365
v 0.03347759 0.02596545 -0.15184633
v 0.03225836 0.02732748 -0.14890283
v 0.03495353 0.01100000 -0.15813744
v 0.03434650 0.01100000 -0.16457079
v 0.03434650 0.02246321 -0.16457079
v 0.03491264 0.02300891 -0.16136730
v 0.03495353 0.02378030 -0.15813744
v 0.03446769 0.02478159 -0.15491642
v 0.02734783 0.02200000 -0.17523313
v 0.03110336 0.02200000 -0.17136094
v 0.03171987 0.01100000 -0.17047480
v 0.03171987 0.02200785 -0.17047480
v 0.03327173 0.02213918 -0.16763289
v 0.02734783 0.01100000 -0.17523313
v 0.02168678 0.01100000 -0.17834906
v 0.02168678 0.02200000 -0.17834906
v 0.01532770 0.01100000 -0.17949732
v 0.01532770 0.02200000 -0.17949732
v 0.00893440 0.01100000 -0.17855804
v 0.00893440 0.02200000 -0.17855804
v 0.00317431 0.01100000 -0.17562926
v 0.00317431 0.02200000 -0.17562926
v -0.00110336 0.02200000 -0.17136094
v -0.00135130 0.01100000 -0.17101674
v -0.00135145 0.02200119 -0.17101650
v -0.00299867 0.02209872 -0.16822053
v -0.00416997 0.01100000 -0.16520196
v -0.00416997 0.02238078 -0.16520196
v -0.00484212 0.02288255 -0.16200808
v -0.00498746 0.01100000 -0.15879196
v -0.00498746 0.02360557 -0.15879196
v -0.00198934 0.00800000 -0.15889816
v -0.00129447 0.00800000 -0.16434667
v 0.00110140 0.00800000 -0.16928922
v 0.00494816 0.00800000 -0.17320986
v 0.00984424 0.00800000 -0.17569932
v 0.01527854 0.00800000 -0.17649771
v 0.02068377 0.00800000 -0.17552170
v 0.02549565 0.00800000 -0.17287315
v 0.02921189 0.00800000 -0.16882858
v 0.03144453 0.00800000 -0.16381016
v 0.03196050 0.00800000 -0.15834183
v -0.00116091 0.00800000 -0.13551222
v -0.00415903 0.01100000 -0.13540600
v -0.00221633 0.01092006 -0.13119476
v -0.00221633 0.01200000 -0.13119476
v -0.00288185 0.01098024 -0.13191283
v -0.00323705 0.01200000 -0.13241656
v -0.00342477 0.01100000 -0.13273545
v -0.00390050 0.01200000 -0.13386379
v -0.00415903 0.01200000 -0.13540600
v -0.00415864 0.01201095 -0.13539506
v -0.00410195 0.01358404 -0.13379464
v -0.00408858 0.01393744 -0.13341720
v -0.00349739 0.01389719 -0.13225228
v -0.00242431 0.01389719 -0.13096780
v -0.00403450 0.01524795 -0.13189058
v -0.00275941 0.01500000 -0.13060211
v -0.00401716 0.01562029 -0.13140099
v -0.00302689 0.01559970 -0.13031019
v -0.00394310 0.01691308 -0.12931032
v -0.00051931 0.00796003 -0.13376644
v -0.00068671 0.00799012 -0.13394502
v -0.00079378 0.00800000 -0.13417692
v -0.00416997 -0.01100000 -0.16520196
v -0.00416997 -0.02238078 -0.16520196
v -0.00498746 -0.01100000 -0.15879196
v -0.00484146 -0.02288156 -0.16201325
v -0.00498746 -0.02360557 -0.15879196
v 0.00317431 -0.02200000 -0.17562926
v -0.00110336 -0.02200000 -0.17136094
v -0.00135130 -0.01100000 -0.17101674
v -0.00135130 -0.02200118 -0.17101674
v -0.00299692 -0.02209849 -0.16822416
v 0.00317431 -0.01100000 -0.17562926
v 0.00893440 -0.01100000 -0.17855804
v 0.00893440 -0.02200000 -0.17855804
v 0.01532770 -0.01100000 -0.17949732
v 0.01532770 -0.02200000 -0.17949732
v 0.02168678 -0.01100000 -0.17834906
v 0.02168678 -0.02200000 -0.17834906
v 0.02734783 -0.01100000 -0.17523313
v 0.02734783 -0.02200000 -0.17523313
v 0.03110336 -0.02200000 -0.17136094
v 0.03171987 -0.01100000 -0.17047480
v 0.03172034 -0.02200787 -0.17047407
v 0.03327414 -0.02213958 -0.16762748
v 0.03434650 -0.01100000 -0.16457079
v 0.03434650 -0.02246321 -0.16457079
v 0.03491338 -0.02301052 -0.16135940
v 0.03495353 -0.01100000 -0.15813744
v 0.03495353 -0.02378030 -0.15813744
v 0.03446468 -0.02478603 -0.15490368
v 0.02549743 -0.00800287 -0.17287542
v 0.02550000 -0.00800000 -0.17286974
v 0.02101810 -0.00900000 -0.17646416
v 0.02326393 -0.00900000 -0.17549086
v 0.02462347 -0.00867426 -0.17432457
v 0.01529493 -0.00900000 -0.17749758
v 0.00477117 -0.00826697 -0.17341112
v 0.00559122 -0.00877296 -0.17457823
v 0.00673607 -0.00900000 -0.17549086
v 0.00954096 -0.00900000 -0.17665222
v 0.02921189 -0.00800000 -0.16882858
v 0.03144453 -0.00800000 -0.16381016
v 0.03196050 -0.00800000 -0.15834183
v 0.00450000 -0.00800000 -0.17286974
v 0.00110140 -0.00800000 -0.16928922
v -0.00129447 -0.00800000 -0.16434667
v -0.00198934 -0.00800000 -0.15889816
v -0.00116091 -0.00800000 -0.13551222
v -0.00415903 -0.01100000 -0.13540600
v -0.00342477 -0.01100000 -0.13273545
v -0.00079378 -0.00800000 -0.13417692
v -0.00068671 -0.00799012 -0.13394502
v -0.00288185 -0.01098024 -0.13191283
v -0.00051931 -0.00796003 -0.13376644
v -0.00221633 -0.01092006 -0.13119476
v 0.00150178 0.00500000 -0.13150001
v 0.00150178 0.00500000 -0.12778774
v 0.00147576 0.00547745 -0.13153824
v 0.00122974 0.00706778 -0.12803701
v 0.00124957 0.00643197 -0.13186382
v 0.00044697 0.00888221 -0.12875429
v 0.00073164 0.00728192 -0.13255247
v -0.00075063 0.01022098 -0.12985168
v -0.00000076 0.00777798 -0.13336737
v 0.00150178 -0.00500000 -0.13150001
v 0.00150178 -0.00500000 -0.12778774
v -0.00000073 -0.00777791 -0.13336743
v -0.00075063 -0.01022098 -0.12985168
v 0.00016377 -0.00770460 -0.13320187
v 0.00141620 -0.00585784 -0.13162526
v 0.00117167 -0.00661634 -0.13197266
v 0.00044697 -0.00888221 -0.12875429
v 0.00089087 -0.00709210 -0.13234986
v 0.00077060 -0.00723936 -0.13250369
v 0.00122974 -0.00706778 -0.12803701
v -0.00415903 -0.01200000 -0.13540600
v -0.00390050 -0.01200000 -0.13386379
v -0.00221633 -0.01200000 -0.13119476
v -0.00323705 -0.01200000 -0.13241656
v 0.01480000 -0.02100000 -0.08650000
v 0.00500000 -0.02100000 -0.08650000
v 0.01480000 -0.02033013 -0.08400001
v 0.00500000 -0.02033013 -0.08400001
v 0.01480000 -0.01850000 -0.08216988
v 0.00500000 -0.01850000 -0.08216988
v 0.01480000 -0.01600000 -0.08150000
v 0.00500000 -0.01600000 -0.08150000
v 0.00500000 -0.02100000 -0.10084240
v 0.01480000 -0.02100000 -0.10150000
v 0.00494641 -0.02100000 -0.10150000
v -0.00377207 -0.01800000 -0.12448227
v -0.00312027 -0.01800000 -0.10608257
v 0.00200000 -0.01800000 -0.11919315
v 0.00200000 -0.01800000 -0.10608257
v 0.00500000 0.01600000 -0.08150000
v 0.01480000 0.01600000 -0.08150000
v 0.00412132 -0.01187817 -0.08150000
v 0.00481457 -0.01296114 -0.08150000
v 0.00500000 -0.01399949 -0.08150000
v 0.00303835 -0.01118491 -0.08150000
v -0.00235714 0.01074448 -0.08150000
v -0.00919721 0.00603419 -0.08150000
v -0.00623879 0.00905967 -0.08150000
v 0.00205550 -0.01100000 -0.08150000
v -0.00164152 -0.01100000 -0.08150000
v -0.00235714 -0.01074448 -0.08150000
v -0.00623879 -0.00905967 -0.08150000
v -0.01079461 0.00211576 -0.08150000
v -0.01079461 -0.00211576 -0.08150000
v -0.00919721 -0.00603419 -0.08150000
v 0.01480000 0.01850000 -0.08216988
v 0.00500000 0.01850000 -0.08216988
v 0.01480000 0.02033013 -0.08400001
v 0.00500000 0.02033013 -0.08400001
v 0.01480000 0.02100000 -0.08650000
v 0.00500000 0.02100000 -0.08650000
v -0.00249073 0.04782259 -0.08831116
v 0.00200000 0.04782259 -0.08831116
v 0.00200000 0.05075089 -0.08626416
v -0.00233165 0.05335749 -0.08382064
v 0.00200000 0.05335749 -0.08382064
v 0.00200000 0.05558915 -0.08103051
v -0.00212372 0.05740030 -0.07795075
v 0.00200000 0.05740030 -0.07795075
v 0.00200000 0.05875393 -0.07464427
v -0.00188382 0.05962241 -0.07117859
v 0.00200000 0.05962241 -0.07117859
v 0.00200000 0.05998800 -0.06762451
v -0.00163145 0.05984322 -0.06405461
v 0.00200000 0.05804478 -0.05715783
v -0.00138714 0.05804478 -0.05715783
v 0.00200000 0.05919104 -0.06054179
v 0.00200000 0.05984322 -0.06405461
v 0.00350000 0.05767429 -0.05731365
v 0.00350000 0.05880212 -0.06064321
v 0.00350000 0.05944382 -0.06409955
v 0.00350000 0.05958627 -0.06761206
v 0.00350000 0.05922656 -0.07110900
v 0.00350000 0.05837204 -0.07451896
v 0.00350000 0.05704017 -0.07777228
v 0.00350000 0.05525814 -0.08080253
v 0.00350000 0.05306236 -0.08354781
v 0.00350000 0.05049766 -0.08595204
v 0.00350000 0.04761644 -0.08796613
v 0.00459808 0.05666209 -0.05773936
v 0.00459808 0.05773958 -0.06092029
v 0.00459808 0.05835263 -0.06422233
v 0.00459808 0.05848872 -0.06757804
v 0.00459808 0.05814507 -0.07091887
v 0.00459808 0.05732870 -0.07417661
v 0.00459808 0.05605628 -0.07728471
v 0.00459808 0.05435380 -0.08017968
v 0.00459808 0.05225604 -0.08280240
v 0.00459808 0.04980583 -0.08509931
v 0.00459808 0.04705323 -0.08702349
v 0.00500000 0.05527940 -0.05832088
v 0.00500000 0.05628812 -0.06129878
v 0.00500000 0.05686204 -0.06439006
v 0.00500000 0.05698944 -0.06753157
v 0.00500000 0.05666773 -0.07065916
v 0.00500000 0.05590346 -0.07370896
v 0.00500000 0.05471226 -0.07661866
v 0.00500000 0.05311846 -0.07932885
v 0.00500000 0.05115459 -0.08178417
v 0.00500000 0.04886078 -0.08393446
v 0.00500000 0.04628387 -0.08573582
v 0.01480000 0.02100000 -0.10150000
v 0.00500000 0.02100000 -0.10084240
v 0.00494641 0.02100000 -0.10150000
v 0.00200000 0.01856452 -0.10579223
v -0.00310998 0.01856452 -0.10579223
v -0.00311132 0.01850000 -0.10583013
v 0.01371157 0.01850000 -0.10583013
v 0.00248627 0.01908380 -0.10543576
v 0.00200866 0.01857411 -0.10578649
v 0.00200000 0.01800000 -0.10608257
v -0.00312027 0.01800000 -0.10608257
v 0.00500000 0.01719615 -0.10635482
v 0.00647214 0.01600000 -0.10650000
v 0.01234839 0.01600000 -0.10650000
v 0.00355522 0.01779494 -0.10616671
v 0.01295603 0.01732919 -0.10632009
v 0.01480000 0.02033013 -0.10400000
v 0.00457733 0.02084851 -0.10272146
v 0.00447597 0.02078732 -0.10294278
v 0.00383915 0.02032696 -0.10400548
v 0.01480000 0.01993749 -0.10458158
v 0.00371525 0.02022628 -0.10417182
v 0.00354826 0.02008594 -0.10438185
v 0.00200000 0.01800000 -0.11919315
v -0.00377207 0.01800000 -0.12448227
v 0.00418890 0.01719621 -0.12125628
v -0.00384918 0.01779556 -0.12665921
v -0.00392104 0.01719615 -0.12868781
v 0.00433565 0.01707479 -0.12139460
v 0.00579136 0.01500014 -0.12276666
v 0.00637795 0.01200000 -0.12331955
v 0.00587071 0.01480336 -0.12284146
v 0.00637795 -0.01200000 -0.12331955
v -0.00402195 -0.01551997 -0.13153622
v -0.00349739 -0.01389719 -0.13225228
v -0.00408858 -0.01393744 -0.13341720
v -0.00242431 -0.01389719 -0.13096780
v -0.00275941 -0.01500000 -0.13060211
v -0.00302689 -0.01559970 -0.13031019
v -0.00394310 -0.01691308 -0.12931032
v -0.00415864 -0.01201095 -0.13539506
v -0.00384918 -0.01779556 -0.12665921
v 0.00418890 -0.01719621 -0.12125628
v 0.00579136 -0.01500014 -0.12276666
v 0.00433565 -0.01707479 -0.12139460
v -0.00392038 -0.01720384 -0.12866908
v 0.00587071 -0.01480336 -0.12284146
v 0.00757656 0.01200000 -0.12164690
v 0.00757656 -0.01200000 -0.12164690
v 0.00800000 0.01200000 -0.11963316
v 0.00800000 -0.01200000 -0.11963316
v 0.00684755 0.01496723 -0.12132613
v 0.00482178 0.01717593 -0.12043476
v 0.00520102 0.01707479 -0.11942790
v 0.00499990 0.01719621 -0.11941315
v 0.00719607 0.01500014 -0.11957420
v 0.00730482 0.01480336 -0.11958218
v 0.00719615 0.01500000 -0.10650000
v 0.00800000 0.01200000 -0.10650000
v 0.00684755 -0.01496723 -0.12132613
v 0.00482178 -0.01717593 -0.12043476
v 0.00499990 -0.01719621 -0.11941315
v 0.00520102 -0.01707479 -0.11942790
v 0.00719607 -0.01500014 -0.11957420
v 0.00730482 -0.01480336 -0.11958218
v 0.00356148 -0.01779325 -0.10616736
v 0.00500000 -0.01719615 -0.10635482
v 0.00647214 -0.01600000 -0.10650000
v 0.00719615 -0.01500000 -0.10650000
v 0.00800000 -0.01200000 -0.10650000
v 0.01234839 -0.01600000 -0.10650000
v 0.01200000 -0.01394760 -0.10650000
v 0.01200000 0.01394760 -0.10650000
v 0.00489861 -0.02099390 -0.10174690
v 0.01480000 -0.02033013 -0.10400000
v 0.00459266 -0.02085734 -0.10268587
v 0.00447597 -0.02078732 -0.10294278
v 0.00200866 -0.01857411 -0.10578649
v 0.01371157 -0.01850000 -0.10583013
v 0.00200000 -0.01856452 -0.10579223
v -0.00311132 -0.01850000 -0.10583013
v -0.00310998 -0.01856452 -0.10579223
v 0.00309912 -0.01968437 -0.10488015
v 0.00354826 -0.02008594 -0.10438185
v 0.01480000 -0.01993749 -0.10458158
v 0.00383642 -0.02032477 -0.10400926
v 0.00434397 -0.02070144 -0.10320191
v 0.01295947 -0.01733532 -0.10631839
v -0.00249073 -0.04782259 -0.08831116
v 0.00200000 -0.04782259 -0.08831116
v 0.00459808 -0.04705323 -0.08702349
v 0.00350000 -0.04761644 -0.08796613
v 0.00500000 -0.04628387 -0.08573582
v -0.00149913 -0.05913193 -0.06031932
v -0.00128768 -0.05665063 -0.05435000
v 0.00200000 -0.05665063 -0.05435000
v 0.00200000 -0.05808504 -0.05725412
v 0.00200000 -0.05913193 -0.06031932
v -0.00172606 -0.05999969 -0.06672530
v 0.00200000 -0.05977374 -0.06349414
v 0.00200000 -0.05999969 -0.06672530
v -0.00195328 -0.05919588 -0.07313962
v 0.00200000 -0.05980599 -0.06995855
v 0.00200000 -0.05919588 -0.07313962
v -0.00216561 -0.05677426 -0.07913338
v 0.00200000 -0.05817962 -0.07621510
v 0.00200000 -0.05677426 -0.07913338
v -0.00234884 -0.05289674 -0.08430585
v 0.00200000 -0.05500339 -0.08184548
v 0.00200000 -0.05289674 -0.08430585
v 0.00200000 -0.05048967 -0.08647320
v 0.00350000 -0.05024064 -0.08615772
v 0.00350000 -0.05260902 -0.08402521
v 0.00350000 -0.05468180 -0.08160440
v 0.00350000 -0.05642420 -0.07893591
v 0.00350000 -0.05780696 -0.07606454
v 0.00350000 -0.05880689 -0.07303850
v 0.00350000 -0.05940718 -0.06990857
v 0.00350000 -0.05959777 -0.06672730
v 0.00350000 -0.05937545 -0.06354810
v 0.00350000 -0.05874396 -0.06042431
v 0.00350000 -0.05771390 -0.05740839
v 0.00350000 -0.05630256 -0.05455096
v 0.00459808 -0.04956029 -0.08529581
v 0.00459808 -0.05182294 -0.08325850
v 0.00459808 -0.05380319 -0.08094575
v 0.00459808 -0.05546781 -0.07839638
v 0.00459808 -0.05678885 -0.07565320
v 0.00459808 -0.05774413 -0.07276224
v 0.00459808 -0.05831763 -0.06977203
v 0.00459808 -0.05849971 -0.06673278
v 0.00459808 -0.05828732 -0.06369549
v 0.00459808 -0.05768402 -0.06071116
v 0.00459808 -0.05669994 -0.05782987
v 0.00459808 -0.05535160 -0.05510000
v 0.00500000 -0.04863091 -0.08411842
v 0.00500000 -0.05074913 -0.08221115
v 0.00500000 -0.05260298 -0.08004602
v 0.00500000 -0.05416135 -0.07765938
v 0.00500000 -0.05539807 -0.07509129
v 0.00500000 -0.05629238 -0.07238486
v 0.00500000 -0.05682927 -0.06958552
v 0.00500000 -0.05699973 -0.06674026
v 0.00500000 -0.05680089 -0.06389684
v 0.00500000 -0.05623610 -0.06110300
v 0.00500000 -0.05531484 -0.05840563
v 0.00500000 -0.05405256 -0.05585000
v 0.00200000 -0.03779793 -0.02169615
v -0.00013093 -0.03779793 -0.02169615
v 0.00200000 -0.03749822 -0.02097261
v -0.00007780 -0.03739600 -0.02019615
v 0.00200000 -0.03739600 -0.02019615
v 0.00200000 -0.03739600 -0.01900000
v -0.00003542 -0.03739600 -0.01900000
v 0.00500000 -0.03439600 -0.01900000
v 0.00500000 -0.03439600 -0.02019615
v 0.00459808 -0.03589600 -0.01900000
v 0.00459808 -0.03589600 -0.02019615
v 0.00350000 -0.03699408 -0.01900000
v 0.00350000 -0.03699408 -0.02019615
v 0.00500000 -0.03460045 -0.02174906
v 0.00459808 -0.03604934 -0.02136084
v 0.00350000 -0.03711000 -0.02107663
v 0.00500000 -0.03519985 -0.02319616
v 0.00459808 -0.03649889 -0.02244615
v 0.00350000 -0.03744985 -0.02189712
v -0.00464219 -0.02725623 -0.14904512
v 0.00000000 -0.04143745 -0.01800000
v 0.00000000 -0.03733326 -0.01800000
v -0.00119911 -0.06098076 -0.05185000
v -0.00144063 -0.06386261 -0.05866773
v -0.00169979 -0.06498749 -0.06598355
v -0.00196081 -0.06428690 -0.07335211
v -0.00220782 -0.06180351 -0.08032486
v -0.00463715 -0.02732748 -0.14890283
v 0.00200000 -0.02939600 -0.01100000
v 0.00000000 -0.02939600 -0.01100000
v 0.00200000 -0.01399949 -0.01100000
v 0.00000000 -0.01399949 -0.01100000
v 0.00000000 -0.03245747 -0.01160897
v 0.00200000 -0.03095673 -0.01115372
v 0.00200000 -0.03245747 -0.01160897
v 0.00200000 -0.03384057 -0.01234825
v 0.00000000 -0.03505286 -0.01334315
v 0.00200000 -0.03505286 -0.01334315
v 0.00000000 -0.03678704 -0.01593853
v 0.00200000 -0.03604776 -0.01455544
v 0.00200000 -0.03678704 -0.01593853
v 0.00200000 -0.03724229 -0.01743927
v 0.00412132 -0.02939600 -0.01187868
v 0.00459808 -0.02939600 -0.01250000
v 0.00459808 -0.03066409 -0.01262490
v 0.00350000 -0.03684808 -0.01751768
v 0.00350000 -0.03641571 -0.01609234
v 0.00350000 -0.03571357 -0.01477873
v 0.00350000 -0.03476866 -0.01362735
v 0.00350000 -0.03361727 -0.01268244
v 0.00350000 -0.03230366 -0.01198029
v 0.00350000 -0.03087831 -0.01154792
v 0.00350000 -0.02939600 -0.01140192
v 0.00459808 -0.03188344 -0.01299478
v 0.00459808 -0.03300721 -0.01359544
v 0.00459808 -0.03399220 -0.01440380
v 0.00459808 -0.03480056 -0.01538880
v 0.00459808 -0.03540122 -0.01651255
v 0.00459808 -0.03577111 -0.01773192
v 0.00500000 -0.03429993 -0.01802455
v 0.00500000 -0.03401540 -0.01708658
v 0.00500000 -0.03355335 -0.01622215
v 0.00500000 -0.03293154 -0.01546447
v 0.00500000 -0.03217385 -0.01484266
v 0.00500000 -0.03130942 -0.01438060
v 0.00500000 -0.03037146 -0.01409608
v 0.00500000 -0.02939600 -0.01400000
v 0.00500000 -0.01399949 -0.01400000
v 0.00477164 -0.01399949 -0.01285195
v 0.00412132 -0.01399949 -0.01187868
v 0.00314805 -0.01399949 -0.01122836
v -0.00006402 -0.01305834 -0.01115145
v -0.00024111 -0.01249644 -0.01140369
v 0.00200000 -0.01249949 -0.01140192
v -0.00147984 -0.01108846 -0.01327479
v -0.00164253 -0.01099949 -0.01400000
v 0.00200000 -0.01099949 -0.01400000
v 0.00200000 -0.01140141 -0.01250000
v -0.00030077 -0.01236555 -0.01148401
v -0.00104444 -0.01139976 -0.01250286
v -0.00114276 -0.01131881 -0.01265315
v 0.00000000 -0.01367479 -0.01101762
v 0.00200000 -0.01099974 -0.02099999
v -0.00164202 -0.01099974 -0.02099999
v 0.00205550 -0.01100000 -0.02099999
v 0.00303835 -0.01118491 -0.01400000
v 0.00481457 -0.01296114 -0.01400000
v 0.00412132 -0.01187817 -0.01400000
v 0.00000000 -0.01494196 -0.00550000
v 0.00000000 -0.01367479 -0.00550000
v 0.00000000 -0.01530192 -0.00650000
v 0.00000000 -0.01640000 -0.00759807
v 0.00000000 -0.03941673 -0.01450000
v 0.00000000 -0.03651464 -0.01104141
v 0.00000000 -0.03260466 -0.00878399
v 0.00000000 -0.02815840 -0.00800000
v 0.00000000 -0.01790000 -0.00800000
v -0.00300000 -0.01459486 -0.00249999
v -0.00300000 -0.01367479 -0.00249999
v -0.00222748 -0.01473256 -0.00260117
v -0.00187157 -0.01367479 -0.00272031
v -0.00150085 -0.01482422 -0.00290143
v -0.00150000 -0.01367479 -0.00290192
v -0.00121681 -0.01485023 -0.00308749
v -0.00088870 -0.01367479 -0.00336870
v -0.00040192 -0.01489458 -0.00400001
v -0.00040192 -0.01367479 -0.00400001
v -0.00023107 -0.01367479 -0.00434543
v -0.00004196 -0.01489994 -0.00500001
v -0.00187157 -0.01228495 -0.00309272
v -0.00114276 -0.01131881 -0.00550000
v -0.00088870 -0.01154350 -0.00550000
v -0.00088870 -0.01182904 -0.00443436
v -0.00088870 -0.01260915 -0.00365424
v -0.00023107 -0.01267490 -0.00492272
v -0.00023107 -0.01252022 -0.00550000
v -0.00023107 -0.01309751 -0.00450010
v -0.00235714 -0.01074448 -0.00550000
v -0.00187157 -0.01089511 -0.00550000
v -0.00187157 -0.01126752 -0.00411015
v -0.00244327 -0.01113707 -0.00400001
v -0.00267293 -0.01218391 -0.00291730
v -0.00267857 -0.01220964 -0.00290192
v -0.00437974 -0.01009048 -0.00550000
v -0.00623879 -0.00905967 -0.00550000
v -0.00786485 -0.00769052 -0.00550000
v -0.00919721 -0.00603419 -0.00550000
v -0.01018610 -0.00415251 -0.00550000
v -0.01079461 -0.00211576 -0.00550000
v -0.01100000 0.00000000 -0.00550000
v -0.01079461 0.00211576 -0.00550000
v -0.01018610 0.00415251 -0.00550000
v -0.00919721 0.00603419 -0.00550000
v -0.00786485 0.00769052 -0.00550000
v -0.00235714 0.01074448 -0.00550000
v -0.00437974 0.01009048 -0.00550000
v -0.00623879 0.00905967 -0.00550000
v -0.01095766 0.01009652 -0.00249999
v -0.00653482 0.01339053 -0.00249999
v -0.00794027 0.01153048 -0.00249999
v -0.00300000 0.01459486 -0.00249999
v -0.00300000 0.01367479 -0.00249999
v -0.00557422 0.01284243 -0.00249999
v -0.01373859 -0.00269279 -0.00249999
v -0.01387947 -0.00541945 -0.00249999
v -0.01490000 -0.00000000 -0.00249999
v -0.01000981 0.00978794 -0.00249999
v -0.01170554 0.00767987 -0.00249999
v -0.01387947 0.00541945 -0.00249999
v -0.00557422 -0.01284243 -0.00249999
v -0.00653482 -0.01339053 -0.00249999
v -0.00794027 -0.01153048 -0.00249999
v -0.01095766 -0.01009652 -0.00249999
v -0.01296413 0.00528501 -0.00249999
v -0.01373859 0.00269279 -0.00249999
v -0.01400000 0.00000000 -0.00249999
v -0.01296413 -0.00528501 -0.00249999
v -0.01170554 -0.00767987 -0.00249999
v -0.01000981 -0.00978794 -0.00249999
v -0.00267293 0.01218391 -0.00291730
v -0.00244327 0.01113707 -0.00400001
v -0.00453977 0.01045917 -0.00400001
v -0.00497698 -0.01146646 -0.00290192
v -0.00708953 -0.01029507 -0.00290192
v -0.00893733 -0.00873923 -0.00290192
v -0.01045137 -0.00685703 -0.00290192
v -0.01157512 -0.00471876 -0.00290192
v -0.01226660 -0.00240427 -0.00290192
v -0.01250000 0.00000000 -0.00290192
v -0.01226660 0.00240427 -0.00290192
v -0.01157512 0.00471876 -0.00290192
v -0.01045137 0.00685703 -0.00290192
v -0.00893733 0.00873923 -0.00290192
v -0.00708953 0.01029507 -0.00290192
v -0.00497698 0.01146646 -0.00290192
v -0.00267857 0.01220964 -0.00290192
v -0.00646674 0.00939069 -0.00400001
v -0.00815222 0.00797152 -0.00400001
v -0.00953326 0.00625467 -0.00400001
v -0.01055829 0.00430424 -0.00400001
v -0.01118903 0.00219307 -0.00400001
v -0.01140192 0.00000000 -0.00400001
v -0.01118903 -0.00219307 -0.00400001
v -0.01055829 -0.00430424 -0.00400001
v -0.00953326 -0.00625467 -0.00400001
v -0.00815222 -0.00797152 -0.00400001
v -0.00646674 -0.00939069 -0.00400001
v -0.00453977 -0.01045917 -0.00400001
v -0.00187157 0.01367479 -0.00272031
v -0.00222412 0.01473307 -0.00260207
v -0.00150000 0.01367479 -0.00290192
v -0.00150000 0.01482430 -0.00290192
v -0.00088870 0.01367479 -0.00336870
v -0.00121681 0.01485023 -0.00308749
v -0.00040192 0.01367479 -0.00400001
v -0.00040192 0.01489458 -0.00400001
v -0.00023107 0.01367479 -0.00434543
v -0.00004196 0.01489994 -0.00500001
v 0.00000000 0.01367479 -0.00550000
v 0.00000000 0.01494196 -0.00550000
v -0.00023107 0.01309751 -0.00450010
v -0.00187157 0.01126752 -0.00411015
v -0.00088870 0.01260915 -0.00365424
v -0.00187157 0.01228495 -0.00309272
v -0.00023107 0.01267490 -0.00492272
v -0.00088870 0.01182904 -0.00443436
v -0.00187157 0.01089511 -0.00550000
v -0.00114276 0.01131881 -0.00550000
v -0.00088870 0.01154350 -0.00550000
v -0.00023107 0.01252022 -0.00550000
v -0.00148132 0.01108759 -0.01327829
v -0.00114276 0.01131881 -0.01265315
v -0.00164253 0.01099949 -0.01400000
v 0.00000000 0.01367479 -0.01101762
v -0.00030077 0.01236555 -0.01148401
v -0.00008196 0.01297833 -0.01117915
v 0.00000000 0.01530192 -0.00650000
v 0.00000000 0.01399949 -0.01100000
v 0.00000000 0.02690094 -0.00800000
v 0.00000000 0.02690094 -0.01100000
v 0.00000000 0.01790000 -0.00800000
v 0.00000000 0.01640000 -0.00759807
v -0.00010222 0.02767739 -0.01110223
v -0.00040192 0.02840094 -0.00800000
v -0.00040192 0.02840094 -0.01140192
v -0.00150000 0.02949901 -0.00800000
v -0.00150000 0.02949901 -0.01250000
v -0.00300000 0.02990094 -0.00800000
v -0.00300000 0.02990094 -0.01400000
v 0.00200000 0.02990094 -0.01400000
v 0.00200000 0.02949901 -0.01250000
v 0.00200000 0.02840094 -0.01140192
v 0.00200000 0.02690094 -0.01100000
v 0.00500000 0.02690094 -0.01400000
v 0.00459808 0.02819997 -0.01325001
v 0.00459808 0.02840094 -0.01400000
v 0.00459808 0.02765094 -0.01270096
v 0.00459808 0.02690094 -0.01250000
v 0.00350000 0.02690094 -0.01140192
v 0.00350000 0.02819997 -0.01174999
v 0.00350000 0.02915093 -0.01270096
v 0.00350000 0.02949901 -0.01400000
v 0.00500000 0.02690094 -0.01800000
v 0.00459808 0.02840094 -0.01800000
v 0.00350000 0.02949901 -0.01800000
v 0.00200000 0.02990094 -0.01800000
v 0.00500000 0.01861232 -0.01748749
v 0.00500000 0.01847500 -0.01800000
v 0.00500000 0.02038768 -0.01748749
v 0.00500000 0.02001250 -0.01711233
v 0.00500000 0.01950000 -0.01697500
v 0.00500000 0.01898750 -0.01711233
v 0.00500000 0.01861232 -0.01851250
v 0.00500000 0.01898750 -0.01888768
v 0.00500000 0.01950000 -0.01902499
v 0.00500000 0.02001250 -0.01888768
v 0.00500000 0.02038768 -0.01851250
v 0.00500000 0.02770478 -0.02099999
v 0.00500000 0.02865830 -0.02224265
v 0.00500000 0.02990094 -0.02319616
v 0.00500000 0.03134802 -0.02379556
v 0.00500000 0.03290094 -0.02400000
v 0.00500000 0.02052500 -0.01800000
v 0.00500000 0.02710538 -0.01955291
v 0.00500000 0.04084472 -0.02400000
v 0.00200000 0.04361010 -0.02283693
v -0.00017135 0.04361010 -0.02283693
v 0.00350000 0.04323961 -0.02299276
v 0.00459808 0.04222741 -0.02341847
v 0.00459808 0.04190154 -0.02293551
v 0.00459808 0.04141624 -0.02261315
v 0.00459808 0.04084472 -0.02250000
v 0.00350000 0.04084472 -0.02140192
v 0.00350000 0.04183463 -0.02159790
v 0.00350000 0.04267519 -0.02215625
v 0.00200000 0.04084472 -0.02099999
v 0.00200000 0.04198776 -0.02122628
v 0.00200000 0.04295836 -0.02187103
v -0.00013713 0.04295836 -0.02187103
v -0.00011429 0.04198776 -0.02122628
v -0.00010627 0.04084472 -0.02099999
v 0.00200000 0.03290094 -0.02099999
v -0.00010627 0.03290094 -0.02099999
v 0.00350000 0.03290094 -0.02140192
v 0.00459808 0.03290094 -0.02250000
v 0.00459808 0.03173625 -0.02234667
v 0.00459808 0.03065094 -0.02189712
v 0.00459808 0.02971896 -0.02118198
v 0.00459808 0.02900382 -0.02025000
v 0.00459808 0.02855427 -0.01916468
v 0.00350000 0.03202045 -0.02128601
v 0.00350000 0.03119997 -0.02094616
v 0.00350000 0.03049541 -0.02040553
v 0.00350000 0.02995478 -0.01970096
v 0.00350000 0.02961493 -0.01888048
v 0.00200000 0.03212448 -0.02089777
v 0.00200000 0.03140093 -0.02059808
v 0.00200000 0.03077962 -0.02012132
v 0.00200000 0.03030286 -0.01950000
v 0.00200000 0.03000316 -0.01877646
v -0.00010265 0.03212448 -0.02089777
v -0.00009203 0.03140093 -0.02059808
v -0.00005314 0.03030286 -0.01950000
v 0.00000000 0.02990094 -0.01800000
v 0.00000000 0.04700000 -0.01800000
v -0.00273393 0.04569789 -0.09517646
v -0.00273985 0.04507318 -0.09534376
v -0.00463715 0.02732748 -0.14890283
v -0.00281656 0.04632259 -0.09750916
v -0.00280036 0.04678025 -0.09705175
v -0.00220782 0.06180351 -0.08032486
v -0.00277821 0.04694789 -0.09642646
v -0.00275606 0.04678025 -0.09580117
v -0.00275606 0.04461553 -0.09580117
v -0.00277821 0.04444789 -0.09642646
v -0.00280036 0.04461553 -0.09705175
v -0.00498201 0.02364582 -0.15863800
v -0.00281656 0.04507318 -0.09750916
v -0.00282249 0.04569789 -0.09767646
v -0.00137398 0.06326171 -0.05678641
v -0.00165320 0.06492057 -0.06466848
v -0.00193799 0.06442255 -0.07270781
v -0.00273985 0.04632259 -0.09534376
v -0.01102549 0.04700000 -0.01751764
v -0.01053003 0.04700000 -0.01758258
v -0.01053166 0.04678942 -0.01779288
v -0.01139477 0.04699202 -0.01749999
v -0.01139094 0.04674767 -0.01774428
v -0.01138678 0.04649189 -0.01800000
v -0.01053333 0.04658203 -0.01800000
v -0.00802549 0.04700000 -0.01800000
v -0.01473500 0.04615333 -0.01749999
v -0.01464635 0.04563965 -0.01800000
v -0.01464635 0.03126128 -0.01800000
v -0.01138678 0.03040905 -0.01800000
v -0.01473500 0.03074761 -0.01749999
v -0.01139094 0.03015327 -0.01774428
v -0.01139477 0.02990891 -0.01749999
v -0.01487127 0.03081473 -0.01749999
v -0.01770979 0.03311992 -0.01749999
v -0.01737202 0.03349904 -0.01800000
v -0.01776623 0.03319148 -0.01749999
v -0.01936067 0.03654802 -0.01749999
v -0.01887952 0.03668718 -0.01800000
v -0.01936738 0.03657765 -0.01749999
v -0.01936738 0.04032329 -0.01749999
v -0.01887952 0.04021376 -0.01800000
v -0.01936067 0.04035292 -0.01749999
v -0.01737202 0.04340189 -0.01800000
v -0.01776623 0.04370945 -0.01749999
v -0.01770979 0.04378101 -0.01749999
v -0.01487127 0.04608621 -0.01749999
v -0.01102549 0.02990094 -0.01751764
v -0.01053003 0.02990094 -0.01758258
v -0.01053333 0.03031891 -0.01800000
v -0.01053166 0.03011151 -0.01779288
v -0.00802549 0.02990094 -0.01800000
v -0.01102549 0.04700000 -0.00848235
v -0.01139477 0.04699202 -0.00850001
v -0.01139094 0.04674767 -0.00825572
v -0.01053003 0.04700000 -0.00841742
v -0.01138678 0.04649189 -0.00800000
v -0.01053333 0.04658203 -0.00800000
v -0.01053166 0.04678942 -0.00820711
v -0.00802549 0.04700000 -0.00800000
v -0.01053003 0.02990094 -0.00841742
v -0.00802549 0.02990094 -0.00800000
v -0.01053166 0.03011151 -0.00820711
v -0.01053333 0.03031891 -0.00800000
v -0.01102549 0.02990094 -0.00848235
v -0.01139477 0.02990891 -0.00850001
v -0.01139094 0.03015327 -0.00825572
v -0.01138678 0.03040905 -0.00800000
v -0.01464635 0.04563965 -0.00800000
v -0.01473500 0.04615333 -0.00850001
v -0.01473500 0.03074761 -0.00850001
v -0.01464635 0.03126128 -0.00800000
v -0.01487127 0.04608621 -0.00850001
v -0.01770979 0.04378101 -0.00850001
v -0.01737202 0.04340189 -0.00800000
v -0.01776623 0.04370945 -0.00850001
v -0.01936067 0.04035292 -0.00850001
v -0.01887952 0.04021376 -0.00800000
v -0.01936738 0.04032329 -0.00850001
v -0.01936738 0.03657765 -0.00850001
v -0.01887952 0.03668718 -0.00800000
v -0.01936067 0.03654802 -0.00850001
v -0.01737202 0.03349904 -0.00800000
v -0.01776623 0.03319148 -0.00850001
v -0.01770979 0.03311992 -0.00850001
v -0.01487127 0.03081473 -0.00850001
v -0.01102549 0.04700000 -0.01174999
v -0.01150445 0.04698657 -0.01184541
v -0.01190940 0.04695418 -0.01211615
v -0.01218002 0.04692169 -0.01252085
v -0.01227549 0.04690813 -0.01299907
v -0.01218061 0.04692161 -0.01347771
v -0.01150482 0.04698655 -0.01415445
v -0.01102549 0.04700000 -0.01425001
v -0.01190993 0.04695413 -0.01388333
v -0.00994296 0.04700000 -0.01237499
v -0.01040050 0.04700000 -0.01191747
v -0.00500000 0.04700000 -0.00800000
v 0.00231534 0.04700000 -0.01422158
v 0.00222907 0.04700000 -0.01378326
v -0.01040050 0.04700000 -0.01408253
v -0.00977549 0.04700000 -0.01299999
v -0.00994296 0.04700000 -0.01362499
v 0.00003997 0.04219994 -0.01090909
v 0.00252809 0.04583248 -0.01374934
v 0.00273677 0.04603311 -0.01396323
v 0.00772134 0.04248837 -0.01498568
v 0.01256164 0.04291274 -0.01498158
v 0.00416051 0.04314686 -0.01252886
v 0.00483566 0.04127004 -0.01122048
v 0.00562190 0.04168173 -0.01250694
v 0.00590173 0.03983799 -0.01096794
v 0.00535821 0.03994960 -0.01055988
v 0.00544960 0.04320488 -0.01437683
v 0.00357585 0.04466600 -0.01378140
v 0.00393616 0.04383559 -0.01314838
v 0.01389220 0.04138071 -0.01249277
v 0.01413724 0.04311587 -0.01388247
v 0.01436216 0.04423925 -0.01515805
v 0.01293032 0.04016737 -0.01220196
v 0.01381567 0.04066179 -0.01205876
v 0.00986973 0.03778039 -0.01134401
v 0.01084760 0.03791735 -0.01146222
v 0.01053924 0.03963143 -0.01240302
v 0.01323744 0.03846013 -0.01126492
v 0.01270214 0.04167076 -0.01345686
v 0.01031015 0.04114086 -0.01366298
v 0.01016909 0.04238782 -0.01519382
v 0.00845250 0.03767097 -0.01096451
v 0.00812022 0.03951807 -0.01197833
v 0.00787335 0.04114464 -0.01333603
v 0.01365614 0.03858789 -0.01115401
v 0.00317588 0.04534323 -0.01400959
v 0.01340250 0.03441286 -0.00971554
v 0.01312326 0.03024804 -0.00813193
v 0.01130686 0.03028722 -0.00813763
v 0.01221090 0.03008199 -0.00810919
v 0.01310000 0.02840064 -0.00800000
v 0.01310000 0.01219836 -0.00800000
v 0.01101383 0.01411047 -0.00800000
v 0.00821236 0.01590494 -0.00800000
v 0.00251201 0.01772286 -0.00800000
v 0.00512719 0.01714998 -0.00800000
v 0.01274201 0.00802973 -0.00596975
v 0.01283539 0.00833006 -0.00649933
v 0.01139727 0.01021034 -0.00650000
v 0.00209100 0.01475255 -0.00500001
v 0.01293742 0.00895826 -0.00707794
v 0.01302942 0.00996433 -0.00759972
v 0.01221515 0.01094304 -0.00759807
v 0.01303734 0.01008662 -0.00764464
v 0.01109791 0.00994216 -0.00500001
v 0.01257102 0.00799872 -0.00500001
v 0.01263541 0.00793862 -0.00536518
v 0.00230150 0.01623771 -0.00759807
v 0.00469754 0.01571283 -0.00759807
v 0.00752417 0.01457213 -0.00759807
v 0.01009089 0.01292803 -0.00759807
v 0.01306342 0.01056941 -0.00779253
v 0.00916794 0.01174559 -0.00500001
v 0.00941524 0.01206242 -0.00650000
v 0.00683598 0.01323931 -0.00500001
v 0.00702038 0.01359644 -0.00650000
v 0.00426788 0.01427568 -0.00500001
v 0.00438301 0.01466077 -0.00650000
v 0.00214740 0.01515050 -0.00650000
v 0.01267381 -0.00794304 -0.00558293
v 0.01277337 -0.00810572 -0.00614761
v 0.01283679 -0.00833635 -0.00650727
v 0.01257102 -0.00799872 -0.00500001
v 0.01168938 -0.00923950 0.00000000
v 0.01168938 0.00923950 0.00000000
v 0.01287350 -0.00852240 -0.00671544
v 0.01298737 -0.00942935 -0.00736123
v 0.01302980 -0.00997001 -0.00760188
v 0.01323824 -0.03260466 -0.00878399
v 0.01363628 -0.03651464 -0.01104141
v 0.01310000 -0.02815840 -0.00800000
v 0.01424613 -0.03941673 -0.01450000
v 0.01310000 -0.01219836 -0.00800000
v 0.01308526 -0.01115829 -0.00791643
v 0.01307634 -0.01088315 -0.00786580
v -0.00250330 -0.02732748 -0.14890283
v 0.03029082 -0.02732748 -0.14890283
v 0.02550125 -0.03186253 -0.13988195
v 0.01101383 -0.01411047 -0.00800000
v 0.00821236 -0.01590494 -0.00800000
v 0.00512719 -0.01714998 -0.00800000
v 0.00251204 -0.01772286 -0.00800000
v 0.00214743 -0.01515049 -0.00650000
v 0.01109524 -0.00994514 -0.00500001
v 0.01139453 -0.01021340 -0.00650000
v 0.01009089 -0.01292803 -0.00759807
v 0.01221221 -0.01094633 -0.00759807
v 0.00941524 -0.01206242 -0.00650000
v 0.00916794 -0.01174559 -0.00500001
v 0.00702038 -0.01359644 -0.00650000
v 0.00683598 -0.01323931 -0.00500001
v 0.00438301 -0.01466077 -0.00650000
v 0.00426788 -0.01427568 -0.00500001
v 0.00209102 -0.01475255 -0.00500001
v 0.00752417 -0.01457213 -0.00759807
v 0.00469754 -0.01571283 -0.00759807
v 0.00230153 -0.01623770 -0.00759807
v 0.00916794 -0.01174559 0.00000000
v -0.00121681 -0.01485023 0.00000000
v 0.00426788 -0.01427568 0.00000000
v -0.00653482 -0.01339053 0.00000000
v -0.01095766 -0.01009652 0.00000000
v -0.01387947 -0.00541945 0.00000000
v -0.01490000 -0.00000000 0.00000000
v -0.01387947 0.00541945 0.00000000
v -0.01095766 0.01009652 0.00000000
v -0.00653482 0.01339053 0.00000000
v -0.00121681 0.01485023 0.00000000
v 0.00426788 0.01427568 0.00000000
v 0.00916794 0.01174559 0.00000000
v 0.00175000 0.02475000 -0.02900000
v -0.00100000 0.02475000 -0.02900000
v -0.00100000 0.02559116 -0.02888926
v 0.00175000 0.02559116 -0.02888926
v -0.00100000 0.02637500 -0.02856458
v 0.00175000 0.02637500 -0.02856458
v -0.00100000 0.02704810 -0.02804809
v 0.00175000 0.02704810 -0.02804809
v -0.00100000 0.02756458 -0.02737499
v 0.00175000 0.02756458 -0.02737499
v -0.00100000 0.02788926 -0.02659116
v 0.00175000 0.02788926 -0.02659116
v -0.00100000 0.02800000 -0.02574999
v 0.00175000 0.02800000 -0.02574999
v -0.00100000 0.01425000 -0.02900000
v 0.00175000 0.01425000 -0.02900000
v 0.00175000 0.01340884 -0.02888926
v -0.00100000 0.01340884 -0.02888926
v 0.00175000 0.01262500 -0.02856458
v -0.00100000 0.01262500 -0.02856458
v 0.00175000 0.01195190 -0.02804809
v -0.00100000 0.01195190 -0.02804809
v 0.00175000 0.01143542 -0.02737499
v -0.00100000 0.01143542 -0.02737499
v 0.00175000 0.01111074 -0.02659116
v -0.00100000 0.01111074 -0.02659116
v 0.00175000 0.01100000 -0.02574999
v -0.00100000 0.01100000 -0.02574999
v -0.00100000 0.02475000 -0.01100000
v 0.00175000 0.02475000 -0.01100000
v 0.00175000 0.02559116 -0.01111074
v -0.00100000 0.02559116 -0.01111074
v 0.00175000 0.02637500 -0.01143542
v -0.00100000 0.02637500 -0.01143542
v 0.00175000 0.02704810 -0.01195191
v -0.00100000 0.02704810 -0.01195191
v 0.00175000 0.02756458 -0.01262501
v -0.00100000 0.02756458 -0.01262501
v 0.00175000 0.02788926 -0.01340884
v -0.00100000 0.02788926 -0.01340884
v 0.00175000 0.02800000 -0.01425001
v -0.00100000 0.02800000 -0.01425001
v -0.00100000 0.01100000 -0.01425001
v 0.00175000 0.01100000 -0.01425001
v 0.00175000 0.01425000 -0.01100000
v -0.00100000 0.01425000 -0.01100000
v -0.00100000 0.01340884 -0.01111074
v 0.00175000 0.01340884 -0.01111074
v -0.00100000 0.01262500 -0.01143542
v 0.00175000 0.01262500 -0.01143542
v -0.00100000 0.01195190 -0.01195191
v 0.00175000 0.01195190 -0.01195191
v -0.00100000 0.01143542 -0.01262501
v 0.00175000 0.01143542 -0.01262501
v -0.00100000 0.01111074 -0.01340884
v 0.00175000 0.01111074 -0.01340884
v -0.00262240 0.05702141 -0.09202814
v -0.00162303 0.05791486 -0.09251270
v -0.00407296 0.03643386 -0.13297947
v -0.00307341 0.03732745 -0.13346407
v -0.00438553 0.03191730 -0.14179994
v -0.00441456 0.03149750 -0.14261946
v -0.00446555 0.03076092 -0.14405893
v -0.00449138 0.03038695 -0.14478783
v -0.00455165 0.02956541 -0.14648919
v -0.00498746 0.02703017 -0.15879196
v -0.00481764 0.02766878 -0.15399799
v -0.00487056 0.02458507 -0.15549198
v -0.00470462 0.02826618 -0.15080769
v -0.00461826 0.02889751 -0.14836957
v -0.00260674 0.05614217 -0.09158612
v 0.00218475 0.03131989 -0.15892531
v -0.00029767 0.02982386 -0.15938129
v -0.00128457 0.03013306 -0.15495880
v -0.00443670 0.02849747 -0.15087776
v -0.00359858 0.02839876 -0.15535396
v 0.00119642 0.03202400 -0.15437315
v 0.00103850 0.03185455 -0.15456037
v 0.00021513 0.03215708 -0.15196197
v 0.00192369 0.03200000 -0.15592217
v 0.00333352 0.03200000 -0.15871786
v -0.00307511 0.03730591 -0.13350670
v -0.00307562 0.03729842 -0.13352162
v -0.00308433 0.03716696 -0.13378626
v -0.00307300 0.03603957 -0.13623364
v -0.00291109 0.03505196 -0.13872097
v -0.00259878 0.03420129 -0.14124964
v -0.00213586 0.03348710 -0.14381850
v -0.00402574 0.03129362 -0.14400151
v -0.00203088 0.03336709 -0.14431010
v -0.00341367 0.03097119 -0.14616992
v -0.00231357 0.03050182 -0.15055153
v -0.00495419 0.02686839 -0.16085283
v -0.00499389 0.02700663 -0.15900576
v -0.00276300 0.02830364 -0.15983109
v -0.00450738 0.02683833 -0.16391161
v -0.00466507 0.02682797 -0.16314489
v -0.00189998 0.02816970 -0.16429830
v -0.00473935 0.02682674 -0.16271842
v -0.00268420 0.02700024 -0.16884218
v -0.00270699 0.02700003 -0.16879852
v -0.00309043 0.02698614 -0.16802856
v -0.00355725 0.02694800 -0.16695845
v -0.00420804 0.02687079 -0.16507238
v 0.00067384 0.02953643 -0.16380931
v 0.00548536 0.03200000 -0.16289000
v 0.00135704 0.02928515 -0.16670731
v 0.00615803 0.03199995 -0.16417105
v -0.00139089 0.03281737 -0.14691837
v -0.00064236 0.03241763 -0.14947325
v 0.01950000 0.05393131 -0.09821021
v 0.01950000 0.05608534 -0.09169916
v 0.01950000 0.05697879 -0.09214832
v 0.01850000 0.05482476 -0.09865937
v 0.01850000 0.05787224 -0.09259748
v 0.02711205 0.03466333 -0.13647854
v 0.02673145 0.03507297 -0.13554645
v 0.02562508 0.03643403 -0.13267031
v 0.02476499 0.03671474 -0.13023017
v 0.02420089 0.03854644 -0.12851001
v 0.02235543 0.04088425 -0.12193641
v 0.02296096 0.04068860 -0.12429113
v 0.02104318 0.04504555 -0.11571032
v 0.02067050 0.04514272 -0.11346567
v 0.02190773 0.04285637 -0.12002181
v 0.02235517 0.04188479 -0.12193529
v 0.02067039 0.04618566 -0.11346492
v 0.02036903 0.04725191 -0.11136498
v 0.01972275 0.04945840 -0.10488113
v 0.01959669 0.05169909 -0.10260646
v 0.01988654 0.04947119 -0.10699422
v 0.02873906 0.03309084 -0.14040650
v 0.03026759 0.03177233 -0.14409670
v 0.03347759 0.02923637 -0.15184633
v 0.03204436 0.03034994 -0.14838621
v 0.02468633 0.03732748 -0.13346408
v 0.02324790 0.03943989 -0.12926218
v 0.02199557 0.04158205 -0.12500110
v 0.02093181 0.04374982 -0.12068909
v 0.01937772 0.04814536 -0.11194570
v 0.02005861 0.04593900 -0.11633448
v 0.01859766 0.05259255 -0.10309958
v 0.01889041 0.05036464 -0.10753122
v 0.00278680 0.05158691 -0.10509995
v 0.00496721 0.05079373 -0.10667770
v 0.00754746 0.05040895 -0.10744309
v 0.01023552 0.05047612 -0.10730948
v 0.00053943 0.05400333 -0.10029332
v 0.00125301 0.05269872 -0.10288838
v 0.01272716 0.05098763 -0.10629199
v -0.00158408 0.05809273 -0.09215890
v 0.00050000 0.05916103 -0.09003388
v 0.00050000 0.05440215 -0.09950000
v 0.01754526 0.05885804 -0.09063659
v 0.01825098 0.05840976 -0.09152828
v 0.01650000 0.05914266 -0.09007043
v 0.01650000 0.05440215 -0.09950000
v 0.01604728 0.05306840 -0.10215303
v 0.01474036 0.05188561 -0.10450579
v -0.00133622 0.05844858 -0.09145105
v -0.00088006 0.05876064 -0.09083033
v -0.00025194 0.05900418 -0.09034589
v 0.02650416 0.03475519 -0.13955368
v 0.02629442 0.03506073 -0.13869707
v 0.02555159 0.03612356 -0.13603871
v 0.02702275 0.03397204 -0.14201841
v 0.02739671 0.03332756 -0.14447695
v 0.02744756 0.03322394 -0.14492691
v 0.02760837 0.03277974 -0.14712638
v 0.02761991 0.03271720 -0.14748381
v 0.02761025 0.03243902 -0.14931087
v 0.02744024 0.03219745 -0.15148310
v 0.02651615 0.03200000 -0.15592217
v 0.02679519 0.03201012 -0.15491605
v 0.02709539 0.03205324 -0.15361531
v 0.02626747 0.03200000 -0.15675905
v 0.02570946 0.03200000 -0.15863776
v 0.02513789 0.03200000 -0.16054416
v 0.02421374 0.03200000 -0.16338676
v 0.00658424 0.03200000 -0.16490138
v 0.02455195 0.03200000 -0.16245976
v 0.02315980 0.03200000 -0.16528080
v 0.02172249 0.03200000 -0.16690326
v 0.01996934 0.03200000 -0.16817789
v 0.01798273 0.03200000 -0.16904481
v 0.01585598 0.03200000 -0.16946329
v 0.01368902 0.03200000 -0.16941370
v 0.01158365 0.03200000 -0.16889833
v 0.00963878 0.03200000 -0.16794141
v 0.00794580 0.03200000 -0.16658789
v -0.00183153 0.02700000 -0.17030276
v -0.00081578 0.02700000 -0.17174177
v 0.00089160 0.02700000 -0.17367579
v 0.00220844 0.02700000 -0.17487453
v 0.00427757 0.02700000 -0.17638281
v 0.00583900 0.02700000 -0.17727853
v 0.00816730 0.02700000 -0.17829666
v 0.00990378 0.02700000 -0.17883982
v 0.01237804 0.02700000 -0.17932738
v 0.01421013 0.02700000 -0.17948440
v 0.01671197 0.02700000 -0.17942660
v 0.01855392 0.02700000 -0.17918171
v 0.02096546 0.02700000 -0.17858961
v 0.02272925 0.02700000 -0.17794611
v 0.02493869 0.02700000 -0.17685576
v 0.02653822 0.02700000 -0.17583615
v 0.02844497 0.02700000 -0.17430651
v 0.02980026 0.02700000 -0.17295185
v 0.03131959 0.02700000 -0.17106162
v 0.03236077 0.02700000 -0.16942993
v 0.03342748 0.02700000 -0.16727354
v 0.03410391 0.02700000 -0.16541952
v 0.03400901 0.02880193 -0.15328248
v 0.03456467 0.02826281 -0.15534988
v 0.03483227 0.02791067 -0.15691522
v 0.03487891 0.02783107 -0.15730256
v 0.03499873 0.02748194 -0.15927504
v 0.03499886 0.02741707 -0.15971301
v 0.03493080 0.02723509 -0.16116232
v 0.03488563 0.02718659 -0.16163585
v 0.03458795 0.02704714 -0.16353886
v -0.00450741 0.02255806 -0.16391146
v 0.02653822 0.02200000 -0.17583615
v 0.02980026 0.02200000 -0.17295185
v 0.03236077 0.02203730 -0.16942993
v 0.03333849 0.02215075 -0.16748121
v 0.03409838 0.02235213 -0.16543733
v 0.03463478 0.02265330 -0.16330467
v 0.03493072 0.02305096 -0.16116330
v 0.02272925 0.02200000 -0.17794611
v 0.01855392 0.02200000 -0.17918171
v 0.01421013 0.02200000 -0.17948440
v 0.00990378 0.02200000 -0.17883982
v 0.00583900 0.02200000 -0.17727853
v 0.00220844 0.02200000 -0.17487453
v -0.00309034 0.02211116 -0.16802876
v -0.00218162 0.02202639 -0.16973680
v -0.00081578 0.02200000 -0.17174177
v -0.00391194 0.02228749 -0.16600682
v -0.00487241 0.02293131 -0.16175555
v -0.00499984 0.02340748 -0.15958101
v 0.03499324 0.02355712 -0.15898001
v 0.03481833 0.02416400 -0.15681043
v 0.03440500 0.02487243 -0.15465790
v 0.03376655 0.02565924 -0.15258504
v 0.01950000 0.04292113 -0.09354729
v 0.02200000 0.04292113 -0.09354729
v 0.02200000 0.04639414 -0.09057195
v 0.02200000 0.05081905 -0.08766510
v 0.02200000 0.05492885 -0.08565909
v 0.01950000 0.05081905 -0.08766510
v 0.01950000 0.05492885 -0.08565909
v 0.01950000 0.04920813 -0.08862451
v 0.01950000 0.04876594 -0.08890673
v 0.01950000 0.04639414 -0.09057195
v 0.01973205 0.06330886 -0.07678019
v 0.01950000 0.06330886 -0.07678019
v 0.02000064 0.06270667 -0.07824447
v 0.01950000 0.06196627 -0.07961617
v 0.02033528 0.06196627 -0.07961617
v 0.02071347 0.06108162 -0.08091136
v 0.01950000 0.06006307 -0.08211081
v 0.02110050 0.06006307 -0.08211081
v 0.02145524 0.05893261 -0.08318995
v 0.01950000 0.05768254 -0.08415493
v 0.02174587 0.05768254 -0.08415493
v 0.02193405 0.05634925 -0.08497696
v 0.02009904 0.06804223 -0.07808781
v 0.02013593 0.06653173 -0.07831765
v 0.02050959 0.06708691 -0.07949987
v 0.01953103 0.06964494 -0.07445103
v 0.01950000 0.06989437 -0.07337939
v 0.01950000 0.06616025 -0.07352317
v 0.02183140 0.06312940 -0.08295599
v 0.02161940 0.06410918 -0.08240061
v 0.02092055 0.06344999 -0.08099552
v 0.02200000 0.05775507 -0.08460713
v 0.02200000 0.06074394 -0.08375588
v 0.02200000 0.06135834 -0.08361247
v 0.02196860 0.06209160 -0.08339957
v 0.02013593 0.06308944 -0.07872348
v 0.01961995 0.06930985 -0.07548613
v 0.01965967 0.06634761 -0.07594128
v 0.01950000 0.06420396 -0.07371502
v 0.01977295 0.06886324 -0.07655701
v 0.01955370 0.06381963 -0.07518239
v 0.02120017 0.06552611 -0.08136154
v 0.00325988 0.07187165 -0.05134252
v 0.01500000 0.07187165 -0.05134252
v 0.00313210 0.07332817 -0.05540705
v 0.01500000 0.07355958 -0.05621238
v 0.00300012 0.07433838 -0.05960486
v 0.01500000 0.07442480 -0.06009091
v 0.00298484 0.07442479 -0.06009092
v 0.01500000 0.07460731 -0.06125886
v 0.00286549 0.07488989 -0.06388712
v 0.01500000 0.07497685 -0.06548912
v 0.00281513 0.07497668 -0.06548913
v 0.01500000 0.07499745 -0.06639817
v 0.00272978 0.07497708 -0.06820387
v 0.01500000 0.07479318 -0.07091238
v 0.00264463 0.07479301 -0.07091235
v 0.01500000 0.07472351 -0.07154498
v 0.00259456 0.07459804 -0.07250483
v 0.01500000 0.07387719 -0.07626086
v 0.00247647 0.07387718 -0.07626086
v 0.00246141 0.07375808 -0.07673997
v 0.01500000 0.07379004 -0.07661384
v 0.00233189 0.07246619 -0.08085980
v 0.01500000 0.07221255 -0.08152059
v 0.01500000 0.07073802 -0.08481648
v 0.00220749 0.07073802 -0.08481648
v 0.01950000 0.06491872 -0.06905689
v 0.01950000 0.06623406 -0.04954552
v 0.01950000 0.06026742 -0.04954552
v 0.01950000 0.06772359 -0.05308711
v 0.01950000 0.06922162 -0.05740912
v 0.01950000 0.06413392 -0.05969355
v 0.01950000 0.07015149 -0.06188786
v 0.01950000 0.06489518 -0.06434430
v 0.01950000 0.07049774 -0.06644901
v 0.01950000 0.07025462 -0.07101680
v 0.01950000 0.06671749 -0.08279525
v 0.02119266 0.06496363 -0.08250622
v 0.02121883 0.06466053 -0.08301850
v 0.01500000 0.07038213 -0.04780093
v 0.01417224 0.06636573 -0.03825129
v 0.01860513 0.06221768 -0.03922159
v 0.01479266 0.06836640 -0.04300821
v 0.01927584 0.06421834 -0.04436420
v 0.01867181 0.06130851 -0.03961090
v 0.01874109 0.06032335 -0.04003274
v 0.01875047 0.06021825 -0.04009133
v 0.01881901 0.05955121 -0.04053136
v 0.01884152 0.05937810 -0.04068075
v 0.01892736 0.05884642 -0.04127576
v 0.01898969 0.05855802 -0.04173679
v 0.01908172 0.05825685 -0.04247316
v 0.01914204 0.05814004 -0.04300129
v 0.01922401 0.05810238 -0.04379730
v 0.01933695 0.05840832 -0.04512520
v 0.01927277 0.05816732 -0.04432862
v 0.01848379 0.06103776 -0.03876622
v 0.01821091 0.06071285 -0.03796486
v 0.01834226 0.06089604 -0.03885303
v 0.01820673 0.06076032 -0.03893591
v 0.01014736 0.05836391 -0.03260284
v 0.01037905 0.05778421 -0.03384600
v 0.01167891 0.05847306 -0.03276917
v 0.01150976 0.05787095 -0.03398469
v 0.01230004 0.05854630 -0.03290937
v 0.01234783 0.05797567 -0.03418891
v 0.01261343 0.05858997 -0.03299708
v 0.01352260 0.05874371 -0.03332060
v 0.01316288 0.05811339 -0.03447879
v 0.01438716 0.05893172 -0.03373406
v 0.01393813 0.05828189 -0.03484942
v 0.01461165 0.05898806 -0.03386052
v 0.01466366 0.05847888 -0.03529579
v 0.01519620 0.05915146 -0.03423191
v 0.01594403 0.05940159 -0.03481094
v 0.01533418 0.05870311 -0.03581490
v 0.01661399 0.05967620 -0.03545741
v 0.01593499 0.05894936 -0.03639461
v 0.01720460 0.05997403 -0.03616829
v 0.01646453 0.05921641 -0.03703203
v 0.01771258 0.06029432 -0.03694176
v 0.01691991 0.05950357 -0.03772549
v 0.01782196 0.06037464 -0.03713715
v 0.01701794 0.05957557 -0.03790063
v 0.01792717 0.06045702 -0.03733810
v 0.01736672 0.05987896 -0.03864308
v 0.01760826 0.06016601 -0.03935092
v 0.01868692 0.06074619 -0.03970667
v 0.00973460 0.05921431 -0.03228572
v 0.00978759 0.05836818 -0.03259368
v 0.01283769 0.05950287 -0.03276829
v 0.01426832 0.05978899 -0.03338162
v 0.01453937 0.05985673 -0.03353233
v 0.01131065 0.05930940 -0.03239937
v 0.01223558 0.05941395 -0.03259056
v 0.01646319 0.06050804 -0.03503700
v 0.01555837 0.06015892 -0.03422019
v 0.01756281 0.06110234 -0.03646305
v 0.01666796 0.06060124 -0.03525803
v 0.01785475 0.06131638 -0.03698503
v 0.01821507 0.06164679 -0.03779807
v 0.01854534 0.06108290 -0.03900373
v 0.01859888 0.06104281 -0.03924278
v 0.00818908 0.05836818 -0.03259368
v 0.00819999 0.05921431 -0.03228572
v 0.00604993 0.05760321 -0.03423416
v 0.00758207 0.05777083 -0.03387470
v 0.00758236 0.05778517 -0.03384395
v 0.00975657 0.05778517 -0.03384395
v 0.00236087 0.05710117 -0.03531079
v 0.00415797 0.05710117 -0.03531079
v 0.00396525 0.05774311 -0.03393414
v 0.00513064 0.05804951 -0.03327708
v 0.00635453 0.05825555 -0.03283523
v 0.00819999 0.06490146 -0.03476974
v 0.00973460 0.06490146 -0.03476974
v 0.00370474 0.06659005 -0.03878463
v 0.00381564 0.06625767 -0.03799434
v 0.00408809 0.06593966 -0.03723824
v 0.00451205 0.06564775 -0.03654418
v 0.01052393 0.06492850 -0.03483403
v 0.01397798 0.06606823 -0.03754393
v 0.01128851 0.06500863 -0.03502453
v 0.01200460 0.06513947 -0.03533565
v 0.00507191 0.06539268 -0.03593769
v 0.00574706 0.06518384 -0.03544113
v 0.00651263 0.06502892 -0.03507278
v 0.01265010 0.06531696 -0.03575765
v 0.01320505 0.06553559 -0.03627749
v 0.01365232 0.06578862 -0.03687910
v 0.00734043 0.06493362 -0.03484621
v 0.00082350 0.06066019 -0.03585159
v 0.00039168 0.06091148 -0.03648541
v 0.00035458 0.05803544 -0.03753218
v -0.00002481 0.06121415 -0.03725059
v -0.00034727 0.05985806 -0.03856789
v -0.00057015 0.06181546 -0.03877542
v -0.00080988 0.06082727 -0.04087237
v -0.00079244 0.06244199 -0.04036992
v -0.00083268 0.05932119 -0.04150579
v -0.00027108 0.05855458 -0.03876652
v -0.00038394 0.05866976 -0.03906766
v 0.00194353 0.06017398 -0.03462991
v 0.00190597 0.05726076 -0.03569024
v 0.00329405 0.05977343 -0.03363056
v 0.00398946 0.05962011 -0.03325100
v 0.00482532 0.05947328 -0.03289033
v 0.00648096 0.05928459 -0.03243647
v -0.00123729 0.06772359 -0.05292780
v -0.00148256 0.06417224 -0.05985140
v -0.00083505 0.05916162 -0.04157291
v -0.00085991 0.05720935 -0.04227444
v -0.00083478 0.05915833 -0.04156507
v -0.00165319 0.06492055 -0.06466818
v -0.00176740 0.07047966 -0.06789225
v -0.00182586 0.06487893 -0.06954256
v -0.00190262 0.07014326 -0.07170935
v -0.00195304 0.06991050 -0.07313260
v -0.00195480 0.06772675 -0.07318248
v -0.00196059 0.06543317 -0.07334598
v -0.00196513 0.06425957 -0.07347404
v -0.00136508 0.06901626 -0.05653508
v -0.00149706 0.06991281 -0.06026062
v -0.00163169 0.07040228 -0.06406114
v -0.00209167 0.06383652 -0.07512376
v -0.00280141 0.06790791 -0.07809412
v -0.00238086 0.06788257 -0.07652470
v -0.00242664 0.06869765 -0.07670062
v -0.00302936 0.06744040 -0.07879394
v -0.00322257 0.06704721 -0.07933296
v -0.00341010 0.06606600 -0.07986916
v -0.00370376 0.06606951 -0.08052981
v -0.00341485 0.06410419 -0.08009852
v -0.00423372 0.06497950 -0.08169334
v -0.00238563 0.06575493 -0.07667365
v -0.00218741 0.06923698 -0.07548802
v -0.00202607 0.06965238 -0.07424551
v -0.00250465 0.06304286 -0.07748180
v -0.00235381 0.06330886 -0.07678019
v -0.00239373 0.06363366 -0.07692649
v -0.00341870 0.06291614 -0.08028402
v -0.00285030 0.06242475 -0.07880784
v -0.00361387 0.06092317 -0.08111545
v -0.00324864 0.06167360 -0.08007768
v -0.00309723 0.06196572 -0.07961708
v -0.00498253 0.06189860 -0.08346768
v -0.00500000 0.06135834 -0.08361247
v -0.00404792 0.05990437 -0.08227640
v -0.00500000 0.05492885 -0.08565909
v -0.00494358 0.05617914 -0.08506853
v -0.00500000 0.05809906 -0.08449586
v -0.00477812 0.05737251 -0.08436353
v -0.00471621 0.05768386 -0.08415402
v -0.00451172 0.05851741 -0.08353408
v -0.00443551 0.05878045 -0.08331900
v -0.00454442 0.06433870 -0.08232661
v -0.00461692 0.06407217 -0.08248754
v -0.00478243 0.06336328 -0.08287237
v -0.00494008 0.06237733 -0.08330381
v -0.00208225 0.06330886 -0.07678019
v -0.00218271 0.06196627 -0.07961617
v -0.00227108 0.06006307 -0.08211081
v -0.00234350 0.05768254 -0.08415493
v -0.00239678 0.05492885 -0.08565909
v -0.00500000 0.05060958 -0.08778396
v -0.00247205 0.05060958 -0.08778396
v -0.00500000 0.04658640 -0.09042689
v -0.00256568 0.04658640 -0.09042689
v -0.00500000 0.04292113 -0.09354729
v -0.00267621 0.04292113 -0.09354729
v -0.00500000 0.04197440 -0.09496509
v -0.00272644 0.04197440 -0.09496509
v -0.00500000 0.04170404 -0.09664834
v -0.00278607 0.04170404 -0.09664834
v -0.00500000 0.04215918 -0.09829128
v -0.00284427 0.04215918 -0.09829128
v -0.00500000 0.04325712 -0.09959548
v -0.00289047 0.04325712 -0.09959548
v -0.00500000 0.04479844 -0.10032402
v -0.00291628 0.04479844 -0.10032402
v -0.00500000 0.04650314 -0.10034457
v -0.00291700 0.04650314 -0.10034457
v -0.00500000 0.04806156 -0.09965338
v -0.00289252 0.04806156 -0.09965338
v -0.00500000 0.04919063 -0.09837602
v -0.00284727 0.04919063 -0.09837602
v -0.00421690 0.05884796 -0.09458733
v -0.00365921 0.05961461 -0.09466707
v -0.00271196 0.05800665 -0.09455649
v -0.00260219 0.05864682 -0.09457459
v -0.00267860 0.05901587 -0.09460056
v -0.00269698 0.05961461 -0.09466707
v -0.00234278 0.05817188 -0.09455790
v -0.00229303 0.05810745 -0.09455708
v -0.00224732 0.05805622 -0.09455667
v -0.00219265 0.05801384 -0.09455650
v -0.00217061 0.05800711 -0.09455649
v -0.00216344 0.05800665 -0.09455649
v -0.00461940 0.05799809 -0.09455647
v -0.00271423 0.05674779 -0.09462038
v -0.00493146 0.05674779 -0.09462038
v -0.00500000 0.05575124 -0.09476583
v -0.00273664 0.05395125 -0.09525298
v -0.00500000 0.05395125 -0.09525298
v -0.00278184 0.05138364 -0.09652899
v -0.00500000 0.05138364 -0.09652899
v 0.01950014 0.04919063 -0.09837602
v 0.02200000 0.04919063 -0.09837602
v 0.01950374 0.04869585 -0.09907452
v 0.02200000 0.04806156 -0.09965338
v 0.01951041 0.04806156 -0.09965338
v 0.01951753 0.04732080 -0.10008243
v 0.01952278 0.04650314 -0.10034457
v 0.02200000 0.04650314 -0.10034457
v 0.01952456 0.04564771 -0.10042614
v 0.02200000 0.04479844 -0.10032402
v 0.01952234 0.04479844 -0.10032402
v 0.01951679 0.04398811 -0.10004263
v 0.02200000 0.04325712 -0.09959548
v 0.01950959 0.04325712 -0.09959548
v 0.01950316 0.04264010 -0.09900521
v 0.02200000 0.04215918 -0.09829128
v 0.01950003 0.04215918 -0.09829128
v 0.01950000 0.04211763 -0.09821021
v 0.02200000 0.04170404 -0.09664834
v 0.01950000 0.04170404 -0.09664834
v 0.02200000 0.04197440 -0.09496509
v 0.01950000 0.04197440 -0.09496509
v 0.02190956 0.05689098 -0.09460643
v 0.01950000 0.05571431 -0.09477287
v 0.01950000 0.05800665 -0.09455649
v 0.01898796 0.05800665 -0.09455649
v 0.01900954 0.05801068 -0.09455650
v 0.01903857 0.05802726 -0.09455654
v 0.01912099 0.05811470 -0.09455715
v 0.02200000 0.05575124 -0.09476583
v 0.02200000 0.05571431 -0.09477287
v 0.01950000 0.05330202 -0.09550537
v 0.02200000 0.05330202 -0.09550537
v 0.01950000 0.05109519 -0.09672425
v 0.02200000 0.05109519 -0.09672425
v 0.01950000 0.04934853 -0.09821021
v 0.01948134 0.05894472 -0.09459466
v 0.01948575 0.05902037 -0.09460095
v 0.02051370 0.05961461 -0.09466707
v 0.01949974 0.06038579 -0.09479798
v 0.01950000 0.06065432 -0.09485580
v 0.02065921 0.05961461 -0.09466707
v 0.01936551 0.05852494 -0.09456851
v 0.02115079 0.05895689 -0.09459564
v 0.02152547 0.05823481 -0.09455903
v 0.02161940 0.05799809 -0.09455647
v -0.00276127 0.06080359 -0.09431116
v -0.00320132 0.06014320 -0.09464506
v -0.00265000 0.06115765 -0.09385459
v -0.00353553 0.05975185 -0.09467942
v -0.00265000 0.06546529 -0.08528605
v -0.00353553 0.06528874 -0.08366573
v -0.00266776 0.06555279 -0.08507246
v -0.00288964 0.06561650 -0.08445174
v -0.00452001 0.06399971 -0.08311756
v -0.00409381 0.06475345 -0.08325025
v -0.00432837 0.06439868 -0.08313746
v -0.00228969 0.06671749 -0.08263594
v 0.00178476 0.06473878 -0.09674986
v -0.00261550 0.06115765 -0.09385459
v -0.00264203 0.06078118 -0.09460345
v -0.00269035 0.06090991 -0.09420876
v -0.00271242 0.06071825 -0.09456932
v -0.00231196 0.06546529 -0.08528605
v -0.00240281 0.06562036 -0.08473180
v -0.00280212 0.06550328 -0.08402013
v -0.00361972 0.06490726 -0.08333236
v -0.00449965 0.06402332 -0.08311576
v 0.01050000 0.06265362 -0.10089755
v 0.00628308 0.06265362 -0.10089755
v 0.01500000 0.06467485 -0.09687703
v 0.00538761 0.06269403 -0.10081717
v 0.01368198 0.06324562 -0.09971996
v 0.01275000 0.06292441 -0.10035890
v 0.01166469 0.06272249 -0.10076056
v 0.01439711 0.06366424 -0.09888729
v 0.00452795 0.06281365 -0.10057922
v 0.00373848 0.06300770 -0.10019324
v 0.00305076 0.06326841 -0.09967464
v 0.01484667 0.06415171 -0.09791762
v 0.00249229 0.06358536 -0.09904418
v 0.00208540 0.06394587 -0.09832706
v 0.00184638 0.06433554 -0.09755195
v 0.00628308 0.05661186 -0.10289685
v 0.00449237 0.05667996 -0.10272968
v 0.00277327 0.05690698 -0.10224766
v 0.00119452 0.05728386 -0.10147004
v -0.00018075 0.05779550 -0.10042794
v -0.00129754 0.05842147 -0.09916303
v -0.00211121 0.05913672 -0.09772587
v -0.00258920 0.05991266 -0.09617395
v -0.00271690 0.06058231 -0.09483966
v 0.01050000 0.05661186 -0.10289685
v 0.01919333 0.05960806 -0.09693698
v 0.01829423 0.05863309 -0.09887633
v 0.01686396 0.05779587 -0.10054168
v 0.01500000 0.05715345 -0.10181955
v 0.01282937 0.05674960 -0.10262286
v 0.01961127 0.06080359 -0.09431116
v 0.02005132 0.06014320 -0.09464506
v 0.01970186 0.06562252 -0.08452389
v 0.02029331 0.06535080 -0.08374760
v 0.02118490 0.06462853 -0.08319930
v 0.02118490 0.06472370 -0.08300999
v 0.01950998 0.06553396 -0.08512726
v 0.01950000 0.06546529 -0.08528605
v 0.01950000 0.06115765 -0.09385459
v 0.01976127 0.06562053 -0.08472953
v 0.02020132 0.06549460 -0.08400033
v 0.01965000 0.06546529 -0.08528605
v 0.02053553 0.06528874 -0.08366573
v 0.01965000 0.06115765 -0.09385459
v 0.02053553 0.05975185 -0.09467942
v 0.01966776 0.06103842 -0.09405223
v 0.01988964 0.06057823 -0.09447362
v 0.02087812 0.06500042 -0.08339418
v -0.00251229 -0.05124873 -0.10131991
v -0.00253126 -0.05212490 -0.10176039
v 0.00149124 -0.05124873 -0.10131991
v -0.00153071 -0.05303562 -0.10221823
v 0.00150000 -0.05303562 -0.10221823
v 0.00150000 -0.04856699 -0.09997173
v 0.00149124 -0.04890360 -0.10014095
v 0.01956310 -0.05212792 -0.10176191
v 0.01954836 -0.05124873 -0.10131991
v 0.01909588 -0.05255189 -0.10197505
v 0.01650000 -0.05124873 -0.10131991
v 0.01856272 -0.05303562 -0.10221823
v 0.01650000 -0.05303562 -0.10221823
v 0.02013735 -0.04820783 -0.10948236
v 0.01991170 -0.04825493 -0.10727502
v 0.02095477 -0.04530191 -0.11520542
v 0.02095511 -0.04426709 -0.11520743
v 0.02134862 -0.04421335 -0.11734929
v 0.02262933 -0.04033395 -0.12303102
v 0.02262859 -0.04132989 -0.12302814
v 0.02318173 -0.04028045 -0.12509497
v 0.02492363 -0.03648069 -0.13069575
v 0.02492238 -0.03743847 -0.13069211
v 0.02562508 -0.03643403 -0.13267031
v 0.02666408 -0.03514798 -0.13537863
v 0.02711205 -0.03466333 -0.13647854
v 0.01914372 -0.04910128 -0.11004424
v 0.02468633 -0.03732748 -0.13346408
v 0.02221855 -0.04117390 -0.12581298
v 0.02036710 -0.04510681 -0.11798985
v 0.03026759 -0.03177233 -0.14409670
v 0.02864384 -0.03317716 -0.14017662
v 0.03347759 -0.02923637 -0.15184633
v 0.03313724 -0.02950076 -0.15102465
v 0.03203829 -0.03035468 -0.14837155
v 0.02455195 -0.03200000 -0.16245976
v 0.03410391 -0.02700000 -0.16541952
v 0.03443346 -0.02701915 -0.16422658
v 0.02513789 -0.03200000 -0.16054416
v 0.03456498 -0.02704185 -0.16364869
v 0.03486051 -0.02716572 -0.16185795
v 0.02570946 -0.03200000 -0.15863776
v 0.03499245 -0.02737034 -0.16004944
v 0.02626747 -0.03200000 -0.15675905
v 0.03499873 -0.02748194 -0.15927504
v 0.02651615 -0.03200000 -0.15592217
v 0.02659707 -0.03200077 -0.15564506
v 0.03489111 -0.02780849 -0.15741581
v 0.03466856 -0.02813997 -0.15587401
v 0.02709539 -0.03205324 -0.15361531
v 0.03461104 -0.02820947 -0.15557480
v 0.02718764 -0.03207737 -0.15314175
v 0.03415968 -0.02866808 -0.15376356
v 0.02748286 -0.03223273 -0.15110359
v 0.03400901 -0.02880193 -0.15328248
v 0.02756809 -0.03233852 -0.15011378
v 0.02761868 -0.03247362 -0.14905652
v 0.02761991 -0.03271723 -0.14748365
v 0.02736105 -0.03339640 -0.14418805
v 0.02744756 -0.03322394 -0.14492691
v 0.02760321 -0.03280279 -0.14699836
v 0.02699602 -0.03401419 -0.14187363
v 0.02730664 -0.03349697 -0.14377904
v 0.02621411 -0.03517690 -0.13838373
v 0.02650416 -0.03475519 -0.13955368
v 0.02550469 -0.03618982 -0.13588654
v 0.02575260 -0.03583841 -0.13670999
v -0.00287671 -0.03732748 -0.13346408
v -0.00340895 -0.03685151 -0.13320187
v -0.00387578 -0.03643403 -0.13297188
v -0.00458269 -0.02868257 -0.14938197
v -0.00449687 -0.02931186 -0.14738984
v -0.00456205 -0.02732748 -0.14890283
v -0.00442923 -0.02997591 -0.14581972
v -0.00432695 -0.03116875 -0.14344533
v -0.00482891 -0.02471881 -0.15509781
v -0.00498147 -0.02364549 -0.15863925
v -0.00498147 -0.02705428 -0.15863925
v -0.00481437 -0.02758053 -0.15476032
v -0.00469870 -0.02805323 -0.15207502
v -0.00461105 -0.02850949 -0.15004037
v -0.00405617 -0.03432883 -0.13715944
v -0.00035724 -0.03233629 -0.15013291
v -0.00057830 -0.03242297 -0.14943235
v -0.00152304 -0.03160170 -0.14934230
v -0.00129716 -0.03282129 -0.14689697
v -0.00466245 -0.02683621 -0.16315900
v -0.00461010 -0.02683913 -0.16342987
v -0.00019327 -0.02935848 -0.16246277
v -0.00415563 -0.02688702 -0.16524993
v -0.00358948 -0.02695181 -0.16687776
v -0.00472050 -0.02683454 -0.16283196
v -0.00077813 -0.02940780 -0.16033609
v -0.00490905 -0.02685408 -0.16140518
v -0.00318766 -0.02819103 -0.15892173
v -0.00499930 -0.02695047 -0.15966694
v -0.00358527 -0.02858822 -0.15436569
v -0.00376957 -0.02935231 -0.14984924
v -0.00290748 -0.03624319 -0.13576493
v -0.00348065 -0.03493978 -0.13721912
v -0.00285525 -0.03560367 -0.13728403
v -0.00190677 -0.03335926 -0.14434296
v -0.00219935 -0.03373633 -0.14286008
v -0.00336034 -0.03320276 -0.14129293
v -0.00256850 -0.03444988 -0.14046301
v -0.00280437 -0.03528496 -0.13809788
v 0.00045351 -0.03212094 -0.15244663
v -0.00054190 -0.03107930 -0.15342182
v 0.00137663 -0.03201537 -0.15468250
v 0.00064126 -0.03080218 -0.15746897
v 0.00196043 -0.03200000 -0.15592217
v 0.00519276 -0.03200000 -0.16230918
v 0.00403024 -0.03200000 -0.16003709
v 0.00204652 -0.03068813 -0.16146514
v 0.00051563 -0.02933880 -0.16456279
v -0.00352721 -0.02695785 -0.16703275
v -0.00272472 -0.02700000 -0.16876468
v 0.00138405 -0.02931810 -0.16661704
v 0.00613764 -0.03200000 -0.16413234
v -0.00127320 -0.02949660 -0.15819535
v -0.00206359 -0.02983376 -0.15389375
v -0.00264631 -0.03047700 -0.14959577
v -0.00287443 -0.03096896 -0.14746943
v -0.00307008 -0.03162713 -0.14538825
v 0.03417762 -0.02517639 -0.15382384
v 0.03466871 -0.02445865 -0.15587480
v 0.03493957 -0.02383309 -0.15794644
v 0.03499207 -0.02329311 -0.16006322
v 0.03482401 -0.02285622 -0.16214742
v 0.03443341 -0.02251158 -0.16422679
v 0.03382787 -0.02226229 -0.16624619
v 0.00104689 -0.02200000 -0.17382868
v 0.00054416 -0.02700000 -0.17332132
v -0.00163832 -0.02700000 -0.17059803
v -0.00163832 -0.02200582 -0.17059803
v -0.00190979 -0.02700000 -0.17017983
v -0.00271312 -0.02206630 -0.16878684
v -0.00358947 -0.02220139 -0.16687776
v -0.00472049 -0.02273280 -0.16283201
v -0.00426510 -0.02242288 -0.16487178
v -0.00496136 -0.02314051 -0.16074255
v 0.00434769 -0.02200000 -0.17642714
v 0.00357241 -0.02700000 -0.17591372
v 0.00104689 -0.02700000 -0.17382868
v 0.00811846 -0.02200000 -0.17827883
v 0.00705464 -0.02700000 -0.17785405
v 0.00434769 -0.02700000 -0.17642714
v 0.01219282 -0.02200000 -0.17930201
v 0.01085252 -0.02700000 -0.17906523
v 0.00811846 -0.02700000 -0.17827883
v 0.01639104 -0.02200000 -0.17945157
v 0.01481516 -0.02700000 -0.17949915
v 0.01219282 -0.02700000 -0.17930201
v 0.02052788 -0.02200000 -0.17872089
v 0.01878515 -0.02700000 -0.17913856
v 0.01639104 -0.02700000 -0.17945157
v 0.02442084 -0.02200000 -0.17714222
v 0.02260476 -0.02700000 -0.17799777
v 0.02052788 -0.02700000 -0.17872089
v 0.02789817 -0.02200000 -0.17478520
v 0.02612226 -0.02700000 -0.17612213
v 0.02442084 -0.02700000 -0.17714222
v 0.03355729 -0.02700000 -0.16695835
v 0.03301738 -0.02210117 -0.16818181
v 0.03301738 -0.02700000 -0.16818181
v 0.03213916 -0.02202413 -0.16980772
v 0.03170951 -0.02700000 -0.17049056
v 0.03080646 -0.02700000 -0.17175381
v 0.03080646 -0.02200000 -0.17175381
v 0.02919791 -0.02700000 -0.17358615
v 0.02789817 -0.02700000 -0.17478520
v 0.00654510 -0.03200000 -0.16483992
v 0.02427865 -0.03200000 -0.16322917
v 0.00777208 -0.03200000 -0.16641065
v 0.00928621 -0.03200000 -0.16770686
v 0.01102732 -0.03200000 -0.16867703
v 0.01292626 -0.03200000 -0.16928262
v 0.01490758 -0.03200000 -0.16949958
v 0.01689257 -0.03200000 -0.16931927
v 0.01880238 -0.03200000 -0.16874889
v 0.02056113 -0.03200000 -0.16781107
v 0.02209895 -0.03200000 -0.16654307
v 0.02335475 -0.03200000 -0.16499528
v 0.01371139 -0.04470174 -0.11879558
v 0.01329480 -0.04462148 -0.11895522
v 0.00513452 -0.04456393 -0.11906970
v 0.00433049 -0.04469251 -0.11881394
v 0.00372134 -0.04485526 -0.11849020
v 0.00303513 -0.04512789 -0.11794790
v 0.01248519 -0.04453271 -0.11913181
v 0.01200000 -0.04451854 -0.11916000
v 0.00600000 -0.04451854 -0.11916000
v 0.00263451 -0.04534947 -0.11750714
v 0.00212540 -0.04574457 -0.11672123
v 0.00182136 -0.04610180 -0.11601065
v 0.01618290 -0.04610805 -0.11599821
v 0.01610359 -0.04599893 -0.11621527
v 0.01569320 -0.04558383 -0.11704098
v 0.01538426 -0.04536140 -0.11748343
v 0.01478616 -0.04504577 -0.11811125
v 0.01443956 -0.04490955 -0.11838222
v 0.00150000 -0.04711241 -0.11400039
v 0.00157407 -0.04661070 -0.11499836
v 0.01650000 -0.04711241 -0.11400039
v 0.01642187 -0.04659754 -0.11502455
f 1 2 3
f 3 2 4
f 3 4 5
f 3 6 1
f 1 6 7
f 8 9 10
f 10 9 11
f 10 11 12
f 12 11 13
f 12 13 7
f 7 13 14
f 7 14 1
f 1 14 2
f 15 16 17
f 17 16 18
f 19 20 21
f 22 16 15
f 15 19 22
f 22 19 21
f 22 21 23
f 23 21 24
f 25 26 27
f 27 26 23
f 27 23 28
f 28 23 24
f 28 24 29
f 30 31 32
f 32 31 33
f 33 34 32
f 32 34 35
f 32 35 36
f 37 38 39
f 39 38 40
f 39 40 41
f 41 40 42
f 41 42 43
f 43 42 44
f 31 30 45
f 45 30 43
f 45 43 46
f 44 47 43
f 43 47 48
f 43 48 46
f 46 48 49
f 46 49 50
f 50 49 51
f 50 51 52
f 52 51 53
f 52 53 54
f 54 53 55
f 54 55 56
f 57 56 58
f 58 56 55
f 59 20 19
f 17 18 60
f 61 62 63
f 57 58 64
f 64 58 65
f 64 65 66
f 66 65 67
f 66 67 68
f 61 63 60
f 17 69 15
f 15 69 19
f 17 60 69
f 69 60 63
f 69 63 70
f 71 72 73
f 70 74 69
f 69 74 71
f 69 71 75
f 75 71 73
f 75 76 69
f 69 76 77
f 69 77 19
f 19 77 78
f 19 78 59
f 72 79 73
f 73 79 80
f 73 80 81
f 81 80 82
f 82 80 83
f 82 83 84
f 84 83 85
f 84 85 86
f 68 67 62
f 62 67 87
f 62 87 63
f 63 87 88
f 63 88 70
f 89 90 91
f 89 91 92
f 92 91 93
f 92 93 94
f 95 96 97
f 95 97 98
f 98 97 93
f 98 93 91
f 93 99 100
f 93 100 94
f 94 100 101
f 94 101 102
f 103 104 105
f 105 104 106
f 104 107 106
f 106 107 108
f 109 110 111
f 111 110 112
f 112 110 113
f 107 104 114
f 114 104 103
f 114 103 115
f 115 103 116
f 117 118 119
f 107 114 120
f 120 114 121
f 120 121 122
f 119 112 117
f 117 112 113
f 117 113 123
f 123 113 122
f 123 122 124
f 124 122 121
f 125 126 127
f 128 129 130
f 130 129 131
f 130 131 132
f 128 130 133
f 133 130 134
f 133 134 135
f 135 134 136
f 135 136 137
f 138 139 140
f 140 139 135
f 140 135 141
f 141 135 137
f 131 109 132
f 132 109 111
f 132 111 142
f 142 111 143
f 142 143 127
f 127 143 144
f 127 144 125
f 138 145 139
f 139 145 146
f 139 146 147
f 147 146 127
f 147 127 148
f 148 127 126
f 149 150 151
f 151 150 152
f 151 152 153
f 154 155 156
f 156 155 157
f 156 157 158
f 154 156 159
f 159 156 150
f 159 150 149
f 160 161 152
f 152 161 153
f 162 160 163
f 163 160 152
f 163 152 164
f 164 152 150
f 165 166 167
f 167 166 168
f 167 168 169
f 170 171 172
f 172 173 170
f 170 173 174
f 170 174 168
f 168 174 175
f 168 175 169
f 166 165 176
f 176 165 177
f 164 150 178
f 178 150 156
f 179 180 178
f 156 158 178
f 178 158 181
f 178 181 179
f 182 183 184
f 183 185 184
f 184 185 186
f 184 186 187
f 168 188 170
f 170 188 184
f 170 184 171
f 171 184 187
f 180 182 178
f 178 182 184
f 178 184 189
f 189 184 190
f 189 190 191
f 190 192 191
f 191 192 135
f 191 135 139
f 188 168 166
f 176 193 166
f 166 193 194
f 166 194 188
f 195 196 197
f 197 198 195
f 195 198 199
f 195 199 176
f 176 199 200
f 176 200 193
f 201 202 203
f 203 202 204
f 203 204 196
f 196 204 205
f 196 205 197
f 203 206 201
f 201 206 207
f 201 207 208
f 208 207 209
f 208 209 210
f 210 209 211
f 210 211 212
f 212 211 213
f 212 213 214
f 214 213 215
f 215 213 216
f 215 216 217
f 217 216 218
f 218 216 219
f 218 219 220
f 220 219 221
f 221 219 222
f 221 222 223
f 224 222 219
f 224 219 225
f 225 219 216
f 225 216 226
f 226 216 213
f 226 213 227
f 227 213 211
f 227 211 228
f 228 211 209
f 228 209 229
f 229 209 207
f 229 207 230
f 230 207 206
f 230 206 231
f 231 206 203
f 231 203 232
f 232 203 196
f 232 196 233
f 233 196 195
f 233 195 234
f 234 195 176
f 234 176 177
f 235 236 224
f 224 236 222
f 237 238 239
f 239 238 240
f 239 240 241
f 240 242 241
f 241 242 243
f 241 243 236
f 244 243 242
f 244 242 245
f 245 242 240
f 245 240 246
f 247 248 249
f 249 248 250
f 249 250 251
f 251 250 252
f 251 252 253
f 249 246 247
f 247 246 240
f 247 240 248
f 248 240 238
f 254 237 255
f 255 237 239
f 255 239 256
f 256 239 241
f 241 236 256
f 256 236 235
f 257 258 259
f 259 258 260
f 259 260 261
f 262 263 264
f 264 263 265
f 264 265 257
f 257 265 266
f 257 266 258
f 264 267 262
f 262 267 268
f 262 268 269
f 269 268 270
f 269 270 271
f 271 270 272
f 271 272 273
f 273 272 274
f 273 274 275
f 275 274 276
f 276 274 277
f 276 277 278
f 278 277 279
f 279 277 280
f 279 280 281
f 281 280 282
f 282 280 283
f 282 283 284
f 284 283 285
f 285 283 160
f 285 160 162
f 274 286 287
f 274 287 277
f 288 289 274
f 274 289 290
f 274 290 286
f 268 291 270
f 270 291 288
f 270 288 272
f 272 288 274
f 292 293 267
f 267 293 294
f 267 294 268
f 268 294 295
f 268 295 291
f 287 296 277
f 277 296 297
f 277 297 280
f 280 297 298
f 280 298 283
f 283 298 161
f 283 161 160
f 292 267 299
f 299 267 264
f 299 264 300
f 300 264 257
f 300 257 301
f 301 257 259
f 301 259 302
f 302 259 303
f 303 259 304
f 304 305 303
f 303 305 306
f 306 305 307
f 307 305 308
f 307 308 309
f 309 308 310
f 311 312 313
f 313 312 314
f 313 314 315
f 315 314 316
f 315 316 317
f 317 316 318
f 317 318 319
f 319 318 237
f 319 237 254
f 320 321 311
f 311 321 312
f 309 310 322
f 322 310 323
f 322 323 324
f 325 326 327
f 327 326 328
f 327 328 323
f 323 328 329
f 323 329 324
f 327 330 325
f 325 330 321
f 325 321 320
f 304 331 332
f 333 310 334
f 334 310 308
f 334 308 332
f 332 308 305
f 332 305 304
f 335 336 337
f 337 336 338
f 337 338 339
f 339 338 340
f 339 340 341
f 341 340 342
f 336 335 343
f 343 335 344
f 343 344 345
f 346 347 348
f 348 347 349
f 9 350 351
f 352 351 353
f 353 351 341
f 353 341 354
f 354 341 342
f 14 13 355
f 355 13 352
f 352 13 351
f 351 13 11
f 351 11 9
f 356 4 2
f 357 358 356
f 14 355 2
f 2 355 359
f 2 359 356
f 359 360 356
f 356 360 361
f 356 361 362
f 363 357 364
f 364 357 356
f 364 356 365
f 365 356 362
f 351 350 366
f 366 350 367
f 366 367 368
f 368 367 369
f 368 369 370
f 370 369 371
f 372 373 374
f 372 374 375
f 374 376 375
f 375 376 377
f 375 377 378
f 377 379 378
f 378 379 380
f 378 380 381
f 380 382 381
f 381 382 383
f 381 383 384
f 385 386 387
f 387 386 384
f 387 384 388
f 388 384 383
f 389 385 390
f 390 385 387
f 390 387 391
f 391 387 388
f 391 388 392
f 392 388 383
f 392 383 393
f 393 383 382
f 393 382 394
f 394 382 380
f 394 380 395
f 395 380 379
f 395 379 396
f 396 379 377
f 396 377 397
f 397 377 376
f 397 376 398
f 398 376 374
f 398 374 399
f 399 374 373
f 400 389 401
f 401 389 390
f 401 390 402
f 402 390 391
f 402 391 403
f 403 391 392
f 403 392 404
f 404 392 393
f 404 393 405
f 405 393 394
f 405 394 406
f 406 394 395
f 406 395 407
f 407 395 396
f 407 396 408
f 408 396 397
f 408 397 409
f 409 397 398
f 409 398 410
f 410 398 399
f 411 400 412
f 412 400 401
f 412 401 413
f 413 401 402
f 413 402 414
f 414 402 403
f 414 403 415
f 415 403 404
f 415 404 416
f 416 404 405
f 416 405 417
f 417 405 406
f 417 406 418
f 418 406 407
f 418 407 419
f 419 407 408
f 419 408 420
f 420 408 409
f 420 409 421
f 421 409 410
f 370 371 422
f 422 371 423
f 422 423 424
f 425 426 427
f 428 429 430
f 430 425 428
f 428 425 427
f 428 427 431
f 431 427 432
f 433 434 435
f 431 436 428
f 428 436 433
f 428 433 437
f 437 433 435
f 422 424 438
f 438 424 439
f 439 440 438
f 438 440 441
f 438 441 442
f 442 441 443
f 442 443 428
f 428 443 444
f 428 444 429
f 423 421 424
f 424 421 410
f 443 441 399
f 399 441 440
f 399 440 410
f 410 440 439
f 410 439 424
f 425 430 373
f 373 430 429
f 373 429 399
f 399 429 444
f 399 444 443
f 373 372 425
f 425 372 426
f 445 431 446
f 446 431 432
f 447 445 446
f 446 448 447
f 447 448 449
f 447 449 450
f 450 449 253
f 450 253 451
f 238 452 248
f 248 452 453
f 248 453 250
f 250 453 451
f 250 451 252
f 252 451 253
f 238 237 452
f 452 237 318
f 452 318 316
f 316 314 452
f 452 314 312
f 452 312 454
f 454 312 321
f 454 321 330
f 310 333 323
f 323 333 454
f 323 454 327
f 327 454 330
f 455 456 457
f 458 456 459
f 459 456 455
f 459 455 460
f 460 455 461
f 331 462 332
f 332 462 457
f 332 457 334
f 334 457 456
f 334 456 333
f 333 456 458
f 346 348 463
f 463 348 464
f 465 460 466
f 466 460 461
f 466 461 464
f 464 461 467
f 464 467 463
f 454 333 468
f 468 333 458
f 468 458 465
f 465 458 459
f 465 459 460
f 452 454 469
f 469 454 470
f 469 470 471
f 471 470 472
f 452 469 473
f 474 445 447
f 475 476 474
f 474 476 445
f 447 450 474
f 474 450 451
f 474 451 473
f 473 451 453
f 473 453 452
f 475 474 477
f 477 474 473
f 477 473 478
f 478 473 469
f 478 469 471
f 431 445 436
f 436 445 476
f 436 476 433
f 433 476 434
f 434 476 475
f 434 475 479
f 471 480 478
f 478 480 479
f 478 479 477
f 477 479 475
f 472 470 481
f 482 348 483
f 466 464 482
f 482 464 348
f 483 484 482
f 482 484 485
f 482 485 481
f 481 485 486
f 481 486 472
f 466 482 465
f 465 482 481
f 465 481 468
f 468 481 470
f 468 470 454
f 348 349 487
f 348 487 483
f 483 487 488
f 483 488 484
f 484 488 489
f 484 489 485
f 485 489 490
f 485 490 486
f 486 490 491
f 486 491 472
f 472 491 471
f 471 491 480
f 490 489 492
f 490 492 491
f 491 492 493
f 491 493 480
f 480 493 494
f 480 494 479
f 479 494 435
f 479 435 434
f 345 344 495
f 495 344 496
f 495 496 497
f 497 496 498
f 499 500 501
f 501 500 502
f 501 502 503
f 499 504 500
f 500 504 505
f 500 505 506
f 506 505 507
f 506 507 496
f 496 507 508
f 496 508 498
f 492 489 509
f 509 489 488
f 509 488 500
f 347 502 349
f 349 502 500
f 349 500 487
f 487 500 488
f 510 511 503
f 503 511 501
f 495 497 512
f 499 501 511
f 508 507 513
f 513 507 505
f 513 505 511
f 511 505 504
f 511 504 499
f 512 497 513
f 513 497 498
f 513 498 508
f 514 343 512
f 512 343 345
f 512 345 495
f 515 516 517
f 517 518 515
f 515 518 519
f 515 519 520
f 519 521 520
f 520 521 522
f 520 522 523
f 522 524 523
f 523 524 525
f 523 525 526
f 525 527 526
f 526 527 528
f 526 528 529
f 528 530 529
f 529 530 531
f 529 531 510
f 510 531 532
f 510 532 511
f 513 511 533
f 533 511 532
f 533 532 534
f 534 532 531
f 534 531 535
f 535 531 530
f 535 530 536
f 536 530 528
f 536 528 537
f 537 528 527
f 537 527 538
f 538 527 525
f 538 525 539
f 539 525 524
f 539 524 540
f 540 524 522
f 540 522 541
f 541 522 521
f 541 521 542
f 542 521 519
f 542 519 543
f 543 519 518
f 543 518 544
f 544 518 517
f 512 513 545
f 545 513 533
f 545 533 546
f 546 533 534
f 546 534 547
f 547 534 535
f 547 535 548
f 548 535 536
f 548 536 549
f 549 536 537
f 549 537 550
f 550 537 538
f 550 538 551
f 551 538 539
f 551 539 552
f 552 539 540
f 552 540 553
f 553 540 541
f 553 541 554
f 554 541 542
f 554 542 555
f 555 542 543
f 555 543 556
f 556 543 544
f 514 512 557
f 557 512 545
f 557 545 558
f 558 545 546
f 558 546 559
f 559 546 547
f 559 547 560
f 560 547 548
f 560 548 561
f 561 548 549
f 561 549 562
f 562 549 550
f 562 550 563
f 563 550 551
f 563 551 564
f 564 551 552
f 564 552 565
f 565 552 553
f 565 553 566
f 566 553 554
f 566 554 567
f 567 554 555
f 567 555 568
f 568 555 556
f 517 516 569
f 569 516 570
f 569 570 571
f 571 570 572
f 571 572 573
f 573 572 574
f 574 572 575
f 576 577 578
f 578 577 579
f 578 579 580
f 580 579 581
f 580 581 574
f 574 581 573
f 577 582 583
f 577 583 579
f 579 583 584
f 579 584 581
f 581 584 571
f 581 571 573
f 582 585 586
f 582 586 583
f 583 586 587
f 583 587 584
f 584 587 569
f 584 569 571
f 517 569 544
f 544 569 587
f 544 587 556
f 556 587 586
f 556 586 568
f 568 586 585
f 346 463 588
f 502 347 346
f 589 590 575
f 463 467 588
f 588 467 461
f 588 461 455
f 304 259 331
f 331 259 261
f 331 261 462
f 462 261 588
f 462 588 457
f 457 588 455
f 575 572 589
f 589 572 570
f 589 570 591
f 591 570 516
f 591 516 592
f 592 516 515
f 592 515 593
f 593 515 520
f 593 520 594
f 594 520 523
f 594 523 595
f 595 523 526
f 595 526 596
f 596 526 529
f 596 529 588
f 588 529 510
f 588 510 346
f 346 510 503
f 346 503 502
f 597 598 599
f 599 598 600
f 598 597 601
f 601 597 602
f 602 603 601
f 601 603 604
f 601 604 605
f 605 604 606
f 605 606 607
f 606 608 607
f 607 608 609
f 607 609 590
f 590 609 610
f 590 610 575
f 575 610 574
f 611 612 613
f 580 574 614
f 614 574 610
f 614 610 615
f 615 610 609
f 615 609 616
f 616 609 608
f 616 608 617
f 617 608 606
f 617 606 618
f 618 606 604
f 618 604 619
f 619 604 603
f 619 603 620
f 620 603 602
f 620 602 621
f 621 602 597
f 621 611 620
f 620 611 613
f 620 613 619
f 619 613 622
f 619 622 618
f 618 622 623
f 618 623 617
f 617 623 624
f 617 624 616
f 616 624 625
f 616 625 615
f 615 625 626
f 615 626 614
f 614 626 627
f 614 627 580
f 580 627 578
f 576 578 628
f 628 578 627
f 628 627 629
f 629 627 626
f 629 626 630
f 630 626 625
f 630 625 631
f 631 625 624
f 631 624 632
f 632 624 623
f 632 623 633
f 633 623 622
f 633 622 634
f 634 622 613
f 634 613 635
f 635 613 612
f 636 635 612
f 636 612 637
f 637 612 611
f 637 611 638
f 638 611 621
f 638 621 639
f 639 621 597
f 639 597 599
f 640 641 642
f 643 644 645
f 642 641 646
f 641 647 646
f 646 647 648
f 646 648 645
f 645 648 649
f 645 649 643
f 640 642 650
f 650 642 599
f 650 599 600
f 645 644 651
f 651 644 652
f 568 585 340
f 636 354 635
f 635 354 342
f 336 343 514
f 340 585 342
f 342 585 582
f 342 582 635
f 635 582 577
f 635 577 576
f 564 565 338
f 338 565 566
f 338 566 340
f 340 566 567
f 340 567 568
f 560 561 338
f 514 557 336
f 336 557 558
f 336 558 338
f 338 558 559
f 338 559 560
f 561 562 338
f 338 562 563
f 338 563 564
f 633 629 632
f 632 629 630
f 632 630 631
f 576 628 635
f 635 628 629
f 635 629 634
f 634 629 633
f 653 359 355
f 654 645 651
f 354 636 353
f 353 636 655
f 353 655 352
f 352 655 656
f 352 656 355
f 355 656 654
f 355 654 653
f 653 654 651
f 359 653 360
f 360 653 651
f 360 651 652
f 657 658 659
f 659 658 650
f 659 650 660
f 660 650 600
f 590 589 607
f 607 589 661
f 607 661 605
f 605 661 662
f 605 662 601
f 601 662 663
f 601 663 598
f 598 663 664
f 598 664 600
f 600 664 665
f 600 665 660
f 666 667 668
f 668 667 669
f 668 669 670
f 670 669 671
f 670 671 672
f 672 671 673
f 672 673 674
f 673 675 674
f 674 675 676
f 674 676 677
f 677 676 658
f 677 658 657
f 671 669 678
f 679 680 681
f 675 673 682
f 658 683 684
f 685 683 658
f 676 685 658
f 686 687 688
f 686 688 689
f 689 688 678
f 689 678 690
f 690 678 691
f 691 678 669
f 691 669 667
f 676 675 685
f 685 675 682
f 685 682 683
f 683 682 681
f 683 681 684
f 684 681 680
f 673 671 682
f 682 671 678
f 682 678 681
f 681 678 688
f 681 688 679
f 679 688 687
f 687 686 643
f 643 686 644
f 644 686 652
f 652 686 361
f 652 361 360
f 650 658 640
f 640 658 684
f 640 684 641
f 641 684 647
f 687 643 679
f 679 643 649
f 679 649 648
f 647 684 648
f 648 684 680
f 648 680 679
f 361 686 692
f 361 692 362
f 692 693 362
f 362 693 694
f 362 694 365
f 694 695 365
f 365 695 696
f 365 696 364
f 696 697 364
f 364 697 698
f 364 698 363
f 698 699 363
f 363 699 700
f 363 700 357
f 700 701 357
f 357 701 702
f 357 702 358
f 703 356 704
f 704 356 358
f 704 358 705
f 705 358 702
f 706 707 708
f 709 710 707
f 707 710 711
f 707 711 708
f 712 713 714
f 708 715 706
f 706 715 716
f 706 716 717
f 667 666 718
f 718 666 719
f 718 719 720
f 720 719 721
f 716 722 717
f 717 722 723
f 717 723 714
f 714 723 724
f 714 724 712
f 712 725 713
f 713 725 726
f 713 726 721
f 721 726 727
f 721 727 720
f 728 729 730
f 690 691 731
f 690 731 689
f 691 667 731
f 731 667 718
f 731 718 732
f 732 718 720
f 732 720 733
f 733 720 727
f 733 727 734
f 734 727 726
f 734 726 735
f 735 726 725
f 735 725 736
f 736 725 712
f 736 712 737
f 737 712 724
f 737 724 738
f 738 724 723
f 738 723 739
f 739 723 722
f 739 722 740
f 740 722 716
f 740 716 741
f 741 716 715
f 741 715 742
f 742 715 708
f 742 708 743
f 743 708 711
f 743 711 744
f 744 711 710
f 744 728 743
f 743 728 730
f 743 730 742
f 742 730 745
f 742 745 741
f 741 745 746
f 741 746 740
f 740 746 747
f 740 747 739
f 739 747 748
f 739 748 738
f 738 748 749
f 738 749 737
f 737 749 750
f 737 750 736
f 736 750 751
f 736 751 735
f 735 751 752
f 735 752 734
f 734 752 753
f 734 753 733
f 733 753 754
f 733 754 732
f 732 754 755
f 732 755 731
f 731 755 756
f 731 756 689
f 686 689 692
f 692 689 756
f 692 756 693
f 693 756 755
f 693 755 694
f 694 755 754
f 694 754 695
f 695 754 753
f 695 753 696
f 696 753 752
f 696 752 697
f 697 752 751
f 697 751 698
f 698 751 750
f 698 750 699
f 699 750 749
f 699 749 700
f 700 749 748
f 700 748 701
f 701 748 747
f 701 747 702
f 702 747 746
f 702 746 705
f 705 746 745
f 705 745 704
f 704 745 730
f 704 730 703
f 703 730 729
f 710 709 757
f 757 709 758
f 757 758 759
f 759 758 760
f 759 760 761
f 761 760 762
f 761 762 763
f 763 762 764
f 763 764 765
f 765 764 766
f 765 766 767
f 767 766 768
f 767 769 765
f 770 729 728
f 765 769 763
f 763 769 771
f 763 771 761
f 761 771 759
f 759 771 772
f 759 772 757
f 757 772 744
f 757 744 710
f 767 773 769
f 769 773 774
f 769 774 771
f 771 774 770
f 771 770 772
f 772 770 728
f 772 728 744
f 703 729 775
f 775 729 770
f 775 770 776
f 776 770 774
f 776 774 777
f 777 774 773
f 777 773 778
f 778 773 767
f 779 703 775
f 779 775 780
f 779 781 703
f 703 781 5
f 703 5 356
f 356 5 4
f 778 767 782
f 775 776 780
f 780 776 777
f 780 777 783
f 783 777 778
f 783 778 784
f 784 778 782
f 767 768 782
f 782 768 785
f 782 785 786
f 787 788 789
f 789 788 786
f 789 786 790
f 790 786 785
f 788 787 791
f 791 787 792
f 791 792 793
f 793 792 794
f 793 794 795
f 795 794 796
f 795 796 797
f 797 798 799
f 797 799 795
f 795 799 800
f 795 800 793
f 801 788 800
f 800 788 791
f 800 791 793
f 802 803 804
f 805 803 802
f 806 805 802
f 806 807 805
f 805 807 808
f 805 808 803
f 803 808 809
f 803 809 804
f 804 809 810
f 807 801 808
f 808 801 800
f 808 800 809
f 809 800 799
f 809 799 810
f 810 799 798
f 811 802 812
f 812 802 804
f 812 804 813
f 813 804 810
f 813 810 814
f 814 810 798
f 815 816 8
f 8 816 9
f 817 818 802
f 802 818 819
f 802 819 8
f 8 819 820
f 8 820 815
f 816 821 9
f 9 821 822
f 9 822 350
f 350 822 823
f 419 420 371
f 371 420 421
f 371 421 423
f 418 823 417
f 417 823 824
f 417 824 825
f 826 827 825
f 825 827 828
f 825 828 417
f 417 828 829
f 417 829 830
f 817 802 831
f 831 802 811
f 831 811 825
f 825 811 832
f 825 832 826
f 419 371 418
f 418 371 369
f 418 369 823
f 823 369 367
f 823 367 350
f 830 833 417
f 417 833 411
f 417 411 416
f 413 414 415
f 416 411 415
f 415 411 412
f 415 412 413
f 834 835 385
f 385 835 386
f 834 385 836
f 836 385 389
f 836 389 837
f 837 389 400
f 837 400 833
f 833 400 411
f 833 838 837
f 839 838 833
f 840 839 833
f 840 841 839
f 839 841 842
f 839 842 838
f 838 842 843
f 838 843 837
f 837 843 836
f 841 844 842
f 842 844 845
f 842 845 843
f 843 845 846
f 843 846 836
f 836 846 834
f 835 834 846
f 835 846 847
f 847 846 845
f 847 845 848
f 848 845 844
f 848 844 849
f 844 850 849
f 849 850 851
f 850 844 852
f 852 844 841
f 852 841 853
f 853 841 840
f 853 840 830
f 830 840 833
f 853 830 854
f 854 830 829
f 854 829 855
f 855 829 828
f 855 828 856
f 856 828 827
f 856 827 857
f 857 827 826
f 857 826 858
f 858 826 832
f 858 832 812
f 812 832 811
f 852 853 859
f 859 853 854
f 859 854 860
f 860 854 855
f 860 855 861
f 861 855 856
f 861 856 862
f 862 856 857
f 862 857 863
f 863 857 858
f 863 858 813
f 813 858 812
f 850 852 864
f 864 852 859
f 864 859 865
f 865 859 860
f 865 860 866
f 866 860 861
f 866 861 867
f 867 861 862
f 867 862 868
f 868 862 863
f 868 863 814
f 814 863 813
f 851 850 869
f 869 850 864
f 869 864 870
f 864 865 870
f 870 865 866
f 870 866 871
f 814 872 868
f 868 872 871
f 868 871 867
f 867 871 866
f 873 105 106
f 372 874 875
f 372 875 426
f 876 877 878
f 876 878 879
f 879 878 880
f 879 880 881
f 847 848 873
f 873 848 849
f 873 849 872
f 875 882 426
f 426 882 883
f 426 883 427
f 427 883 884
f 251 253 885
f 253 449 885
f 885 449 886
f 885 886 876
f 876 886 887
f 876 887 877
f 449 448 886
f 886 448 446
f 886 446 884
f 884 446 432
f 884 432 427
f 870 871 869
f 869 871 872
f 869 872 851
f 851 872 849
f 245 246 885
f 885 246 249
f 885 249 251
f 847 873 835
f 835 873 106
f 835 106 386
f 106 108 386
f 386 108 888
f 386 888 384
f 384 888 889
f 384 889 381
f 381 889 890
f 381 890 378
f 378 890 879
f 378 879 375
f 375 879 881
f 375 881 372
f 372 881 891
f 372 891 874
f 222 236 223
f 223 236 243
f 223 243 885
f 885 243 244
f 885 244 245
f 892 893 894
f 895 892 896
f 896 892 894
f 896 894 897
f 897 894 898
f 893 899 894
f 894 899 898
f 895 896 900
f 900 896 897
f 900 897 901
f 902 903 904
f 904 903 905
f 904 905 906
f 904 907 902
f 902 907 908
f 902 908 909
f 908 910 909
f 909 910 911
f 909 911 912
f 911 913 912
f 912 913 914
f 912 914 915
f 915 914 916
f 915 916 917
f 916 918 917
f 917 918 919
f 917 919 901
f 901 919 920
f 901 920 900
f 921 906 905
f 921 905 922
f 903 923 905
f 905 923 924
f 905 924 922
f 923 925 924
f 924 925 922
f 926 927 928
f 926 928 929
f 930 931 928
f 928 931 932
f 928 932 929
f 931 933 932
f 932 933 929
f 934 935 936
f 936 935 937
f 938 934 936
f 939 938 940
f 940 938 936
f 940 936 941
f 941 936 937
f 942 930 943
f 943 930 928
f 943 928 927
f 939 940 944
f 944 940 941
f 944 941 945
f 943 946 942
f 942 946 947
f 942 947 948
f 947 949 948
f 948 949 950
f 948 950 951
f 950 952 951
f 951 952 953
f 951 953 954
f 954 953 955
f 954 955 956
f 955 957 956
f 956 957 958
f 956 958 945
f 945 958 959
f 945 959 944
f 872 814 798
f 872 798 925
f 925 798 797
f 925 797 796
f 934 938 921
f 796 935 925
f 925 935 934
f 925 934 922
f 922 934 921
f 897 898 923
f 923 898 899
f 923 899 925
f 925 899 873
f 925 873 872
f 923 903 897
f 897 903 902
f 897 902 901
f 901 902 917
f 909 912 902
f 902 912 915
f 902 915 917
f 943 900 946
f 946 900 920
f 946 920 947
f 947 920 919
f 947 919 949
f 949 919 918
f 949 918 950
f 950 918 916
f 950 916 952
f 952 916 914
f 952 914 953
f 953 914 913
f 953 913 955
f 955 913 911
f 955 911 957
f 957 911 910
f 957 910 958
f 958 910 908
f 958 908 959
f 959 908 907
f 959 907 944
f 944 907 904
f 944 904 939
f 939 904 906
f 939 906 938
f 938 906 921
f 926 960 927
f 927 960 961
f 927 961 943
f 943 961 962
f 962 963 943
f 943 963 964
f 943 964 900
f 900 964 965
f 966 967 892
f 965 968 900
f 900 968 966
f 900 966 895
f 895 966 892
f 116 103 105
f 933 969 970
f 105 933 971
f 116 105 972
f 972 105 971
f 972 971 973
f 892 967 893
f 893 967 974
f 960 926 970
f 970 926 929
f 970 929 933
f 969 933 975
f 975 933 105
f 975 105 976
f 976 105 873
f 976 873 974
f 974 873 899
f 974 899 893
f 90 89 971
f 971 89 977
f 971 977 973
f 973 977 978
f 973 978 979
f 980 121 114
f 981 117 123
f 117 981 118
f 982 983 984
f 102 985 986
f 987 988 989
f 973 979 972
f 972 979 115
f 972 115 116
f 990 991 981
f 981 991 992
f 981 992 118
f 993 994 990
f 995 996 997
f 997 996 998
f 993 999 1000
f 1000 999 1001
f 1000 1001 980
f 993 990 999
f 999 990 981
f 999 981 1001
f 1001 981 123
f 1001 123 980
f 980 123 124
f 980 124 121
f 101 1002 102
f 102 1002 1003
f 102 1003 985
f 985 1003 984
f 985 984 986
f 986 984 983
f 989 982 987
f 987 982 984
f 987 984 1004
f 1004 984 1003
f 1004 1003 997
f 997 1003 1002
f 997 1002 995
f 1005 994 998
f 998 994 993
f 998 993 997
f 997 993 1000
f 997 1000 1004
f 1004 1000 980
f 1004 980 987
f 987 980 114
f 987 114 988
f 988 114 115
f 988 115 1006
f 1006 115 979
f 1005 998 1007
f 1007 998 996
f 1007 996 1008
f 101 100 1002
f 1002 100 99
f 1002 99 995
f 995 99 1009
f 995 1009 996
f 996 1009 1010
f 996 1010 1008
f 1011 1008 1010
f 1011 1010 96
f 96 1010 1009
f 96 1009 97
f 97 1009 99
f 97 99 93
f 1012 1011 1013
f 1013 1011 1014
f 96 1015 1011
f 1011 1015 1016
f 1011 1016 1014
f 90 796 91
f 91 796 794
f 91 794 98
f 98 794 792
f 98 792 95
f 95 792 787
f 95 787 96
f 96 787 789
f 96 789 1015
f 90 971 796
f 796 971 933
f 796 933 935
f 935 933 931
f 935 931 937
f 937 931 930
f 937 930 941
f 941 930 942
f 941 942 945
f 945 942 956
f 948 951 942
f 942 951 954
f 942 954 956
f 1017 1018 1019
f 768 766 1020
f 768 1020 785
f 1021 1022 1023
f 1023 1022 1024
f 1025 1026 1027
f 789 790 1015
f 1015 790 1028
f 1015 1028 1016
f 1016 1028 1029
f 1016 1029 1014
f 1014 1029 1030
f 1014 1030 1013
f 1013 1030 1031
f 1013 1031 1012
f 1012 1031 1023
f 1012 1023 1032
f 1032 1023 1024
f 1027 1017 1025
f 1025 1017 1019
f 1025 1019 1033
f 1033 1019 1034
f 1033 1034 1035
f 1035 1034 1036
f 1035 1036 1037
f 1037 1036 1038
f 1037 1038 1020
f 1020 1038 1039
f 1020 1039 785
f 790 785 1028
f 1028 785 1039
f 1028 1039 1029
f 1029 1039 1038
f 1029 1038 1030
f 1030 1038 1036
f 1030 1036 1031
f 1031 1036 1034
f 1031 1034 1023
f 1023 1034 1019
f 1023 1019 1021
f 1021 1019 1018
f 1018 1017 1040
f 1011 1012 111
f 111 1041 1042
f 1040 1017 1043
f 1043 1017 1027
f 1043 1027 1044
f 1044 1027 1026
f 1044 1026 1045
f 1042 1046 111
f 111 1046 1047
f 111 1047 1048
f 1012 1032 111
f 111 1032 1024
f 111 1024 1041
f 1041 1024 1022
f 1041 1022 1040
f 1040 1022 1021
f 1040 1021 1018
f 112 119 1007
f 1007 119 118
f 1007 118 1005
f 112 1007 111
f 111 1007 1008
f 111 1008 1011
f 992 991 990
f 992 990 118
f 118 990 994
f 118 994 1005
f 1049 1050 1051
f 1051 1050 1052
f 1051 1052 1053
f 1053 1052 143
f 1053 143 1054
f 1054 143 111
f 1054 111 1055
f 1055 111 1048
f 50 52 595
f 64 66 147
f 147 66 68
f 31 45 595
f 595 45 46
f 595 46 50
f 52 54 595
f 595 54 56
f 595 56 147
f 147 56 57
f 147 57 64
f 31 595 33
f 33 595 596
f 33 596 1056
f 60 139 61
f 61 139 147
f 61 147 62
f 62 147 68
f 1057 163 1058
f 1058 163 164
f 1058 164 26
f 26 164 23
f 164 178 23
f 23 178 189
f 23 189 22
f 22 189 191
f 22 191 16
f 16 191 139
f 16 139 18
f 18 139 60
f 595 147 148
f 595 148 594
f 594 148 126
f 594 126 593
f 593 126 125
f 593 125 592
f 592 125 144
f 592 144 591
f 1052 661 589
f 1052 589 143
f 143 589 591
f 143 591 144
f 1051 664 663
f 1051 663 1049
f 1049 663 662
f 1049 662 1050
f 1050 662 661
f 1050 661 1052
f 1051 1053 1059
f 1059 1060 1051
f 1051 1060 1061
f 1051 1061 664
f 664 1061 1062
f 664 1062 665
f 657 659 1063
f 1042 1041 1064
f 1064 1041 1040
f 1064 1040 1043
f 1048 1047 1065
f 1065 1047 1046
f 1066 1053 1067
f 1067 1053 1054
f 1067 1054 1055
f 1046 1042 1065
f 1065 1042 1064
f 1065 1064 1068
f 1068 1064 1069
f 1068 1069 1070
f 1070 1069 1071
f 1070 1071 1072
f 1072 1071 1073
f 1072 1073 1063
f 1063 1073 1074
f 1063 1074 657
f 657 1074 677
f 1055 1048 1067
f 1067 1048 1065
f 1067 1065 1066
f 1066 1065 1068
f 1066 1068 1075
f 1075 1068 1070
f 1075 1070 1076
f 1076 1070 1072
f 1076 1072 1077
f 1077 1072 1063
f 1077 1063 660
f 660 1063 659
f 660 665 1077
f 1077 665 1062
f 1077 1062 1076
f 1076 1062 1061
f 1076 1061 1075
f 1075 1061 1060
f 1075 1060 1066
f 1066 1060 1059
f 1066 1059 1053
f 1043 1044 1064
f 1064 1044 1078
f 666 668 1079
f 666 1079 719
f 677 1074 674
f 674 1074 1080
f 674 1080 672
f 672 1080 1079
f 672 1079 670
f 670 1079 668
f 1079 1081 719
f 719 1081 1082
f 719 1082 721
f 721 1082 1083
f 721 1083 713
f 713 1083 1084
f 713 1084 714
f 714 1084 1085
f 714 1085 717
f 717 1085 1086
f 717 1086 706
f 706 1086 1087
f 1088 762 760
f 760 758 1088
f 1088 758 709
f 1088 709 1087
f 1087 709 707
f 1087 707 706
f 1020 766 764
f 762 1088 764
f 764 1088 1089
f 764 1089 1020
f 1045 1026 1025
f 1045 1025 1090
f 1025 1033 1090
f 1090 1033 1035
f 1090 1035 1089
f 1089 1035 1037
f 1089 1037 1020
f 1074 1073 1080
f 1080 1073 1071
f 1080 1071 1078
f 1078 1071 1069
f 1078 1069 1064
f 1091 1092 1093
f 1091 1093 1094
f 1094 1093 1095
f 1094 1095 1096
f 1096 1095 1097
f 1096 1097 1098
f 1098 1097 1099
f 1098 1099 1100
f 1100 1099 1101
f 1100 1101 1102
f 1102 1101 1103
f 1102 1103 1104
f 1105 1092 1106
f 1106 1092 1091
f 1105 1106 1107
f 1105 1107 1108
f 1108 1107 1109
f 1108 1109 1110
f 1110 1109 1111
f 1110 1111 1112
f 1112 1111 1113
f 1112 1113 1114
f 1114 1113 1115
f 1114 1115 1116
f 1116 1115 1117
f 1116 1117 1118
f 1119 1120 1121
f 1119 1121 1122
f 1122 1121 1123
f 1122 1123 1124
f 1124 1123 1125
f 1124 1125 1126
f 1126 1125 1127
f 1126 1127 1128
f 1128 1127 1129
f 1128 1129 1130
f 1130 1129 1131
f 1130 1131 1132
f 1133 1118 1134
f 1134 1118 1117
f 1135 1120 1136
f 1136 1120 1119
f 1135 1136 1137
f 1135 1137 1138
f 1138 1137 1139
f 1138 1139 1140
f 1140 1139 1141
f 1140 1141 1142
f 1142 1141 1143
f 1142 1143 1144
f 1144 1143 1145
f 1144 1145 1146
f 1146 1145 1133
f 1146 1133 1134
f 1105 1136 1092
f 1092 1136 1119
f 1110 1112 1114
f 1105 1118 1136
f 1136 1118 1133
f 1136 1133 1137
f 1105 1108 1118
f 1118 1108 1110
f 1118 1110 1116
f 1116 1110 1114
f 1133 1145 1143
f 1124 1132 1122
f 1122 1132 1119
f 1119 1132 1092
f 1092 1132 1103
f 1092 1103 1093
f 1099 1097 1095
f 1143 1141 1133
f 1133 1141 1139
f 1133 1139 1137
f 1124 1126 1132
f 1132 1126 1128
f 1132 1128 1130
f 1093 1103 1095
f 1095 1103 1101
f 1095 1101 1099
f 1103 1132 1104
f 1104 1132 1131
f 1147 1148 1149
f 1149 1148 1150
f 1151 1152 876
f 1152 1153 876
f 876 1153 1154
f 876 1154 1155
f 1156 223 1157
f 1157 223 1158
f 1157 1158 1159
f 1159 1158 876
f 1159 876 1160
f 1160 876 1155
f 1151 876 1149
f 1149 876 1161
f 1149 1161 1147
f 1162 1163 1164
f 1159 1165 1166
f 1167 1168 1169
f 1170 1171 1162
f 1150 1172 1149
f 1149 1172 1173
f 1173 1174 1149
f 1149 1174 1175
f 1149 1175 1151
f 1175 1176 1151
f 1151 1176 1177
f 1151 1177 1152
f 1152 1177 1178
f 1152 1178 1179
f 1179 1178 1180
f 1179 1180 1181
f 1181 1154 1179
f 1179 1154 1153
f 1179 1153 1152
f 1182 1160 1181
f 1181 1160 1155
f 1181 1155 1154
f 1183 1184 1185
f 1185 1184 1156
f 1185 1156 1166
f 1166 1156 1157
f 1166 1157 1159
f 1186 1187 1188
f 1188 1187 1189
f 1190 1191 1188
f 1188 1191 1192
f 1192 1193 1188
f 1188 1193 1194
f 1188 1194 1186
f 1195 1196 1197
f 1197 1196 1198
f 1180 1199 1181
f 1181 1199 1200
f 1181 1200 1182
f 1182 1200 1169
f 1182 1169 1164
f 1164 1169 1168
f 1164 1168 1162
f 1162 1168 1167
f 1162 1167 1170
f 1197 1190 1195
f 1195 1190 1188
f 1195 1188 1185
f 1185 1188 1189
f 1185 1189 1183
f 1159 1160 1165
f 1165 1160 1182
f 1165 1182 1166
f 1166 1182 1164
f 1166 1164 1185
f 1185 1164 1163
f 1185 1163 1195
f 1195 1163 1162
f 1195 1162 1196
f 1196 1162 1171
f 135 1201 1202
f 1202 1201 1203
f 1201 1204 1203
f 1203 1204 1205
f 1206 1207 188
f 188 1207 1208
f 188 1208 1209
f 1209 1208 1210
f 1209 1210 1211
f 1211 1210 1212
f 1213 1214 1215
f 1215 1214 1211
f 1215 1211 1216
f 1216 1211 1212
f 1213 1217 1214
f 1214 1217 1218
f 1214 1218 1219
f 1201 135 1220
f 1220 135 1219
f 1220 1219 1221
f 1221 1219 1218
f 1206 188 1222
f 1222 188 194
f 1222 194 1223
f 193 1224 194
f 194 1224 1225
f 194 1225 1223
f 1208 1226 1210
f 1210 1226 1227
f 1210 1227 1212
f 1212 1227 1228
f 1212 1228 1216
f 1216 1228 1229
f 1230 1217 1231
f 1231 1217 1213
f 1231 1213 1229
f 1229 1213 1215
f 1229 1215 1216
f 1204 1201 1232
f 1232 1201 1220
f 1232 1220 1233
f 1233 1220 1221
f 1233 1221 1230
f 1230 1221 1218
f 1230 1218 1217
f 1234 1235 1150
f 1150 1235 1236
f 1150 1236 1226
f 1226 1236 1237
f 1226 1237 1227
f 1227 1237 1228
f 1148 1238 1150
f 1150 1238 1239
f 1150 1239 1234
f 1240 1231 1237
f 1237 1231 1229
f 1237 1229 1228
f 1241 1242 1148
f 1148 1242 1243
f 1148 1243 1238
f 1244 1245 1246
f 1246 1245 1205
f 1246 1205 1247
f 1247 1205 1204
f 1247 1204 1248
f 1248 1204 1232
f 1248 1232 1249
f 1249 1232 1233
f 1249 1233 1240
f 1240 1233 1230
f 1240 1230 1231
f 1250 1251 1241
f 1241 1251 1252
f 1241 1252 1242
f 1150 1226 1172
f 1172 1226 1173
f 1253 1180 1254
f 1254 1180 1178
f 1178 1177 1254
f 1254 1177 1176
f 1254 1176 1255
f 1255 1176 1175
f 1255 1175 1226
f 1226 1175 1174
f 1226 1174 1173
f 1253 1256 1180
f 1180 1256 1257
f 1180 1257 1199
f 1199 1257 1258
f 1258 1259 1199
f 1199 1259 1260
f 1199 1260 1200
f 1200 1260 1261
f 1200 1261 1262
f 1263 1170 1264
f 1264 1170 1167
f 1262 1265 1200
f 1200 1265 1264
f 1200 1264 1169
f 1169 1264 1167
f 1170 1263 1266
f 1266 1267 1170
f 1170 1267 1268
f 1170 1268 1171
f 1269 1270 1271
f 1271 1270 1198
f 1271 1198 1268
f 1268 1198 1196
f 1268 1196 1171
f 1269 1272 1270
f 1270 1272 1273
f 1270 1273 1274
f 1274 1275 1270
f 1270 1275 1276
f 1270 1276 1277
f 1277 1278 1270
f 1270 1278 1279
f 1270 1279 1280
f 1197 1198 1270
f 1190 1197 1281
f 1281 1197 1270
f 1281 1270 1282
f 1282 1270 1280
f 1282 1280 1283
f 1283 1280 1284
f 1284 1280 1279
f 1284 1279 1285
f 1285 1279 1286
f 1286 1279 1278
f 1286 1278 1287
f 1287 1278 1288
f 1288 1278 1277
f 1288 1277 1289
f 1289 1277 1290
f 1290 1277 1276
f 1290 1276 1291
f 1291 1276 1292
f 1292 1276 1275
f 1292 1275 1293
f 1293 1275 1294
f 1294 1275 1274
f 1294 1274 1295
f 1295 1274 1296
f 1296 1274 1273
f 1296 1273 1297
f 1297 1273 1298
f 1298 1273 1272
f 1298 1272 1299
f 1299 1272 1300
f 1300 1272 1269
f 1300 1269 1301
f 1301 1269 1271
f 1301 1271 1302
f 1225 1260 1259
f 1225 1259 1223
f 1259 1258 1223
f 1223 1258 1257
f 1223 1257 1222
f 1257 1256 1222
f 1222 1256 1253
f 1222 1253 1206
f 1253 1254 1206
f 1206 1254 1255
f 1206 1255 1207
f 1207 1255 1226
f 1207 1226 1208
f 1260 1225 1261
f 1261 1225 1224
f 1261 1224 1262
f 1262 1224 1303
f 1262 1303 1265
f 1265 1303 1304
f 1265 1304 1264
f 1304 1305 1264
f 1264 1305 1306
f 1264 1306 1263
f 1263 1306 1307
f 1263 1307 1266
f 1266 1307 1267
f 1267 1307 1308
f 1267 1308 1309
f 1309 1310 1267
f 1267 1310 1311
f 1267 1311 1268
f 1268 1311 1302
f 1268 1302 1271
f 1187 1186 1312
f 1313 1297 1314
f 1314 1297 1298
f 1314 1298 202
f 202 1298 1299
f 202 1299 1315
f 1315 1299 1300
f 1315 1300 1316
f 1316 1300 1301
f 1316 1301 1317
f 1317 1301 1302
f 1317 1302 1318
f 1318 1302 1311
f 1318 1311 1319
f 1320 1295 1313
f 1313 1295 1296
f 1313 1296 1297
f 1321 1293 1320
f 1320 1293 1294
f 1320 1294 1295
f 1322 1291 1321
f 1321 1291 1292
f 1321 1292 1293
f 1323 1289 1322
f 1322 1289 1290
f 1322 1290 1291
f 1324 1287 1323
f 1323 1287 1288
f 1323 1288 1289
f 1325 1285 1324
f 1324 1285 1286
f 1324 1286 1287
f 1191 1190 1326
f 1326 1190 1327
f 1327 1190 1281
f 1327 1281 215
f 215 1281 1282
f 215 1282 1328
f 1328 1282 1283
f 1328 1283 1325
f 1325 1283 1284
f 1325 1284 1285
f 1312 1186 1329
f 1186 1194 1329
f 1329 1194 1193
f 1329 1193 1326
f 1326 1193 1192
f 1326 1192 1191
f 1187 1312 1189
f 1189 1312 1330
f 1189 1330 1183
f 1183 1330 1331
f 1183 1331 1184
f 1184 1331 223
f 1184 223 1156
f 1311 1310 1319
f 1319 1310 1309
f 1319 1309 1332
f 1309 1308 1332
f 1332 1308 1307
f 1332 1307 1333
f 1307 1306 1333
f 1333 1306 1305
f 1333 1305 1334
f 1334 1305 1304
f 1334 1304 1335
f 1304 1303 1335
f 1335 1303 1224
f 1335 1224 193
f 1336 1337 1338
f 1339 1340 1341
f 1341 1340 1342
f 1341 1343 1339
f 1339 1343 1344
f 1339 1344 1338
f 1338 1344 1345
f 1338 1345 1336
f 1346 1347 1348
f 1348 1347 1349
f 1348 1349 1350
f 1350 1349 1351
f 1351 1349 1352
f 1351 1352 1353
f 1353 1352 1354
f 1354 1352 1355
f 1354 1355 1356
f 1356 1355 1357
f 1357 1355 1342
f 1357 1342 1340
f 1358 1359 1360
f 1361 1362 1363
f 1364 1365 1366
f 1340 1367 1357
f 1357 1367 1356
f 1356 1367 1354
f 1354 1367 1368
f 1354 1368 1353
f 1353 1368 1351
f 1351 1368 1369
f 1351 1369 1370
f 1370 1364 1351
f 1351 1364 1366
f 1351 1366 1350
f 1350 1366 1371
f 1350 1371 1348
f 1348 1371 1346
f 1372 1361 1373
f 1373 1361 1363
f 1373 1363 1374
f 1359 1358 1373
f 1373 1358 1375
f 1373 1375 1372
f 1374 1376 1373
f 1373 1376 1346
f 1373 1346 1359
f 1359 1346 1371
f 1359 1371 1360
f 1360 1371 1366
f 1360 1366 1377
f 1377 1366 1365
f 1378 1379 1380
f 1380 1379 1381
f 1380 1381 1382
f 1382 1381 1383
f 1382 1383 1384
f 1384 1383 1385
f 1384 1385 1386
f 1386 1385 1387
f 1386 1387 1388
f 1388 1387 1389
f 1388 1389 1390
f 1390 1389 1391
f 1390 1391 1392
f 1392 1391 1393
f 1392 1393 1394
f 1394 1393 1395
f 1394 1395 1396
f 1396 1395 1397
f 1397 1395 1398
f 1397 1398 1399
f 1398 1400 1399
f 1399 1400 1401
f 1399 1401 1402
f 1403 1374 1363
f 1404 1405 1406
f 1406 1405 109
f 1406 109 1407
f 1407 109 1408
f 1407 1408 1409
f 1409 1408 1410
f 1409 1410 1411
f 1411 1410 1403
f 1411 1403 1412
f 1412 1403 1363
f 1412 1363 1362
f 1413 1401 1400
f 1395 1393 1412
f 1412 1393 1391
f 1412 1391 1411
f 1391 1389 1411
f 1411 1389 1387
f 1411 1387 1409
f 1387 1385 1409
f 1409 1385 1383
f 1409 1383 1407
f 1383 1381 1407
f 1407 1381 1379
f 1407 1379 1406
f 1414 1415 1413
f 1414 1413 1377
f 1377 1413 1360
f 1360 1413 1400
f 1360 1400 1358
f 1412 1362 1395
f 1395 1362 1361
f 1395 1361 1398
f 1398 1361 1372
f 1398 1372 1400
f 1400 1372 1375
f 1400 1375 1358
f 1406 1379 1404
f 1404 1379 1416
f 1417 1418 1419
f 1419 1418 1420
f 1419 1420 1416
f 1416 1420 1404
f 1420 1418 1421
f 1421 1422 1420
f 1420 1422 1423
f 1420 1423 1424
f 1424 1425 1420
f 1420 1425 1426
f 1420 1426 1427
f 1427 1428 1420
f 1420 1428 1429
f 1420 1429 1430
f 1405 1404 1431
f 1431 1404 1420
f 1431 1420 1432
f 1432 1420 1430
f 1433 1434 1435
f 1435 1434 1436
f 1437 1438 1439
f 1439 1438 1440
f 1439 1440 1441
f 1441 1440 1442
f 1441 1442 1443
f 1443 1442 1444
f 1444 1442 1445
f 1444 1445 1446
f 1446 1445 1447
f 1446 1447 1448
f 1448 1447 1449
f 1448 1449 1450
f 1450 1449 1451
f 1451 1449 1452
f 1451 1452 1453
f 1453 1452 1454
f 1453 1454 1455
f 1455 1454 1456
f 1455 1456 1457
f 1457 1456 1458
f 1457 1458 1459
f 1459 1458 1460
f 1459 1460 1461
f 1461 1460 1462
f 1461 1462 1434
f 1434 1462 1463
f 1434 1463 1436
f 1464 1422 1421
f 1465 1466 1437
f 1467 1444 1468
f 1468 1444 1446
f 1468 1446 1469
f 1465 1437 1470
f 1470 1437 1439
f 1470 1439 1471
f 1471 1439 1441
f 1471 1441 1467
f 1467 1441 1443
f 1467 1443 1444
f 1453 1472 1451
f 1451 1472 1473
f 1451 1473 1450
f 1450 1473 1469
f 1450 1469 1448
f 1448 1469 1446
f 1455 1474 1453
f 1453 1474 1475
f 1453 1475 1472
f 1455 1457 1474
f 1474 1457 1459
f 1474 1459 1476
f 1476 1459 1461
f 1476 1461 1477
f 1477 1461 1434
f 1477 1434 1418
f 1434 1433 1418
f 1418 1433 1478
f 1418 1478 1421
f 1421 1478 1479
f 1421 1479 1464
f 1466 1465 1480
f 1480 1465 1481
f 1482 1483 1484
f 1480 1484 1485
f 1438 1437 1485
f 1485 1437 1466
f 1485 1466 1480
f 1486 1487 1488
f 1488 1487 1482
f 1488 1482 1489
f 1489 1482 1484
f 1489 1484 1490
f 1490 1484 1480
f 1491 1481 1492
f 1492 1481 1465
f 1493 1419 1378
f 1378 1419 1416
f 1378 1416 1379
f 1493 1494 1419
f 1419 1494 1495
f 1419 1495 1496
f 1419 1492 1417
f 1417 1492 1497
f 1417 1497 1498
f 1498 1497 1499
f 1498 1499 1500
f 1496 1501 1419
f 1419 1501 1502
f 1419 1502 1503
f 1500 1504 1498
f 1498 1504 1505
f 1498 1505 1506
f 1503 1507 1419
f 1419 1507 1491
f 1419 1491 1492
f 1497 1492 1465
f 1418 1417 1477
f 1477 1417 1498
f 1477 1498 1476
f 1476 1498 1506
f 1504 1472 1505
f 1505 1472 1475
f 1505 1475 1506
f 1506 1475 1474
f 1506 1474 1476
f 1500 1469 1504
f 1504 1469 1473
f 1504 1473 1472
f 1465 1470 1497
f 1497 1470 1471
f 1497 1471 1499
f 1499 1471 1467
f 1499 1467 1500
f 1500 1467 1468
f 1500 1468 1469
f 1508 1509 1510
f 1509 1511 1512
f 1512 1511 1513
f 1512 1513 1514
f 1514 1513 1515
f 1514 1515 1516
f 1510 1509 1517
f 1517 1509 1512
f 1517 1512 1518
f 1508 1510 1519
f 1519 1510 1520
f 1519 1520 1521
f 1521 1520 1486
f 1521 1486 1522
f 1522 1486 1488
f 1522 1488 1523
f 1523 1488 1489
f 1523 1489 1524
f 1489 1490 1524
f 1524 1490 1480
f 1524 1480 1481
f 1481 1491 1524
f 1524 1491 1507
f 1524 1507 1523
f 1523 1507 1503
f 1523 1503 1522
f 1522 1503 1502
f 1495 1509 1496
f 1496 1509 1508
f 1496 1508 1501
f 1501 1508 1519
f 1501 1519 1502
f 1502 1519 1521
f 1502 1521 1522
f 1493 1515 1494
f 1494 1515 1513
f 1494 1513 1495
f 1495 1513 1511
f 1495 1511 1509
f 1378 1525 1493
f 1493 1525 1515
f 1526 108 1527
f 1527 108 1528
f 1527 1528 1529
f 1530 1531 1532
f 1532 1531 1533
f 1532 1533 1534
f 1534 1535 1532
f 1532 1535 1536
f 1532 1536 1537
f 1527 1516 1526
f 1526 1516 1515
f 1526 1515 1525
f 1525 1538 1526
f 1526 1538 1539
f 1526 1539 1530
f 1530 1539 1540
f 1530 1540 1531
f 1541 1537 1536
f 1542 1543 1544
f 1545 1546 1547
f 1547 1546 1548
f 1547 1548 1549
f 1549 1548 1550
f 1543 1542 1551
f 1552 1535 1553
f 1553 1535 1534
f 1554 1555 1556
f 1556 1555 1541
f 1556 1541 1551
f 1549 1557 1558
f 1559 1560 1557
f 1557 1560 1561
f 1557 1561 1558
f 1562 1563 1559
f 1559 1563 1564
f 1565 1566 1567
f 1567 1566 1568
f 1568 1569 1567
f 1567 1569 1570
f 1567 1570 1563
f 1563 1570 1571
f 1563 1571 1564
f 1550 1572 1549
f 1549 1572 1573
f 1549 1573 1557
f 1557 1573 1574
f 1557 1574 1559
f 1559 1574 1575
f 1559 1575 1562
f 1542 1545 1551
f 1551 1545 1547
f 1551 1547 1556
f 1556 1547 1549
f 1556 1549 1554
f 1554 1549 1558
f 1541 1536 1551
f 1551 1536 1535
f 1551 1535 1543
f 1543 1535 1552
f 1543 1552 1544
f 1576 1555 1577
f 1577 1555 1554
f 1577 1554 1558
f 1558 1561 1577
f 1577 1561 1560
f 1577 1560 1578
f 1578 1560 1559
f 1559 1564 1578
f 1578 1564 1571
f 1578 1571 1579
f 1579 1571 1570
f 1579 1570 1569
f 1565 1580 1566
f 1566 1580 1579
f 1566 1579 1568
f 1568 1579 1569
f 1580 1565 1581
f 1580 1581 1582
f 1582 1581 1583
f 1582 1583 1584
f 1584 1583 1585
f 1584 1585 1586
f 1586 1585 1587
f 1586 1587 1588
f 1588 1587 1589
f 1588 1589 1590
f 1590 1589 1591
f 1590 1591 1592
f 1592 1591 1593
f 1592 1593 1594
f 1594 1593 1595
f 1594 1595 1596
f 1596 1595 1597
f 1596 1597 1598
f 1598 1597 1599
f 1598 1599 1600
f 1600 1599 1601
f 1600 1601 1602
f 1603 1604 1605
f 1606 1605 1607
f 1607 1605 1604
f 1607 1604 1608
f 1606 1609 1605
f 1605 1609 1610
f 1605 1610 1611
f 1611 1612 1605
f 1605 1612 1613
f 1605 1613 1614
f 1603 1605 1615
f 1615 1605 1616
f 1615 1616 1617
f 1617 1616 1618
f 1618 1616 1619
f 1618 1619 1620
f 1620 1619 1621
f 1620 1621 1622
f 1622 1621 1602
f 1622 1602 1601
f 1623 1624 1625
f 1625 1624 1626
f 1625 1626 1627
f 1627 1626 1628
f 1628 1626 1629
f 1629 1626 1630
f 1629 1630 1631
f 1631 1630 1632
f 1631 1632 1633
f 1633 1632 1634
f 1634 1632 1635
f 1634 1635 1636
f 1636 1635 1637
f 1637 1635 1638
f 1637 1638 1639
f 1639 1638 1640
f 1640 1638 1641
f 1640 1641 1642
f 1642 1641 1643
f 1642 1643 1644
f 1644 1643 1337
f 1644 1337 1336
f 1645 1646 1647
f 1648 1649 1647
f 1647 1649 1650
f 1647 1650 1651
f 1645 1652 1646
f 1646 1652 1653
f 1646 1653 1654
f 1654 1653 1655
f 1654 1655 1656
f 1656 1655 1657
f 1656 1657 1658
f 1658 1657 1624
f 1658 1624 1623
f 1659 1660 1661
f 1661 1660 1662
f 1661 1662 1663
f 1664 1651 1661
f 1661 1651 1665
f 1661 1665 1659
f 1664 1666 1651
f 1651 1666 1667
f 1651 1667 1647
f 1647 1667 1668
f 1647 1668 1645
f 1601 1585 1622
f 1622 1585 1583
f 1622 1583 1620
f 1599 1597 1595
f 1583 1581 1620
f 1620 1581 1565
f 1620 1565 1618
f 1618 1565 1567
f 1618 1567 1563
f 1595 1593 1591
f 1601 1599 1585
f 1585 1599 1595
f 1585 1595 1587
f 1587 1595 1591
f 1587 1591 1589
f 1669 1670 1671
f 1671 1670 1672
f 1671 1672 1673
f 1673 1672 1674
f 1673 1674 1675
f 1675 1674 1676
f 1617 1618 1563
f 1603 1615 1677
f 1603 1677 1604
f 1678 1674 1672
f 1604 1677 1672
f 1672 1677 1679
f 1672 1679 1678
f 1572 1677 1573
f 1573 1677 1615
f 1573 1615 1574
f 1574 1615 1575
f 1617 1563 1615
f 1615 1563 1562
f 1615 1562 1575
f 1525 1378 1380
f 1525 1380 1538
f 1538 1380 1382
f 1538 1382 1539
f 1539 1382 1384
f 1539 1384 1540
f 1384 1386 1540
f 1540 1386 1388
f 1540 1388 1531
f 1394 1533 1392
f 1392 1533 1531
f 1392 1531 1390
f 1390 1531 1388
f 1545 1542 1399
f 1399 1542 1544
f 1399 1544 1397
f 1397 1544 1552
f 1397 1552 1396
f 1396 1552 1553
f 1396 1553 1394
f 1394 1553 1534
f 1394 1534 1533
f 1545 1399 1546
f 1546 1399 1402
f 1546 1402 1548
f 1548 1402 1680
f 1548 1680 1550
f 1402 1681 1682
f 1682 1681 1683
f 1682 1683 1684
f 1684 1683 1685
f 1682 1686 1402
f 1402 1686 1687
f 1402 1687 1680
f 1680 1687 1688
f 1680 1688 1550
f 1550 1688 1689
f 1550 1689 1572
f 1572 1689 1690
f 1572 1690 1677
f 1691 1692 1693
f 1693 1692 1401
f 1694 1681 1692
f 1692 1681 1402
f 1692 1402 1401
f 1695 1696 1697
f 1695 1697 1698
f 1694 1699 1681
f 1681 1699 1700
f 1681 1700 1701
f 1691 1693 1697
f 1697 1693 1702
f 1697 1702 1698
f 1701 1703 1681
f 1681 1703 1704
f 1681 1704 1705
f 1683 1681 1705
f 1692 1706 1694
f 1694 1706 1707
f 1694 1707 1699
f 1699 1707 1708
f 1699 1708 1700
f 1700 1708 1709
f 1700 1709 1701
f 1701 1709 1710
f 1701 1710 1703
f 1703 1710 1711
f 1703 1711 1704
f 1704 1711 1712
f 1704 1712 1705
f 1705 1712 1713
f 1705 1713 1683
f 1683 1713 1714
f 1683 1714 1685
f 1691 1715 1692
f 1692 1715 1706
f 1693 1663 1716
f 1693 1716 1702
f 1702 1716 1717
f 1702 1717 1698
f 1698 1717 1718
f 1698 1718 1695
f 1695 1718 1719
f 1695 1719 1696
f 1696 1719 1720
f 1696 1720 1697
f 1697 1720 1715
f 1697 1715 1691
f 1693 1721 1663
f 1663 1721 1722
f 1663 1722 1661
f 1723 1401 1724
f 1724 1401 1413
f 1724 1413 1725
f 1725 1413 1726
f 1723 1727 1401
f 1401 1727 1728
f 1401 1728 1693
f 1693 1728 1729
f 1693 1729 1721
f 1730 1731 1732
f 1732 1731 1733
f 1732 1733 1734
f 1734 1733 1735
f 1734 1735 1736
f 1736 1735 1737
f 1725 1726 1415
f 1667 1666 1725
f 1725 1666 1664
f 1725 1664 1738
f 1738 1664 1735
f 1738 1735 1733
f 1667 1725 1668
f 1668 1725 1415
f 1668 1415 1365
f 1365 1415 1414
f 1365 1414 1377
f 1365 1364 1668
f 1668 1364 1370
f 1668 1370 1645
f 1645 1370 1369
f 1645 1369 1652
f 1643 1632 1337
f 1337 1632 1630
f 1369 1368 1652
f 1652 1368 1367
f 1652 1367 1653
f 1653 1367 1340
f 1653 1340 1655
f 1655 1340 1339
f 1655 1339 1657
f 1657 1339 1338
f 1657 1338 1624
f 1624 1338 1337
f 1624 1337 1626
f 1626 1337 1630
f 1643 1641 1632
f 1632 1641 1638
f 1632 1638 1635
f 1739 1740 1741
f 1741 1740 1742
f 1742 1743 1741
f 1741 1743 1744
f 1741 1744 1745
f 1746 1747 1748
f 1748 1747 1749
f 1748 1749 1750
f 1750 1749 1751
f 1747 1746 1752
f 1747 1752 1753
f 1753 1752 1754
f 1753 1754 1755
f 1755 1754 1756
f 1755 1756 1757
f 1756 1758 1757
f 1757 1758 1759
f 1757 1759 1760
f 1759 1761 1760
f 1760 1761 1762
f 1760 1762 164
f 164 1762 1763
f 164 1763 1764
f 1748 1750 1765
f 1748 1765 1746
f 1766 1762 1761
f 1766 1761 1767
f 1761 1759 1767
f 1767 1759 1758
f 1767 1758 1768
f 1758 1756 1768
f 1768 1756 1754
f 1768 1754 1765
f 1765 1754 1752
f 1765 1752 1746
f 1769 163 1770
f 1770 163 164
f 1770 164 1764
f 1771 162 1772
f 1772 162 163
f 1772 163 1773
f 1773 163 1769
f 1774 1775 1776
f 1774 1776 1777
f 1776 1778 1777
f 1777 1778 1779
f 1777 1779 1780
f 1780 1779 1781
f 1780 1781 1782
f 1782 1781 1783
f 1782 1783 1784
f 1784 1783 1785
f 1783 1786 1785
f 1785 1786 1787
f 1785 1787 1788
f 1788 1787 1789
f 1788 1789 1790
f 1790 1789 1791
f 1790 1791 1792
f 1791 1793 1792
f 1792 1793 1771
f 1792 1771 1794
f 1794 1771 1772
f 1794 1772 1795
f 1795 1772 1773
f 1795 1773 1796
f 1797 1798 1769
f 1769 1798 1773
f 1773 1798 1799
f 1773 1799 1796
f 1770 1800 1769
f 1769 1800 1801
f 1769 1801 1797
f 1764 1802 1770
f 1770 1802 1803
f 1770 1803 1800
f 1762 1766 1763
f 1763 1766 1804
f 1763 1804 1764
f 1764 1804 1805
f 1764 1805 1802
f 1806 1742 1807
f 1807 1742 1740
f 1807 1740 1808
f 1809 1810 1811
f 1811 1810 1812
f 1811 1812 1813
f 1814 1815 1816
f 1816 1817 1814
f 1814 1817 1818
f 1814 1818 1811
f 1811 1818 1819
f 1811 1819 1809
f 1740 1739 1808
f 1808 1739 1811
f 1808 1811 1820
f 1820 1811 1813
f 1821 1822 1823
f 1823 1822 1824
f 1825 1826 1827
f 1827 1826 1828
f 1827 1828 1829
f 1825 1827 1830
f 1830 1827 1831
f 1830 1831 1832
f 1832 1831 1833
f 1832 1833 1834
f 1834 1833 1816
f 1816 1833 1835
f 1816 1835 1817
f 1810 1809 1836
f 1836 1809 1819
f 1836 1819 1835
f 1835 1819 1818
f 1835 1818 1817
f 1807 1808 1820
f 1806 1807 1837
f 1837 1807 1838
f 1837 1838 1839
f 1840 1841 1842
f 1842 1841 1843
f 1842 1843 1838
f 1838 1843 1844
f 1838 1844 1839
f 1821 1823 1845
f 1845 1823 1846
f 1845 1846 1847
f 1847 1846 1848
f 1847 1848 1849
f 1850 1851 1852
f 1850 1852 1853
f 1854 1855 1853
f 1853 1855 1856
f 1853 1856 1850
f 1850 1856 1857
f 1851 1849 1852
f 1852 1849 1848
f 1852 1848 1858
f 1858 1848 1846
f 1858 1846 1859
f 1859 1846 1823
f 1859 1823 1860
f 1860 1823 1824
f 1860 1824 1861
f 1861 1824 1840
f 1861 1840 1862
f 1862 1840 1842
f 1807 1820 1838
f 1838 1820 1813
f 1838 1813 1842
f 1842 1813 1812
f 1842 1812 1862
f 1862 1812 1810
f 1862 1810 1861
f 1861 1810 1836
f 1861 1836 1860
f 1860 1836 1835
f 1860 1835 1859
f 1859 1835 1833
f 1859 1833 1858
f 1858 1833 1831
f 1858 1831 1852
f 1852 1831 1827
f 1852 1827 1853
f 1853 1827 1829
f 1853 1829 1854
f 162 1771 1793
f 162 1793 1863
f 1793 1791 1863
f 1863 1791 1789
f 1863 1789 1864
f 1789 1787 1864
f 1864 1787 1786
f 1864 1786 1865
f 1865 1786 1783
f 1865 1783 1866
f 1866 1783 1781
f 1866 1781 1867
f 1867 1781 1779
f 1867 1779 1868
f 1779 1778 1868
f 1868 1778 1776
f 1868 1776 1869
f 1870 1871 263
f 263 1871 1872
f 263 1872 1873
f 1873 1872 1874
f 1873 1874 1875
f 1875 1874 1855
f 1875 1855 1876
f 1826 1877 1828
f 1828 1877 1878
f 1828 1878 1829
f 1829 1878 1876
f 1829 1876 1854
f 1854 1876 1855
f 1826 1825 1877
f 1877 1825 1830
f 1877 1830 1879
f 1879 1830 1832
f 1879 1832 1815
f 1815 1832 1834
f 1815 1834 1816
f 1880 1881 1870
f 1870 1881 1882
f 1870 1882 1871
f 1883 1884 1880
f 1880 1884 1885
f 1880 1885 1881
f 1886 1887 1883
f 1883 1887 1888
f 1883 1888 1884
f 1889 1890 1886
f 1886 1890 1891
f 1886 1891 1887
f 1892 1893 1889
f 1889 1893 1894
f 1889 1894 1890
f 1895 1896 1892
f 1892 1896 1897
f 1892 1897 1893
f 1898 1899 1895
f 1895 1899 1900
f 1895 1900 1896
f 1776 1775 1869
f 1869 1775 1901
f 1869 1901 1902
f 1902 1901 1903
f 1902 1903 1904
f 1904 1903 1905
f 1904 1905 276
f 276 1905 1906
f 276 1906 1907
f 1907 1906 1908
f 1907 1908 1898
f 1898 1908 1909
f 1898 1909 1899
f 1856 1855 1874
f 1910 1857 1856
f 1775 1774 1911
f 1856 1874 1910
f 1910 1874 1872
f 1910 1872 1912
f 1872 1871 1912
f 1912 1871 1882
f 1912 1882 1913
f 1882 1881 1913
f 1913 1881 1885
f 1913 1885 1914
f 1885 1884 1914
f 1914 1884 1888
f 1914 1888 1915
f 1888 1887 1915
f 1915 1887 1891
f 1915 1891 1916
f 1891 1890 1916
f 1916 1890 1894
f 1916 1894 1917
f 1894 1893 1917
f 1917 1893 1897
f 1917 1897 1918
f 1897 1896 1918
f 1918 1896 1900
f 1918 1900 1919
f 1900 1899 1919
f 1919 1899 1909
f 1919 1909 1920
f 1909 1908 1920
f 1920 1908 1906
f 1920 1906 1921
f 1906 1905 1921
f 1921 1905 1903
f 1921 1903 1911
f 1911 1903 1901
f 1911 1901 1775
f 1782 1784 1849
f 1782 1849 1780
f 1849 1851 1780
f 1780 1851 1850
f 1780 1850 1777
f 1777 1850 1857
f 1777 1857 1774
f 1774 1857 1911
f 1857 1910 1911
f 1911 1910 1912
f 1911 1912 1913
f 1919 1916 1918
f 1918 1916 1917
f 1919 1920 1916
f 1916 1920 1921
f 1916 1921 1911
f 1913 1914 1911
f 1911 1914 1915
f 1911 1915 1916
f 1849 1784 1847
f 1847 1784 1785
f 1847 1785 1845
f 1845 1785 1821
f 1785 1788 1821
f 1821 1788 1790
f 1821 1790 1792
f 1796 1822 1795
f 1795 1822 1821
f 1795 1821 1794
f 1794 1821 1792
f 1796 1799 1822
f 1822 1799 1798
f 1822 1798 1797
f 1801 1840 1797
f 1797 1840 1824
f 1797 1824 1822
f 1801 1800 1840
f 1840 1800 1803
f 1840 1803 1841
f 1841 1803 1802
f 1841 1802 1843
f 1843 1802 1844
f 1844 1802 1805
f 1844 1805 1839
f 1839 1805 1804
f 1839 1804 1837
f 1837 1804 1766
f 1837 1766 1806
f 1922 1923 1766
f 1924 1925 1806
f 1806 1925 1926
f 1806 1926 1927
f 1923 1928 1766
f 1766 1928 1929
f 1766 1929 1806
f 1806 1929 1930
f 1806 1930 1924
f 1927 1931 1806
f 1806 1931 1932
f 1806 1932 1933
f 1934 1935 1768
f 1768 1935 1936
f 1768 1936 1767
f 1936 1937 1767
f 1767 1937 1938
f 1767 1938 1766
f 1766 1938 1939
f 1766 1939 1922
f 1743 1742 1940
f 1940 1742 1806
f 1940 1806 1941
f 1941 1806 1933
f 1750 1751 1765
f 1765 1751 1942
f 1765 1942 1768
f 1768 1942 1943
f 1768 1943 1934

