mtllib material.mtl
usemtl mtl_right_hip_xy
v 0.02914320 0.05174935 -0.00106315
v 0.04438059 0.05298337 -0.00008464
v 0.04469828 0.05391128 -0.00127699
v 0.04493693 0.05484032 -0.00248150
v 0.04529282 0.05608703 -0.00409302
v 0.02904611 0.05457921 -0.00490450
v 0.01276124 0.05236915 -0.00579615
v 0.01290713 0.04975692 -0.00216163
v -0.00594270 0.04928267 -0.00732765
v -0.02443478 0.04585603 -0.00997867
v -0.02459116 0.04347115 -0.00668918
v -0.00589701 0.04682348 -0.00388830
v -0.08630935 -0.08352321 -0.00255846
v -0.08407788 -0.08490000 -0.00308943
v -0.08475041 -0.08352377 -0.00175437
v -0.08561122 -0.08490000 -0.00388036
v -0.08928993 -0.08285698 -0.00414509
v -0.08900889 -0.08412297 -0.00578185
v -0.09512472 -0.08179639 -0.00914486
v -0.10048620 -0.08012287 -0.01168914
v -0.09681775 -0.08164964 -0.01058400
v -0.09561625 -0.08068977 -0.00800570
v -0.09479983 -0.08187658 -0.00893340
v -0.09281357 -0.08263926 -0.00797328
v -0.10779324 -0.08351503 -0.02114943
v -0.10978426 -0.08245282 -0.02100697
v -0.10821865 -0.08375772 -0.02166971
v -0.10932705 -0.08219849 -0.02045997
v -0.10345855 -0.08191268 -0.01640772
v -0.09715518 -0.08169020 -0.01095872
v -0.09953857 -0.08153079 -0.01284748
v -0.10342950 -0.08030567 -0.01427236
v -0.10467745 -0.08052033 -0.01546064
v -0.11355666 -0.08366668 -0.02579900
v -0.11230367 -0.08507065 -0.02665770
v -0.12151013 -0.08428898 -0.03826460
v -0.12013973 -0.08571134 -0.03894349
v -0.11700191 -0.08392363 -0.03072071
v -0.12278177 -0.08466332 -0.04068397
v -0.12114048 -0.08603886 -0.04114707
v -0.12391605 -0.08553252 -0.04300999
v -0.12202355 -0.08679459 -0.04327320
v -0.12489749 -0.08687750 -0.04518177
v -0.12277842 -0.08796212 -0.04526509
v -0.12568681 -0.08865828 -0.04708481
v -0.12337636 -0.08950675 -0.04701665
v -0.12756774 -0.09596992 -0.05242075
v -0.12510934 -0.09654032 -0.05221692
v -0.12816820 -0.09997433 -0.05457988
v -0.12565590 -0.10039186 -0.05432777
v -0.12854089 -0.10420451 -0.05636358
v -0.12598851 -0.10445990 -0.05607653
v -0.12867273 -0.10827846 -0.05763976
v -0.12609649 -0.10837682 -0.05733306
v -0.12859075 -0.11245949 -0.05852738
v -0.12600414 -0.11239558 -0.05821386
v -0.12828512 -0.11671649 -0.05901086
v -0.12570234 -0.11648591 -0.05870389
v -0.12775235 -0.12095474 -0.05908169
v -0.12518798 -0.12055642 -0.05879482
v -0.12699938 -0.12508036 -0.05876008
v -0.12446766 -0.12451658 -0.05850627
v -0.12600538 -0.12914772 -0.05806134
v -0.12352129 -0.12841825 -0.05785397
v -0.12428695 -0.13440105 -0.05657521
v -0.12189029 -0.13345289 -0.05645026
v -0.12182327 -0.13936858 -0.05401769
v -0.11965555 -0.13803527 -0.05408342
v -0.11900697 -0.14285226 -0.05077006
v -0.11711250 -0.14123923 -0.05105795
v -0.11719586 -0.14434192 -0.04861390
v -0.11547971 -0.14260451 -0.04904447
v -0.11527462 -0.14543259 -0.04629260
v -0.11374899 -0.14359987 -0.04687401
v -0.11197601 -0.14629968 -0.04222911
v -0.11078046 -0.14437932 -0.04306886
v -0.10621418 -0.14671564 -0.03561508
v -0.10511538 -0.14475590 -0.03654658
v -0.10174052 -0.14795244 -0.03165308
v -0.10032862 -0.14606227 -0.03236194
v -0.10482989 -0.14690110 -0.03423245
v -0.09544919 -0.14995717 -0.02709701
v -0.09440109 -0.14794888 -0.02807045
v -0.09179314 -0.15030181 -0.02446534
v -0.09095544 -0.14826791 -0.02558927
v -0.08852892 -0.15012559 -0.02211460
v -0.08787879 -0.14809424 -0.02337150
v -0.08532288 -0.14949961 -0.01979398
v -0.08485698 -0.14749439 -0.02118060
v -0.08397617 -0.14909625 -0.01881251
v -0.08358774 -0.14710928 -0.02025344
v -0.08041745 -0.14759332 -0.01618667
v -0.08023421 -0.14567703 -0.01777092
v -0.07905778 -0.14709674 -0.01527652
v -0.07866520 -0.14509569 -0.01670419
v -0.07834984 -0.14697497 -0.01487241
v -0.07785378 -0.14495310 -0.01622219
v -0.07786019 -0.14693630 -0.01461640
v -0.07729442 -0.14490783 -0.01591354
v -0.07754968 -0.14692964 -0.01446329
v -0.07694041 -0.14489999 -0.01572752
v -0.07595687 -0.14692959 -0.01371279
v -0.07536981 -0.14489999 -0.01498750
v -0.07305096 -0.14670070 -0.01233512
v -0.07267909 -0.14468889 -0.01375658
v -0.07026387 -0.14602304 -0.01093032
v -0.07010052 -0.14406320 -0.01249423
v -0.06596939 -0.14389922 -0.00854203
v -0.06613359 -0.14210133 -0.01033066
v -0.06379556 -0.14212656 -0.00716912
v -0.06413051 -0.14046332 -0.00907576
v -0.06192488 -0.13998669 -0.00582767
v -0.06241195 -0.13848555 -0.00784035
v -0.05958588 -0.13559303 -0.00366864
v -0.06027955 -0.13442381 -0.00582809
v -0.05746312 -0.12633660 -0.00028960
v -0.05829145 -0.12554803 -0.00255039
v -0.05731050 -0.12585919 -0.00011774
v -0.05796123 -0.12459904 -0.00224845
v -0.05699786 -0.12550186 0.00005743
v -0.05736770 -0.12388892 -0.00186671
v -0.05654553 -0.12527752 0.00022697
v -0.05654827 -0.12344332 -0.00142665
v -0.05116435 -0.12455475 0.00158661
v -0.05088316 -0.12266896 0.00016461
v -0.05083627 -0.12455463 0.00165118
v -0.05055789 -0.12266896 0.00022859
v -0.06927107 -0.09021875 0.00379385
v -0.06610640 -0.09537619 0.00213329
v -0.06545378 -0.09486603 0.00434017
v -0.06969067 -0.09108207 0.00173472
v -0.07398522 -0.08662423 0.00258302
v -0.07409455 -0.08776166 0.00072520
v -0.07927382 -0.08432443 0.00071548
v -0.07901158 -0.08563814 -0.00089668
v -0.06144265 -0.10438175 0.00181389
v -0.06063473 -0.10426141 0.00410158
v -0.06019614 -0.10489586 0.00409374
v -0.05960888 -0.10642239 0.00244018
v -0.05953650 -0.10528813 0.00418314
v -0.06072943 -0.10564271 0.00200985
v -0.05291211 -0.10767394 0.00390789
v -0.05316082 -0.10645291 0.00538481
v -0.04725078 -0.12389867 0.00248955
v -0.04745401 -0.12212651 0.00072934
v -0.04426364 -0.12192000 0.00350071
v -0.04489154 -0.12048773 0.00143967
v -0.04249669 -0.11882185 0.00454287
v -0.04341038 -0.11792096 0.00227582
v -0.04235792 -0.11520219 0.00541487
v -0.04335675 -0.11492189 0.00308142
v -0.04374962 -0.11177442 0.00596410
v -0.04463239 -0.11208197 0.00370571
v -0.04627256 -0.10901911 0.00613836
v -0.04687929 -0.10979943 0.00406830
v -0.04952716 -0.10718603 0.00594019
v -0.04974308 -0.10828109 0.00414016
v 0.01109561 -0.15049516 -0.00350387
v 0.00444981 -0.14940621 -0.00140586
v 0.00519028 -0.15185052 -0.00405268
v 0.01020173 -0.14806755 -0.00085130
v 0.01692030 -0.14882417 -0.00288546
v 0.01584183 -0.14642657 -0.00023079
v 0.02566737 -0.14553384 -0.00176088
v 0.02658964 -0.14212617 0.00125960
v 0.02811215 -0.14441347 -0.00139630
v 0.03495958 -0.14076038 -0.00038123
v 0.03711766 -0.13605452 0.00287320
v 0.03897044 -0.13823073 0.00017344
v 0.08169176 -0.07903221 0.00259663
v 0.08841833 -0.06905828 -0.00258827
v 0.08606315 -0.06779511 0.00091053
v 0.08413869 -0.08053413 -0.00079099
v 0.07638469 -0.08994757 0.00397315
v 0.07886441 -0.09159612 0.00071851
v 0.07871114 -0.09188472 0.00075259
v 0.07017586 -0.10050973 0.00486408
v 0.07511753 -0.09825421 0.00141890
v 0.07308632 -0.10156223 0.00169398
v 0.07264239 -0.10226075 0.00174533
v 0.06318292 -0.11051739 0.00518866
v 0.06559341 -0.11235426 0.00219823
v 0.05539773 -0.11989523 0.00493954
v 0.05770253 -0.12182253 0.00206509
v 0.04670304 -0.12853990 0.00413888
v 0.05196237 -0.12770006 0.00166317
v 0.04883206 -0.13057867 0.00136386
v 0.04372240 -0.13480633 0.00078460
v 0.09153968 -0.05791179 -0.00384738
v 0.09389146 -0.04673192 -0.00426668
v 0.09333826 -0.04719073 -0.00361143
v 0.09067004 -0.04939380 -0.00046511
v 0.08901252 -0.05706679 -0.00017141
v 0.08425455 -0.05731943 0.00167075
v 0.08491196 -0.05215723 0.00158402
v 0.08525062 -0.05077882 0.00151289
v 0.08447155 -0.06144105 0.00151380
v 0.08430572 -0.05978854 0.00160060
v 0.08260390 0.00869658 -0.04039314
v 0.09439287 0.00540709 -0.02878043
v 0.09433770 -0.00492451 -0.02870873
v 0.08367857 0.02915892 -0.03825850
v 0.08657981 0.02767533 -0.03569472
v -0.08964737 -0.10836375 -0.08715133
v -0.11744599 -0.11046804 -0.08712213
v -0.11866641 -0.09963425 -0.08746187
v 0.03979965 -0.13368613 -0.06245250
v 0.03955330 -0.13178352 -0.06292691
v 0.04267643 -0.13184351 -0.06109576
v 0.02722405 -0.13178352 -0.06890196
v 0.01818350 -0.13218650 -0.07222955
v 0.02525146 -0.12908383 -0.07015532
v -0.08756000 -0.07119296 -0.08815040
v -0.08756000 -0.09622286 -0.08763038
v -0.08949192 -0.08494655 -0.08795932
v 0.06956545 0.00869658 -0.05161056
v 0.05923515 0.00637652 -0.05932840
v 0.05911535 0.00716112 -0.05936265
v 0.05929761 0.00526060 -0.05935039
v 0.05929761 -0.00720760 -0.05989336
v 0.05958742 -0.00959654 -0.05975789
v 0.05970169 -0.01001997 -0.05968820
v 0.06065741 -0.01223986 -0.05905762
v 0.05808592 0.01003193 -0.05986740
v 0.06958745 0.03083448 -0.04990743
v 0.05836295 0.00948192 -0.05972028
v 0.05672108 0.03033861 -0.05892569
v 0.05342515 0.01436903 -0.06250346
v 0.05168919 0.01497041 -0.06349229
v 0.06794130 0.03081425 -0.05115368
v 0.05936730 0.03048873 -0.05720864
v 0.05663963 0.01204991 -0.06067007
v 0.05559575 0.01302806 -0.06126330
v 0.04905863 0.01525775 -0.06497938
v 0.04995617 0.02987259 -0.06299441
v 0.04369620 0.01508974 -0.06785117
v 0.04385214 0.02936257 -0.06627595
v 0.04028691 0.01494516 -0.06952803
v 0.04058386 0.02905949 -0.06788442
v 0.03127155 0.01444924 -0.07342713
v 0.03140578 0.02812258 -0.07186799
v 0.02192973 0.01381398 -0.07669952
v 0.02173187 0.02705060 -0.07526743
v 0.01681774 0.01343860 -0.07818637
v 0.01802700 0.02662970 -0.07636937
v 0.01119158 0.02584964 -0.07813695
v 0.00601222 0.01264229 -0.08069701
v 0.00635978 0.02530472 -0.07919087
v 0.00504611 0.02515920 -0.07945121
v -0.00551355 0.01187971 -0.08255912
v -0.00487597 0.02410788 -0.08109938
v -0.00799700 0.02379678 -0.08151288
v -0.01811227 0.01119439 -0.08383720
v -0.01722010 0.02293539 -0.08247942
v -0.02093341 0.01105777 -0.08403791
v -0.02112782 0.02259265 -0.08278748
v -0.03756246 0.01025993 -0.08477688
v -0.03237207 0.02162488 -0.08343132
v -0.08953995 -0.01471035 -0.08670667
v -0.08712601 -0.01597936 -0.08679584
v -0.08725996 -0.01683148 -0.08684202
v -0.08599533 -0.01150175 -0.08654214
v -0.08972742 0.00869658 -0.08506357
v -0.08417975 -0.00722943 -0.08628202
v -0.08378154 -0.00648876 -0.08623505
v -0.08123373 -0.00263676 -0.08598130
v -0.07810769 0.00079469 -0.08574115
v -0.07749362 0.00135611 -0.08570052
v -0.07381812 0.00414880 -0.08549237
v -0.06973648 0.00635399 -0.08532023
v -0.06456988 0.00810577 -0.08517687
v -0.06129654 0.00869658 -0.08512541
v -0.05999155 0.00883753 -0.08511209
v -0.06895880 0.00668632 -0.08529360
v -0.08756000 -0.02106377 -0.08706171
v -0.08943821 -0.03811985 -0.08773699
v -0.08756000 -0.04613754 -0.08796095
v -0.08942220 -0.06153192 -0.08815454
v -0.08988855 -0.13178352 -0.08573056
v -0.08150116 -0.13185365 -0.08546412
v -0.08097503 -0.13253011 -0.08539095
v -0.08399146 -0.12796624 -0.08584360
v -0.08586387 -0.12371985 -0.08619519
v -0.08720115 -0.11840174 -0.08656660
v -0.08756000 -0.11377548 -0.08684080
v -0.08614073 -0.12289369 -0.08625743
v -0.06494647 -0.14285192 -0.08365727
v -0.06407619 -0.14305924 -0.08358181
v -0.06460832 -0.15403245 -0.08235256
v -0.07285909 -0.15378831 -0.08291817
v -0.06931990 -0.14137447 -0.08406213
v -0.08025480 -0.15293768 -0.08343818
v -0.07343528 -0.13923083 -0.08448379
v -0.08724438 -0.15136346 -0.08394852
v -0.07416291 -0.13876234 -0.08456285
v -0.07780133 -0.13591793 -0.08498230
v -0.04025019 -0.15236285 -0.08042178
v -0.03987524 -0.14225142 -0.08178034
v -0.02220885 -0.15035327 -0.07841322
v -0.05432000 -0.14360000 -0.08285665
v -0.05460958 -0.15365832 -0.08162057
v -0.05488049 -0.14365557 -0.08289187
v -0.05949175 -0.14371322 -0.08321254
v -0.01825677 -0.13980699 -0.07945108
v -0.00644387 -0.13820092 -0.07764495
v -0.02333443 -0.14040825 -0.08010019
v -0.00690583 -0.14838767 -0.07604836
v 0.00514179 -0.14632402 -0.07364099
v 0.00316000 -0.13652000 -0.07581875
v 0.01081676 -0.13467355 -0.07410713
v 0.00878599 -0.14555532 -0.07279401
v 0.01423926 -0.13360821 -0.07326659
v 0.01768283 -0.14327912 -0.07045636
v 0.02514655 -0.14079490 -0.06816109
v 0.03074720 -0.12613146 -0.06831271
v 0.03725593 -0.12193722 -0.06581476
v 0.03997654 -0.11992995 -0.06465512
v 0.04168184 -0.11996641 -0.06367446
v 0.04516074 -0.13012156 -0.05984899
v 0.04559801 -0.12980565 -0.05962199
v 0.04845807 -0.11996814 -0.05937643
v 0.05535591 -0.12169136 -0.05391000
v 0.05479981 -0.11957218 -0.05472797
v 0.05792323 -0.11917926 -0.05219404
v 0.05184944 -0.12485342 -0.05610885
v 0.02829410 -0.13954923 -0.06708192
v 0.03225735 -0.13778241 -0.06561463
v 0.03924146 -0.13402525 -0.06270546
v -0.09309202 -0.14924042 -0.08439326
v -0.09802925 -0.14663662 -0.08478703
v -0.10557963 -0.14032879 -0.08545842
v -0.10882028 -0.13613474 -0.08579718
v -0.10200117 -0.14377199 -0.08512429
v -0.11578923 -0.11897005 -0.08677763
v -0.11376695 -0.12589100 -0.08643549
v -0.11152729 -0.13134459 -0.08611970
v -0.11923566 -0.08683454 -0.08772206
v -0.11907553 -0.07204332 -0.08784395
v -0.11671672 -0.03901944 -0.08740553
v -0.11774474 -0.05012597 -0.08766569
v -0.11826438 -0.05686906 -0.08776843
v -0.11026012 0.00037480 -0.08554377
v -0.10826253 0.00405618 -0.08529956
v -0.11157431 -0.00329450 -0.08577681
v -0.11188109 -0.00437537 -0.08584318
v -0.11280902 -0.00838374 -0.08608318
v -0.11456174 -0.01985537 -0.08667883
v -0.09885778 0.01129820 -0.08480567
v -0.09405585 0.01297974 -0.08468302
v -0.10273182 0.00931527 -0.08494497
v -0.10582650 0.00693040 -0.08510717
v -0.03437787 0.02145014 -0.08351618
v -0.04483704 0.02050277 -0.08384866
v -0.05539120 0.01942945 -0.08406344
v -0.07214564 0.01730537 -0.08431703
v -0.08548412 0.01502350 -0.08452821
v 0.08225752 0.02963230 -0.03950197
v 0.08003115 0.03015543 -0.04142383
v 0.07516385 0.03070925 -0.04549746
v 0.09392986 0.01217206 -0.02918774
v 0.09307596 0.01709950 -0.02992412
v 0.09197592 0.02063035 -0.03088949
v 0.09054977 0.02350855 -0.03215390
v 0.08876943 0.02583270 -0.03374277
v 0.08251693 -0.01471035 -0.04057417
v 0.07954143 -0.01981935 -0.04329797
v 0.07629264 -0.01890284 -0.04634493
v 0.08453675 -0.02179094 -0.03831928
v 0.09391791 -0.01503504 -0.02876143
v 0.08903145 -0.02432836 -0.03349815
v 0.09303237 -0.02745069 -0.02887571
v 0.07037489 -0.01780805 -0.05153762
v 0.06958945 -0.01471035 -0.05220185
v 0.06929760 -0.01767606 -0.05243519
v 0.06241222 -0.01447770 -0.05781371
v 0.06082705 -0.01252098 -0.05894098
v 0.06300380 -0.01501102 -0.05737947
v 0.06529409 -0.01649958 -0.05564399
v 0.06661711 -0.01705711 -0.05460661
v 0.09362943 0.03428160 -0.01899159
v 0.09054193 0.03958761 -0.01924864
v 0.09199566 0.04156287 -0.01404323
v 0.08628727 0.04404502 -0.01947147
v 0.09370989 -0.04343447 -0.01692846
v 0.09185015 -0.05417186 -0.01690106
v 0.09237754 -0.05089046 -0.01768599
v 0.08059284 -0.09135868 -0.01843805
v 0.07806660 -0.09698931 -0.01754990
v 0.07765356 -0.09778045 -0.02077728
v 0.06433971 -0.11869320 -0.03584073
v 0.06781828 -0.11315289 -0.03555825
v 0.06964871 -0.11112030 -0.03227007
v 0.05347383 -0.12431715 -0.05392256
v 0.06145584 -0.11781861 -0.04648913
v 0.01187031 0.02821160 -0.07519232
v -0.02332251 0.04614357 -0.01087523
v -0.06001567 0.03851785 -0.01928003
v -0.06096300 0.03826378 -0.01895486
v -0.04895723 0.04087973 -0.01539224
v -0.07272841 0.03555962 -0.02336544
v -0.09971456 0.02704424 -0.04755655
v -0.11008892 0.02298293 -0.04983158
v -0.10869546 0.02387159 -0.04807496
v 0.07310539 -0.10169476 0.00125106
v 0.04383750 0.05543340 -0.01095300
v 0.04883317 0.05566528 -0.01040941
v 0.05132597 0.05535629 -0.01256246
v 0.04335730 0.05589508 -0.00544152
v 0.04536424 0.05607954 -0.00434150
v 0.04600482 0.05600856 -0.00609829
v 0.04763572 0.05581350 -0.00895425
v 0.05596577 0.05481837 -0.01472342
v 0.04402869 0.05458529 -0.01649705
v 0.05289347 0.05516687 -0.01351115
v 0.05586782 0.05465113 -0.01547426
v 0.05769235 0.05464136 -0.01509069
v 0.06098386 0.05435630 -0.01523437
v 0.07479260 0.05221051 -0.01447194
v 0.07018968 0.05419134 -0.01136769
v 0.07151569 0.05430332 -0.01002212
v 0.06753351 0.05410272 -0.01327781
v 0.06610727 0.05387219 -0.01483359
v 0.07552027 0.05371865 -0.00899381
v 0.07338969 0.05458493 -0.00733283
v 0.07404760 0.05474126 -0.00597655
v 0.07500282 0.05510914 -0.00282302
v 0.09405958 0.04451572 -0.00350245
v 0.09469835 0.04413591 -0.00211014
v 0.09574365 0.04181824 -0.00350635
v 0.09217947 0.04718494 -0.00225603
v 0.09202358 0.04694341 -0.00349193
v 0.08897951 0.04984254 -0.00238549
v 0.08960785 0.04908591 -0.00347439
v 0.08501291 0.05207081 -0.00250825
v 0.08679279 0.05093526 -0.00345381
v 0.08365213 0.05265879 -0.00254826
v 0.08357604 0.05249918 -0.00344335
v 0.08004250 0.05391078 -0.00265721
v 0.07593667 0.05480938 -0.00351005
v 0.09710366 0.03886640 -0.00350406
v 0.09835663 0.03609620 -0.00179924
v 0.09896290 0.03226148 -0.00348258
v 0.09660169 0.04081205 -0.00196386
v 0.09944933 0.03101773 -0.00168900
v 0.10009927 0.02429870 -0.00164321
v 0.09918425 0.03256324 -0.00171524
v 0.09986017 0.02482453 -0.00344142
v 0.10001835 0.01667914 -0.00338396
v 0.10016360 0.01664687 -0.00170517
v 0.09951043 0.00458762 -0.00199525
v 0.09864827 -0.00185923 -0.00808791
v 0.09777784 -0.01652524 -0.00298937
v 0.09715948 -0.02124729 -0.00784050
v 0.09739569 -0.02060961 -0.00322581
v 0.09594270 -0.03349875 -0.00394758
v 0.09467614 -0.04173849 -0.00769561
v 0.09566872 -0.03553944 -0.00404327
v 0.09279791 -0.05224661 -0.00768668
v 0.09035459 -0.06284915 -0.00773347
v 0.08724065 -0.07348564 -0.00784600
v 0.08335727 -0.08409005 -0.00803459
v 0.07868363 -0.09453104 -0.00831267
v 0.07324928 -0.10463525 -0.00869573
v 0.06678322 -0.11128079 0.00083438
v 0.05977551 -0.12022645 0.00026726
v 0.05213116 -0.12834983 -0.00047542
v 0.04389907 -0.13546900 -0.00141883
v 0.03512524 -0.14141195 -0.00258783
v 0.02580391 -0.14618342 -0.00400258
v 0.01588453 -0.14994115 -0.00567918
v -0.01798227 -0.15675965 -0.01243945
v -0.02068480 -0.15515295 -0.00622572
v -0.04449635 -0.15921171 -0.01854534
v -0.00774761 -0.15391685 -0.00511060
v -0.00595653 -0.15506651 -0.00988166
v 0.00531506 -0.15284793 -0.00763356
v -0.04614443 -0.15668042 -0.00997552
v -0.05883082 -0.16000383 -0.02204489
v -0.03351771 -0.15596358 -0.00773095
v -0.08753037 -0.15883157 -0.02927325
v -0.08248397 -0.15826091 -0.02389906
v -0.09350740 -0.15795437 -0.03137711
v -0.07361495 -0.15805350 -0.01914726
v -0.07333992 -0.16002887 -0.02567224
v -0.07076596 -0.15794575 -0.01783693
v -0.05857918 -0.15736903 -0.01325284
v -0.11428954 -0.15058830 -0.05350809
v -0.11333817 -0.15173078 -0.04922868
v -0.11756296 -0.14787491 -0.05358155
v -0.10869994 -0.15446271 -0.04461512
v -0.10922677 -0.15405065 -0.05226810
v -0.12962092 -0.11388999 -0.06565974
v -0.12975629 -0.11390555 -0.06538115
v -0.13042468 -0.10876118 -0.06583678
v -0.12915416 -0.11775848 -0.06492830
v -0.12791495 -0.12177055 -0.06537504
v -0.13178730 -0.09166745 -0.06648076
v -0.12669706 -0.10477057 -0.07372487
v -0.13085845 -0.10469285 -0.06609653
v -0.12799101 -0.08729513 -0.07365337
v -0.13214605 -0.07865489 -0.06640156
v -0.13211630 -0.06971557 -0.06618679
v -0.13194494 -0.08787601 -0.06649505
v -0.12740174 -0.05171390 -0.07269707
v -0.13150795 -0.05269147 -0.06561714
v -0.12487087 -0.02124442 -0.07132700
v -0.12811111 -0.06931184 -0.07327723
v -0.12765494 -0.01408570 -0.06485862
v -0.12350938 -0.00976430 -0.07068758
v -0.12931632 -0.02693957 -0.06491123
v -0.12527324 -0.00100386 -0.06442143
v -0.12176587 -0.00063659 -0.07004027
v -0.12692183 -0.00942978 -0.06481887
v -0.11752290 0.00956427 -0.06890524
v -0.12061848 0.01213864 -0.06098930
v -0.11546621 0.01224399 -0.06844901
v -0.12282867 0.00732513 -0.06293638
v -0.11922369 0.00655932 -0.06931683
v -0.12340811 0.00570526 -0.06336928
v -0.12506595 -0.00012556 -0.06433484
v -0.11715191 0.01585042 -0.06013291
v -0.11693303 0.01734623 -0.05714852
v -0.11414797 0.01815582 -0.05948430
v -0.11884065 0.01495746 -0.05919979
v -0.11968095 0.01332638 -0.06070412
v -0.11289813 0.02108884 -0.05264234
v -0.10650075 0.02232122 -0.05791477
v -0.11583668 0.01850837 -0.05593362
v -0.09953699 0.02802230 -0.03943519
v -0.08656081 0.03116649 -0.04474261
v -0.10425826 0.02610803 -0.04364058
v 0.02927181 0.05456654 -0.00704416
v 0.01357084 0.05252171 -0.00931703
v 0.09458359 0.01115395 -0.02772075
v 0.09372243 0.01813418 -0.02816517
v 0.09494019 0.00345485 -0.02730388
v 0.09491814 -0.00497604 -0.02692790
v 0.09406085 -0.02394306 -0.02634224
v 0.09223077 0.02440849 -0.02862380
v 0.08998272 0.02998978 -0.02908328
v 0.08685234 0.03489100 -0.02953027
v 0.08271374 0.03912505 -0.02995146
v 0.07325143 0.03686364 -0.04087757
v 0.06719676 0.03980484 -0.04154762
v 0.07821131 0.03342408 -0.04025796
v 0.06269114 0.03331681 -0.05210806
v 0.05595703 0.03571608 -0.05311232
v 0.04794895 0.03760254 -0.05424411
v -0.00126491 0.02751114 -0.07683899
v -0.01530581 0.03006527 -0.07320468
v -0.03061543 0.02808749 -0.07496868
v -0.04587407 0.02570196 -0.07668762
v -0.06046880 0.02303668 -0.07831826
v -0.11187416 -0.00319514 -0.08534136
v -0.10949405 0.00305631 -0.08468864
v -0.10791636 0.00560168 -0.08434675
v -0.10601705 0.00782863 -0.08398704
v -0.10374878 0.00978850 -0.08360393
v -0.10106415 0.01153265 -0.08319183
v -0.09425633 0.01457915 -0.08225828
v -0.08521481 0.01737881 -0.08114169
v -0.07378669 0.02021963 -0.07981737
v -0.11353637 -0.01133649 -0.08598994
v -0.11485968 -0.02177856 -0.08667909
v -0.12257412 -0.05110495 -0.08043201
v -0.07849941 -0.15758881 -0.07341346
v -0.06632912 -0.15865485 -0.07068937
v -0.08429154 -0.15647621 -0.07468981
v -0.08982526 -0.15489641 -0.07589337
v -0.09505326 -0.15278877 -0.07701238
v -0.09992825 -0.15009268 -0.07803510
v -0.10440292 -0.14674751 -0.07894977
v -0.10842996 -0.14269266 -0.07974466
v -0.11196208 -0.13786750 -0.08040801
v -0.11495636 -0.13221982 -0.08092924
v -0.11742081 -0.12579532 -0.08131131
v -0.11939636 -0.11870287 -0.08156588
v -0.12092445 -0.11105235 -0.08170479
v -0.12204653 -0.10295367 -0.08173986
v -0.12323847 -0.08585148 -0.08154580
v -0.12330380 -0.06827549 -0.08107831
v -0.00501890 -0.15136528 -0.06706019
v 0.00545544 -0.14990647 -0.06425177
v -0.01605358 -0.15242879 -0.06998286
v -0.03956471 -0.15401554 -0.07585142
v -0.05178198 -0.15457065 -0.07864688
v -0.06389191 -0.15448292 -0.08126566
v 0.01531073 -0.14788866 -0.06163751
v 0.02448824 -0.14514819 -0.05929737
v 0.04057645 -0.13684824 -0.05575708
v 0.03292927 -0.14152133 -0.05731129
v 0.04741394 -0.13108408 -0.05464798
v 0.07168495 -0.10876739 -0.02677692
v 0.07271358 -0.10688397 -0.02677328
v 0.07447756 -0.10396066 -0.02371620
v 0.07231827 -0.10749074 -0.02747365
v 0.06593063 -0.11807254 -0.02725718
v 0.07280488 -0.10704692 -0.01794966
v 0.08512887 -0.07976602 -0.01584699
v 0.08731655 -0.07309476 -0.01523554
v 0.08920444 -0.06640445 -0.01524335
v 0.09078541 -0.05970876 -0.01587400
v 0.09127682 -0.05730124 -0.01625574
v 0.09610319 -0.02261775 -0.01716003
v 0.09356864 -0.03533160 -0.02391852
v 0.09331483 -0.02993560 -0.02715745
v 0.09352222 -0.03871713 -0.02219522
v 0.09313144 -0.04469086 -0.01967133
v 0.03054433 0.05371260 -0.01800506
v 0.03004224 0.05432285 -0.01250407
v 0.01536918 0.05207101 -0.02010139
v 0.01458992 0.05246889 -0.01468625
v -0.00242949 0.04993990 -0.01755752
v 0.06537174 0.05217231 -0.02036072
v 0.07377398 0.05032486 -0.01993784
v 0.08196937 0.04962815 -0.01428621
v 0.08072381 0.04762117 -0.01967341
v 0.08500627 0.04797986 -0.01422710
v 0.08768313 0.04608717 -0.01417331
v 0.09695894 0.02131216 -0.01841906
v 0.09942255 0.01586811 -0.00836447
v 0.09752893 0.01374293 -0.01812574
v 0.09914067 0.02387074 -0.00849674
v 0.09571377 0.02817408 -0.01871137
v 0.09814094 0.03116466 -0.00861668
v 0.09621944 0.03764886 -0.00871803
v 0.08292665 0.05126959 -0.00887453
v 0.08605184 0.04966007 -0.00885351
v 0.08879567 0.04778413 -0.00884003
v 0.09116290 0.04563600 -0.00882155
v 0.09317230 0.04322234 -0.00879456
v 0.09758773 0.00551349 -0.01784248
v 0.09729936 -0.00332905 -0.01758035
v -0.10658029 -0.15406054 -0.06057858
v -0.11145701 -0.15062501 -0.06174244
v -0.11585521 -0.14645700 -0.06277671
v -0.11877259 -0.14642453 -0.05484258
v -0.11972214 -0.14149456 -0.06366451
v -0.12117294 -0.14290310 -0.05734252
v -0.12300979 -0.13568428 -0.06439044
v -0.12405664 -0.13704380 -0.06027873
v -0.12572609 -0.12907264 -0.06495631
v -0.12623167 -0.13076828 -0.06238562
v -0.12788318 -0.12431481 -0.06387893
v -0.09560254 -0.15898219 -0.05792960
v -0.10372829 -0.15684478 -0.05091325
v -0.10127788 -0.15682560 -0.05930201
v -0.09784980 -0.15903164 -0.04946173
v -0.08960708 -0.16059227 -0.05647825
v -0.09164701 -0.16067219 -0.04793170
v -0.08334428 -0.16171783 -0.05496482
v -0.08517560 -0.16182737 -0.04634136
v -0.07022780 -0.16276337 -0.05181927
v -0.07164973 -0.16292544 -0.04305239
v -0.05667543 -0.16261467 -0.04862799
v -0.05771775 -0.16281338 -0.03974023
v -0.04310947 -0.16176766 -0.04552602
v -0.04382524 -0.16197883 -0.03655028
v -0.01737136 -0.15953872 -0.04003856
v -0.01765929 -0.15967540 -0.03101395
v -0.00542390 -0.15811789 -0.03770026
v -0.00559159 -0.15816648 -0.02870369
v 0.00588540 -0.15625735 -0.03561836
v 0.00580144 -0.15618631 -0.02667096
v 0.01654021 -0.15377799 -0.03378194
v 0.01652309 -0.15355760 -0.02489438
v 0.02652420 -0.15050071 -0.03218006
v 0.02657665 -0.15010308 -0.02335254
v 0.03582105 -0.14624643 -0.03080177
v 0.03596539 -0.14564548 -0.02202404
v 0.04441467 -0.14084080 -0.02963604
v 0.04469237 -0.14001247 -0.02088759
v 0.05229683 -0.13425241 -0.02866866
v 0.05275313 -0.13318154 -0.01992548
v 0.05946837 -0.12661527 -0.02788173
v 0.06013453 -0.12530339 -0.01912405
v 0.06682298 -0.11653841 -0.01846991
v -0.10569324 -0.15576130 -0.04262734
v -0.09962877 -0.15796894 -0.04110713
v -0.09323791 -0.15963510 -0.03950695
v -0.08657934 -0.16081895 -0.03784569
v -0.07269369 -0.16197635 -0.03441556
v -0.05844112 -0.16191438 -0.03096795
v -0.04429096 -0.16110630 -0.02765408
v -0.01786437 -0.15874012 -0.02192317
v -0.00577022 -0.15714344 -0.01954271
v 0.00561007 -0.15504508 -0.01745593
v 0.01630252 -0.15227312 -0.01563993
v 0.02633312 -0.14865574 -0.01407184
v 0.03572788 -0.14402106 -0.01272877
v 0.04451196 -0.13820231 -0.01158795
v 0.05268555 -0.13118619 -0.01062988
v 0.06021987 -0.12313692 -0.00983882
v 0.06708457 -0.11422857 -0.00919928
v 0.08330540 -0.08472016 -0.01671001
v 0.07744638 0.04269573 -0.03035438
v 0.07094526 0.04558056 -0.03080666
v 0.06310811 0.04775237 -0.03138663
v 0.05383269 0.04918398 -0.03217263
v 0.05545102 0.05317973 -0.02103796
v 0.04301676 0.04984823 -0.03324300
v 0.04394574 0.05336333 -0.02206551
v 0.03055806 0.04971794 -0.03467609
v 0.03078984 0.05273934 -0.02353929
v 0.01635435 0.04876596 -0.03655024
v 0.01591725 0.05132396 -0.02555524
v 0.00043227 0.04699259 -0.03890679
v -0.00061537 0.04915214 -0.02816454
v -0.01666596 0.04450816 -0.04163921
v -0.01826049 0.04633375 -0.03123937
v -0.03426922 0.04145047 -0.04460394
v -0.03634785 0.04299739 -0.03460716
v -0.05170640 0.03795735 -0.04765746
v -0.05420720 0.03927166 -0.03809534
v -0.06830637 0.03416659 -0.05065622
v -0.07116827 0.03528516 -0.04153135
v -0.08339804 0.03021601 -0.05345668
v -0.09631027 0.02624342 -0.05591531
v -0.09426530 -0.15789194 -0.03195868
v -0.10381776 -0.15625411 -0.04001686
v -0.08401874 0.03275024 -0.02883941
v -0.08965833 0.03112283 -0.03607193
v -0.09457426 0.02972075 -0.03555829
v -0.07412673 0.03531872 -0.03247633
v -0.05697852 0.03941551 -0.02862859
v -0.02047039 0.04684324 -0.02097068
v -0.03887324 0.04329607 -0.02472720
v 0.06587681 0.05411464 -0.01408961
v 0.06273319 0.05424039 -0.01501944
v -0.00055816 0.03150732 -0.07143887
v 0.01301460 0.03228562 -0.06971449
v 0.02492584 0.03230976 -0.06806845
v 0.03519418 0.03163950 -0.06651230
v 0.04396455 0.03037217 -0.06505125
v 0.03852222 0.03888563 -0.05553171
v 0.02753213 0.03947483 -0.05700343
v 0.01483399 0.03927958 -0.05868754
v 0.00041432 0.03824776 -0.06059457
v -0.01521549 0.03648087 -0.06266396
v -0.03141284 0.03411880 -0.06481736
v -0.04753513 0.03130146 -0.06697644
v -0.06293976 0.02816876 -0.06906285
v -0.07698413 0.02486060 -0.07099826
v -0.08902562 0.02151688 -0.07270433
v -0.09854367 0.01821228 -0.07411848
v -0.10570045 0.01465650 -0.07526632
v -0.10851822 0.01265404 -0.07575797
v -0.11089554 0.01043232 -0.07620414
v -0.11288238 0.00793917 -0.07661188
v -0.11452872 0.00512243 -0.07698822
v -0.11699980 -0.00169050 -0.07767488
v -0.11870858 -0.01042379 -0.07832042
v -0.12005485 -0.02149477 -0.07898114
v 0.05991782 0.04218274 -0.04232409
v 0.05128517 0.04393236 -0.04326295
v 0.04116933 0.04498877 -0.04442018
v 0.02944085 0.04528700 -0.04585172
v 0.01597025 0.04476210 -0.04761356
v 0.00075999 0.04338366 -0.04973368
v -0.01565991 0.04125951 -0.05212810
v -0.03262749 0.03853203 -0.05468490
v -0.04948081 0.03534360 -0.05729210
v -0.06555791 0.03183659 -0.05983778
v -0.08019686 0.02815339 -0.06220997
v -0.09273569 0.02443636 -0.06429672
v -0.10263874 0.02076199 -0.06600719
v -0.11007678 0.01683802 -0.06736855
v -0.11300153 0.01465105 -0.06793963
v -0.12550227 -0.11303872 -0.07361493
v -0.12388486 -0.12084495 -0.07339109
v -0.12180178 -0.12807763 -0.07304076
v -0.11920998 -0.13462509 -0.07255138
v -0.11606700 -0.14037676 -0.07191053
v -0.11236480 -0.14528638 -0.07111594
v -0.10814878 -0.14940733 -0.07018106
v -0.10346890 -0.15280159 -0.06912071
v -0.09837516 -0.15553115 -0.06794969
v -0.09291752 -0.15765798 -0.06668280
v -0.08714598 -0.15924403 -0.06533486
v -0.08111050 -0.16035132 -0.06392066
v -0.06844768 -0.16137743 -0.06095275
v -0.05369282 -0.15857948 -0.06781504
v -0.05532888 -0.16123210 -0.05789751
v -0.04096892 -0.15784766 -0.06488450
v -0.04215394 -0.16041115 -0.05487340
v -0.01656419 -0.15594220 -0.05919626
v -0.01700489 -0.15830325 -0.04932375
v -0.00513431 -0.15473500 -0.05654285
v -0.00527039 -0.15697996 -0.04686809
v 0.00571614 -0.15313171 -0.05406906
v 0.00585821 -0.15524390 -0.04463783
v 0.01594005 -0.15096010 -0.05181409
v 0.01634787 -0.15291768 -0.04264204
v 0.02549028 -0.14804798 -0.04981709
v 0.02616551 -0.14982392 -0.04088978
v 0.03431973 -0.14422309 -0.04811725
v 0.03527807 -0.14578523 -0.03939012
v 0.04238234 -0.13931735 -0.04675250
v 0.04365320 -0.14062865 -0.03815158
v 0.04966431 -0.13328712 -0.04572348
v 0.05127958 -0.13431542 -0.03716585
v 0.05618914 -0.12623276 -0.04498768
v 0.05817028 -0.12696193 -0.03640518
v 0.06198240 -0.11826265 -0.04450021
v 0.06679343 -0.11414070 -0.03737886
v 0.06369167 -0.11654893 -0.04275299
v -0.13077497 -0.10553490 -0.06604925
v -0.04930950 0.03861213 -0.01225250
v -0.06147525 0.03603302 -0.01588545
v -0.06372907 0.03553978 -0.01664995
v -0.06374107 0.03553713 -0.01665412
v -0.07345640 0.03334060 -0.02036475
v -0.07937643 0.03192869 -0.02302217
v -0.08502101 0.03050557 -0.02590432
v -0.08857421 0.02955612 -0.02792353
v -0.09588772 0.02740444 -0.03267671
v -0.09695193 0.02706113 -0.03344462
v -0.10099994 0.02565627 -0.03656781
v -0.10584159 0.02369363 -0.04076922
v -0.11032692 0.02143513 -0.04516551
v -0.11152033 0.02072670 -0.04641990
v -0.11444741 0.01870651 -0.04963964
v -0.11818615 0.01521168 -0.05397262
v -0.12137156 0.01062266 -0.05759498
v -0.12379302 0.00495933 -0.05987158
v -0.11985594 0.01308009 -0.05591211
v -0.12553482 -0.00126971 -0.06094050
v -0.12789209 -0.01406553 -0.06147942
v -0.12957278 -0.02695722 -0.06162068
v -0.13052742 -0.03608652 -0.06184549
v -0.13178426 -0.05279135 -0.06242795
v -0.13213795 -0.06032997 -0.06270718
v -0.13240418 -0.07872044 -0.06324054
v -0.13202196 -0.09165972 -0.06331347
v -0.13106090 -0.10455212 -0.06291345
v -0.12932229 -0.11738387 -0.06173066
v -0.12804192 -0.12375905 -0.06068528
v -0.12640096 -0.12996633 -0.05921887
v -0.12428544 -0.13590489 -0.05718744
v -0.12155832 -0.14133795 -0.05441269
v -0.11883790 -0.14517242 -0.05157242
v -0.11818119 -0.14593145 -0.05088635
v -0.11421135 -0.14953737 -0.04678843
v -0.10978778 -0.15215421 -0.04239132
v -0.10504892 -0.15392163 -0.03794274
v -0.10374122 -0.15427494 -0.03676809
v -0.09482640 -0.15567461 -0.02941529
v -0.08707257 -0.15601787 -0.02397206
v -0.08371256 -0.15602772 -0.02188294
v -0.00826685 -0.15146865 -0.00249280
v -0.02112909 -0.15272854 -0.00365991
v -0.03402217 -0.15357982 -0.00523804
v -0.04681234 -0.15434800 -0.00757704
v -0.05943188 -0.15509099 -0.01097280
v -0.06844531 -0.15555876 -0.01425046
v -0.07181708 -0.15570880 -0.01569365
v -0.07801992 -0.15592748 -0.01869607
v -0.08502195 0.01868773 -0.02200000
v -0.08386603 0.01764977 -0.02200000
v -0.08249093 0.01954738 -0.02200000
v -0.08685642 0.02028140 -0.02200000
v -0.07663474 0.02687252 -0.02200000
v -0.08192281 0.02687252 -0.02200000
v -0.08611634 0.01964590 -0.02200000
v -0.08883100 0.01650859 -0.02290121
v -0.08780625 0.01554549 -0.02292399
v -0.08846962 0.01852591 -0.02228795
v -0.08452439 0.01683313 -0.02205497
v -0.08477164 0.01657367 -0.02209925
v -0.09160662 0.01446075 -0.02539827
v -0.08987036 0.01746067 -0.02287958
v -0.09205315 0.01488061 -0.02536357
v -0.08644523 0.01526846 -0.02263129
v -0.08854755 0.01436160 -0.02369877
v -0.08915264 0.01440718 -0.02395752
v -0.09306537 0.01581562 -0.02528844
v -0.09318881 0.01647077 -0.02484522
v -0.09372219 0.01641062 -0.02524216
v -0.09257377 0.01657674 -0.02441210
v -0.09037044 0.01731251 -0.02308832
v -0.09608392 0.01384609 -0.02882638
v -0.10189023 0.01414536 -0.03151754
v -0.10044750 0.01226227 -0.03219952
v -0.09725250 0.01582520 -0.02793980
v -0.09866031 0.01542950 -0.02902056
v -0.10625377 0.01291013 -0.03563898
v -0.10512254 0.01095589 -0.03653681
v -0.11182482 0.01249625 -0.04252874
v -0.11059429 0.01057932 -0.04332322
v -0.11379879 0.01209911 -0.04519183
v -0.11236189 0.01022497 -0.04582132
v -0.11571739 0.01125451 -0.04775131
v -0.11408169 0.00945646 -0.04822068
v -0.11754543 0.00998381 -0.05016061
v -0.11572221 0.00829292 -0.05047774
v -0.11925847 0.00830638 -0.05237820
v -0.11726180 0.00675173 -0.05255342
v -0.12083291 0.00624355 -0.05435461
v -0.11867975 0.00485215 -0.05440081
v -0.12223992 0.00383305 -0.05602656
v -0.11995084 0.00262866 -0.05595987
v -0.12365118 0.00061158 -0.05752429
v -0.12123247 -0.00034711 -0.05734906
v -0.12603477 -0.00731779 -0.05952512
v -0.12350160 -0.00795383 -0.05924298
v -0.12689173 -0.01146545 -0.05994806
v -0.12432297 -0.01193643 -0.05963192
v -0.12752974 -0.01568065 -0.05995934
v -0.12493968 -0.01598576 -0.05962230
v -0.12813903 -0.02346401 -0.05887790
v -0.12554666 -0.02346642 -0.05853665
v -0.12799983 -0.03144995 -0.05622357
v -0.12545528 -0.03114480 -0.05592519
v -0.12706259 -0.03893735 -0.05214506
v -0.12461536 -0.03834497 -0.05193701
v -0.12550020 -0.04512326 -0.04736558
v -0.12318327 -0.04429325 -0.04728048
v -0.12473604 -0.04691481 -0.04540696
v -0.12261193 -0.04584608 -0.04547558
v -0.12378643 -0.04825260 -0.04320830
v -0.12188780 -0.04700593 -0.04345693
v -0.12266985 -0.04912646 -0.04083795
v -0.12102363 -0.04776405 -0.04128828
v -0.12142464 -0.04949956 -0.03840363
v -0.12004773 -0.04808866 -0.03906920
v -0.11710327 -0.04986098 -0.03099150
v -0.11229556 -0.04872935 -0.02666878
v -0.11355517 -0.05013251 -0.02581902
v -0.11076797 -0.05085643 -0.02218323
v -0.10823411 -0.05004228 -0.02164860
v -0.10980541 -0.05134985 -0.02099220
v -0.09309209 -0.05122534 -0.00801299
v -0.08939017 -0.05095769 -0.00402356
v -0.08910057 -0.04967703 -0.00565659
v -0.09362268 -0.05258631 -0.00654774
v -0.09336074 -0.05130544 -0.00818619
v -0.09454262 -0.05284638 -0.00715147
v -0.09521170 -0.05192912 -0.00920450
v -0.09578150 -0.05314307 -0.00799779
v -0.09685419 -0.05206344 -0.01062272
v -0.09762264 -0.05346816 -0.00932959
v -0.10060978 -0.05368622 -0.01169483
v -0.10464001 -0.05330139 -0.01534567
v -0.10342158 -0.05190209 -0.01629291
v -0.09965299 -0.05226971 -0.01284654
v -0.08642925 -0.05029348 -0.00241324
v -0.08572055 -0.04890000 -0.00373097
v -0.08487935 -0.05029409 -0.00159824
v -0.08419531 -0.04890000 -0.00292899
v -0.08102530 -0.04989172 0.00024598
v -0.08122959 -0.04864024 -0.00154129
v 0.09039685 -0.04704879 -0.00381414
v 0.09134990 -0.04673193 -0.00426667
v 0.09144792 -0.04617786 -0.00505796
v 0.08934248 -0.04791987 -0.00257012
v -0.07711072 -0.05115192 0.00204573
v -0.07384378 -0.05209678 0.00339513
v -0.07222518 -0.05057833 0.00122656
v -0.07940742 -0.04839301 -0.00189440
v 0.06432810 -0.05581846 0.00871024
v 0.05348427 -0.05598106 0.00894246
v 0.05467295 -0.05755970 0.01119699
v 0.06456993 -0.05397251 0.00607395
v 0.06478440 -0.05572684 0.00857939
v 0.07542812 -0.05334960 0.00518434
v 0.07539782 -0.05153278 0.00258965
v 0.08477098 -0.04908787 -0.00090203
v 0.05435124 -0.05761129 0.01127067
v 0.05418140 -0.05763837 0.01130933
v 0.04309833 -0.05741818 0.01099487
v 0.04374554 -0.05908575 0.01337642
v 0.03321454 -0.05839879 0.01239534
v 0.03479434 -0.05999593 0.01467629
v 0.02268816 -0.05903950 0.01331036
v 0.02421382 -0.06068869 0.01566565
v 0.01320392 -0.05926666 0.01363478
v 0.01356407 -0.06097516 0.01607477
v 0.00263051 -0.05913173 0.01344208
v 0.00285306 -0.06085149 0.01589816
v -0.06662962 -0.05389274 0.00596003
v -0.06365100 -0.05264762 0.00418182
v -0.05782377 -0.05564604 0.00846401
v -0.05464489 -0.05434439 0.00660505
v -0.04786350 -0.05718309 0.01065913
v -0.04441095 -0.05582758 0.00872326
v -0.03525931 -0.05862155 0.01271347
v -0.03266881 -0.05709335 0.01053097
v -0.02116099 -0.05974125 0.01431257
v -0.01806228 -0.05819320 0.01210172
v -0.00486668 -0.06058009 0.01551055
v -0.00154667 -0.05898764 0.01323630
v 0.00222747 -0.05911856 0.01342327
v -0.10347834 -0.07873250 -0.01419549
v -0.10819484 -0.07858338 -0.01865440
v -0.10989103 -0.07875770 -0.02081431
v -0.10625324 -0.07785915 -0.01556091
v -0.10171985 -0.07872728 -0.01262781
v -0.10445561 -0.07637081 -0.01171898
v -0.09033172 -0.07628805 -0.00145662
v -0.09225608 -0.07870779 -0.00560869
v -0.08656041 -0.07870024 -0.00230261
v -0.08695686 -0.07751297 -0.00108625
v -0.08321573 -0.07839218 -0.00025513
v -0.08197519 -0.07869495 -0.00002857
v -0.07960404 -0.07869226 0.00103117
v -0.09665586 -0.07450350 -0.00315811
v -0.09545668 -0.07871308 -0.00774364
v -0.09354459 -0.07515796 -0.00197479
v -0.10346185 -0.07550126 -0.00963379
v -0.10167922 -0.07471120 -0.00709407
v -0.09935825 -0.07436474 -0.00487235
v -0.07978763 -0.05425329 0.00109636
v -0.08194163 -0.05425731 0.00011554
v -0.08242160 -0.05442386 0.00008206
v -0.10374866 -0.05426153 -0.01442864
v -0.10984588 -0.05424971 -0.02079076
v -0.10758246 -0.05456620 -0.01778384
v -0.10570195 -0.05547243 -0.01452348
v -0.10446087 -0.05660437 -0.01173243
v -0.10173272 -0.05426426 -0.01261218
v -0.10297581 -0.05775724 -0.00883210
v -0.09579788 -0.05426851 -0.00793158
v -0.10088428 -0.05843697 -0.00623068
v -0.09230169 -0.05426834 -0.00556915
v -0.09558312 -0.05826902 -0.00266623
v -0.09266622 -0.05750675 -0.00176667
v -0.09593771 -0.05833418 -0.00281841
v -0.09841779 -0.05859765 -0.00418904
v -0.08693757 -0.05426447 -0.00240771
v -0.08619733 -0.05518582 -0.00091047
v -0.09042492 -0.05666661 -0.00146242
v -0.08042151 -0.06048945 0.00106411
v -0.08029727 -0.07285591 0.00103558
v -0.08535834 -0.06016053 -0.00064531
v -0.09051678 -0.05982127 -0.00146867
v -0.08059511 -0.06643033 0.00104293
v -0.08547727 -0.06650419 -0.00064648
v -0.08525282 -0.07336722 -0.00066189
v -0.09057688 -0.06658030 -0.00147304
v -0.09042785 -0.07389476 -0.00146261
v -0.10438933 -0.06649679 -0.01155252
v -0.10442718 -0.05939252 -0.01164693
v -0.10441969 -0.07318635 -0.01162811
v -0.10667916 -0.05979118 -0.01615991
v -0.10966004 -0.06017851 -0.02022950
v -0.10663918 -0.06650613 -0.01600692
v -0.10668205 -0.07282957 -0.01614704
v -0.10959632 -0.06651521 -0.02002674
v -0.10967457 -0.07248297 -0.02022023
v 0.04961011 -0.08386049 0.01078352
v 0.04667838 -0.07174437 0.01226752
v 0.03687932 -0.07426393 0.01363868
v 0.07450478 -0.05740245 0.00540700
v 0.05920593 -0.10964801 0.00600190
v 0.05637805 -0.06919114 0.01035781
v 0.00477209 -0.06999143 0.01548212
v 0.03486010 -0.13452734 0.00339610
v 0.02515407 -0.13891171 0.00228151
v 0.03050970 -0.12434299 0.00626551
v 0.02034101 -0.12693886 0.00579217
v 0.02608596 -0.11211567 0.00926714
v 0.01718435 -0.11790008 0.00811919
v 0.02163299 -0.09728470 0.01221627
v 0.03099336 -0.09289407 0.01229669
v 0.02702346 -0.07673901 0.01446651
v 0.01715361 -0.07915924 0.01475097
v 0.04033307 -0.08841284 0.01181964
v 0.03500523 -0.10617895 0.00982969
v 0.04389931 -0.10011677 0.00979706
v 0.03903195 -0.11718974 0.00733583
v 0.04752650 -0.10987707 0.00776521
v 0.04301871 -0.12641050 0.00495549
v 0.05114945 -0.11810222 0.00582769
v 0.07000127 -0.08146646 0.00611530
v 0.07837011 -0.07519516 0.00371783
v 0.06781022 -0.07462388 0.00705259
v 0.08034287 -0.07979408 0.00302865
v 0.07239892 -0.08736096 0.00516851
v 0.05878276 -0.07925727 0.00919172
v 0.06593664 -0.06661536 0.00791896
v 0.06143958 -0.08773069 0.00793538
v 0.06425375 -0.09492356 0.00667871
v 0.01489851 -0.06877119 0.01566021
v 0.02505974 -0.06751009 0.01528899
v 0.06451837 -0.05747225 0.00861560
v 0.07531389 -0.06402826 0.00496490
v 0.07665326 -0.06998116 0.00437933
v 0.05272502 -0.09395752 0.00916509
v 0.05594857 -0.10244212 0.00754636
v 0.00530411 -0.07246666 0.01531348
v 0.00791688 -0.08413763 0.01420155
v 0.01363081 -0.10634388 0.01067129
v 0.01229370 -0.10156627 0.01158492
v 0.01100306 -0.09671526 0.01242675
v -0.07695709 -0.07245633 0.00245287
v -0.07650495 -0.08456985 0.00183050
v -0.06580981 -0.08456985 0.00546374
v -0.01487006 -0.06034008 0.01484018
v 0.00001735 -0.13299648 0.00383889
v 0.00040410 -0.14509629 0.00000775
v -0.07714061 -0.06034008 0.00245774
v -0.11082147 -0.07245633 -0.02156410
v -0.11090450 -0.06034008 -0.02169083
v -0.00027639 -0.12089393 0.00714322
v -0.00047711 -0.10878865 0.00992075
v -0.00059951 -0.08456985 0.01389537
v -0.00052118 -0.07245633 0.01509248
v -0.00058482 -0.09668062 0.01217146
v -0.01495955 -0.07245633 0.01429492
v -0.04217559 -0.06034008 0.01168531
v -0.06638797 -0.06034008 0.00624209
v -0.11726638 -0.06034008 -0.03041036
v -0.12296239 -0.06034008 -0.04038929
v -0.12781595 -0.04822108 -0.05233674
v -0.12809290 -0.06034008 -0.05173381
v -0.12475062 0.00028234 -0.05982489
v -0.11831653 0.01241505 -0.05274281
v -0.11257482 0.01241505 -0.04355196
v -0.09733721 0.02455051 -0.03243775
v -0.08936699 0.02455051 -0.02588819
v -0.06684446 0.03327637 -0.01698004
v -0.06969676 0.03164742 -0.01756409
v -0.07452971 0.02941980 -0.01897000
v -0.07952135 0.02763278 -0.02091424
v -0.12817411 -0.07245633 -0.05163853
v -0.11871766 -0.14509629 -0.05134366
v -0.05990389 -0.14509629 -0.00710794
v -0.04897296 -0.14509629 -0.00447681
v -0.03744293 -0.14509629 -0.00255879
v -0.01271249 -0.14509629 -0.00043492
v -0.05365366 -0.09668062 0.00695640
v -0.04137572 -0.09668062 0.00905814
v -0.04069963 -0.10878865 0.00702327
v -0.03981880 -0.12089393 0.00440882
v -0.05049310 -0.13299648 -0.00072699
v -0.03873323 -0.13299648 0.00121480
v -0.12805958 -0.08456985 -0.05205089
v -0.12281168 -0.08456985 -0.04073155
v -0.12299324 -0.07245633 -0.04028166
v -0.12774931 -0.09668062 -0.05297089
v -0.11723980 -0.07245633 -0.03028983
v -0.06622633 -0.07245633 0.00615651
v -0.05459416 -0.07245633 0.00910692
v -0.05424056 -0.08456985 0.00832883
v -0.05471444 -0.06034008 0.00929066
v -0.04211371 -0.07245633 0.01138916
v -0.04184708 -0.08456985 0.01051343
v -0.02534340 -0.14509629 -0.00124966
v -0.02635694 -0.13299648 0.00254834
v -0.02719994 -0.12089393 0.00578308
v -0.02787239 -0.10878865 0.00845457
v -0.02837430 -0.09668062 0.01056280
v -0.02870566 -0.08456985 0.01210777
v -0.02886648 -0.07245633 0.01308948
v -0.02885675 -0.06034008 0.01350793
v -0.01491648 -0.08456985 0.01320403
v -0.01474083 -0.09668062 0.01156750
v -0.01443260 -0.10878865 0.00938535
v -0.01399181 -0.12089393 0.00665756
v -0.01341844 -0.13299648 0.00338414
v 0.08100000 -0.01691747 0.00737500
v 0.08100000 -0.01675000 0.00800000
v 0.08100000 0.01800000 0.00675000
v 0.08100000 0.04650000 -0.00000000
v 0.08100000 0.01925000 0.00800000
v 0.08100000 0.04650000 0.00746778
v 0.08100000 0.01908253 0.00737500
v 0.08100000 0.04605989 -0.00315101
v 0.08100000 0.01862500 0.00691747
v 0.08100000 0.03261873 -0.01771270
v 0.08100000 0.02857403 -0.02178082
v 0.08100000 0.04273855 -0.00850676
v 0.08100000 0.04477324 -0.00606083
v 0.08100000 0.02495693 -0.02623344
v 0.08100000 -0.01737500 0.00691747
v 0.08100000 0.02180377 -0.03102582
v 0.08100000 -0.02180377 -0.03102582
v 0.08100000 -0.01800000 0.00675000
v 0.08100000 -0.02495693 -0.02623344
v 0.08100000 -0.01862500 0.00691747
v 0.08100000 -0.04273855 -0.00850676
v 0.08100000 -0.01908253 0.00737500
v 0.08100000 -0.03261873 -0.01771270
v 0.08100000 -0.02857403 -0.02178082
v 0.08100000 -0.04605989 -0.00315101
v 0.08100000 -0.04650000 -0.00000000
v 0.08100000 -0.04477324 -0.00606083
v 0.08100000 -0.04418214 0.01018361
v 0.08100000 -0.04620057 0.00871567
v 0.08100000 -0.04536747 0.00969180
v 0.08100000 -0.04650000 0.00746778
v 0.08100000 -0.04407917 0.01020000
v 0.08100000 -0.02245930 0.01020000
v 0.08100000 -0.00908338 0.01078338
v 0.08100000 -0.00931113 0.01163338
v 0.08100000 0.00000000 0.01700000
v 0.08100000 0.00993338 0.01225562
v 0.08100000 0.00267143 0.01678879
v 0.08100000 0.01391812 0.01499922
v 0.08100000 -0.01225562 0.01163338
v 0.08100000 -0.01691747 0.00862500
v 0.08100000 -0.01737500 0.00908253
v 0.08100000 -0.00993338 0.01225562
v 0.08100000 -0.00267143 0.01678879
v 0.08100000 -0.01078338 0.01248338
v 0.08100000 -0.01391812 0.01499922
v 0.08100000 -0.01163338 0.01225562
v 0.08100000 0.04536747 0.00969180
v 0.08100000 0.04620057 0.00871567
v 0.08100000 -0.01925000 0.00800000
v 0.08100000 -0.01908253 0.00862500
v 0.08100000 -0.01992753 0.01052580
v 0.08100000 -0.01862500 0.00908253
v 0.08100000 -0.01756072 0.01148198
v 0.08100000 -0.01800000 0.00925000
v 0.08100000 -0.01551311 0.01300622
v 0.08100000 0.00931113 0.01163338
v 0.08100000 0.00908338 0.01078338
v 0.08100000 0.00931113 0.00993338
v 0.08100000 0.01800000 0.00925000
v 0.08100000 0.02245930 0.01020000
v 0.08100000 0.01862500 0.00908253
v 0.08100000 0.01248338 0.01078338
v 0.08100000 0.01737500 0.00908253
v 0.08100000 0.01691747 0.00862500
v 0.08100000 0.04418214 0.01018361
v 0.08100000 0.04407917 0.01020000
v 0.08100000 0.01908253 0.00862500
v 0.08100000 0.01078338 0.01248338
v 0.08100000 0.01163338 0.01225562
v 0.08100000 0.01551311 0.01300622
v 0.08100000 0.01225562 0.01163338
v 0.08100000 0.01756072 0.01148198
v 0.08100000 0.01992753 0.01052580
v 0.08100000 0.01737500 0.00691747
v 0.08100000 0.01691747 0.00737500
v 0.08100000 -0.01078338 0.00908338
v 0.08100000 -0.00993338 0.00931113
v 0.08100000 -0.01163338 0.00931113
v 0.08100000 -0.01225562 0.00993338
v 0.08100000 -0.01248338 0.01078338
v 0.08100000 0.01675000 0.00800000
v 0.08100000 0.01225562 0.00993338
v 0.08100000 0.01163338 0.00931113
v 0.08100000 0.01078338 0.00908338
v 0.08100000 -0.00931113 0.00993338
v 0.08100000 0.00993338 0.00931113
v 0.08133794 0.00267143 0.01678879
v 0.08133794 -0.00267143 0.01678879
v 0.08420125 -0.01391812 0.01499922
v 0.08420125 0.01391812 0.01499922
v 0.08900000 -0.04605989 -0.00315101
v 0.08900000 -0.04650000 -0.00000000
v 0.08900000 -0.04477324 -0.00606083
v 0.08900000 -0.04273855 -0.00850676
v 0.08900000 -0.04650000 0.00746778
v 0.08900000 -0.04536747 0.00969180
v 0.08900000 -0.04418214 0.01018361
v 0.08900000 -0.04620057 0.00871567
v 0.08900000 0.04477324 -0.00606083
v 0.08900000 0.04273855 -0.00850676
v 0.08900000 0.04605989 -0.00315101
v 0.08900000 0.04650000 -0.00000000
v 0.08900000 0.04650000 0.00746778
v 0.08900000 0.04620057 0.00871567
v 0.08900000 0.04536747 0.00969180
v 0.08900000 0.04418214 0.01018361
v 0.08900000 0.04407917 0.01020000
v 0.08900000 0.02245930 0.01020000
v 0.08587741 0.01465176 0.01395162
v 0.08739004 0.01551311 0.01300622
v 0.08900000 0.01673567 0.01200000
v 0.08900000 0.01992753 0.01052580
v 0.08900000 0.01756072 0.01148198
v 0.08739004 -0.01551311 0.01300622
v 0.08900000 -0.01673567 0.01200000
v 0.08587741 -0.01465176 0.01395162
v 0.08900000 -0.01756072 0.01148198
v 0.08900000 -0.01992753 0.01052580
v 0.08900000 -0.02245930 0.01020000
v 0.08900000 -0.04407917 0.01020000
v 0.08900000 0.02543930 -0.02558443
v 0.08900000 -0.02543930 -0.02558443
v 0.08900000 0.03261873 -0.01771270
v 0.08900000 0.02884544 -0.02148113
v 0.08900000 -0.02884544 -0.02148113
v 0.08900000 -0.03261873 -0.01771270
v 0.02900000 0.00414110 -0.01545481
v 0.02900000 0.00000000 -0.01600000
v 0.02900000 0.00267143 0.01678879
v 0.02900000 -0.00267143 0.01678879
v 0.02900000 -0.01600000 -0.00000000
v 0.02900000 -0.01600000 0.01466795
v 0.02900000 -0.01545481 -0.00414110
v 0.02900000 0.00800000 -0.01385641
v 0.02900000 0.01131371 -0.01131371
v 0.02900000 0.01385641 -0.00800000
v 0.02900000 0.01545481 -0.00414110
v 0.02900000 0.01600000 -0.00000000
v 0.02900000 0.01600000 0.01466795
v 0.02900000 0.00000000 0.01700000
v 0.02900000 -0.00414110 -0.01545481
v 0.02900000 -0.00800000 -0.01385641
v 0.02900000 -0.01385641 -0.00800000
v 0.02900000 -0.01131371 -0.01131371
v 0.08100000 -0.02783825 -0.02261526
v 0.03830000 -0.02783825 -0.02261526
v 0.03830000 -0.02367754 -0.02805370
v 0.03830000 -0.01427357 -0.05351793
v 0.03830000 -0.01390000 -0.06006922
v 0.04312377 -0.01399281 -0.05678821
v 0.04290346 -0.03261873 -0.01771270
v 0.03830000 -0.03261873 -0.01771270
v 0.04376446 -0.03146446 -0.01879222
v 0.04449762 -0.03085914 -0.01938290
v 0.04538658 -0.03038060 -0.01986245
v 0.04730000 -0.03000000 -0.02025210
v 0.08100000 -0.03000000 -0.02025210
v 0.04630375 -0.03010026 -0.02014874
v 0.05291538 -0.01476596 -0.05012823
v 0.03830000 -0.01546026 -0.04677405
v 0.04793179 -0.01427357 -0.05351793
v 0.06270818 -0.01635398 -0.04346742
v 0.03830000 -0.01744392 -0.04022018
v 0.05784674 -0.01546026 -0.04677405
v 0.07670062 -0.02019615 -0.03395014
v 0.08100000 -0.02367754 -0.02805370
v 0.03830000 -0.02019615 -0.03395014
v 0.07215205 -0.01872617 -0.03704396
v 0.06748232 -0.01744392 -0.04022018
v 0.04268060 -0.03308658 -0.01728709
v 0.04230000 -0.03809668 -0.01272944
v 0.03830000 -0.03809668 -0.01272944
v 0.04230000 -0.03500000 -0.01554647
v 0.04230000 -0.03767563 -0.00947665
v 0.04230000 -0.03675085 -0.00925000
v 0.03830000 -0.03675085 -0.00925000
v 0.03830000 -0.03767563 -0.00947665
v 0.04230000 -0.03839081 -0.01010522
v 0.03830000 -0.03839081 -0.01010522
v 0.04230000 -0.03873430 -0.01099325
v 0.03830000 -0.03873430 -0.01099325
v 0.04230000 -0.03862824 -0.01193948
v 0.03830000 -0.03862824 -0.01193948
v 0.03830000 -0.03500000 -0.00925000
v 0.04230000 -0.03500000 -0.00925000
v 0.04302746 -0.03240280 -0.01639273
v 0.04363212 -0.03160197 -0.01706297
v 0.04389696 -0.03133676 -0.01727920
v 0.04466838 -0.03074858 -0.01774936
v 0.04501574 -0.03055228 -0.01790352
v 0.04635846 -0.03008945 -0.01826186
v 0.04730000 -0.03000000 -0.01833030
v 0.04590196 -0.03019943 -0.01817735
v 0.04538253 -0.03038228 -0.01803597
v 0.04230001 -0.03499000 -0.01401000
v 0.04230000 -0.03500000 -0.01400000
v 0.04237946 -0.03411212 -0.01486138
v 0.04266615 -0.03312185 -0.01576668
v 0.04230000 -0.03189844 -0.00871452
v 0.03830000 -0.03189844 -0.00871452
v 0.04230000 -0.02915597 -0.00717007
v 0.03830000 -0.02915597 -0.00717007
v 0.04230000 -0.02709013 -0.00479546
v 0.03830000 -0.02709013 -0.00479546
v 0.04230000 -0.02594010 -0.00186564
v 0.03830000 -0.02594010 -0.00186564
v 0.04230000 -0.02583902 0.00128018
v 0.03830000 -0.02583902 0.00128018
v 0.04230000 -0.02679860 0.00427779
v 0.03830000 -0.02679860 0.00427779
v 0.04230000 -0.02783950 -0.01045008
v 0.04230000 -0.02652594 -0.01114407
v 0.04230000 -0.02514726 -0.00994604
v 0.04230000 -0.01925326 0.00838523
v 0.04230000 -0.01904962 0.00885357
v 0.04230000 -0.01909280 0.00888096
v 0.04230000 -0.02100000 -0.00000000
v 0.04230000 -0.02085026 0.00250336
v 0.04230000 -0.02238225 0.00273629
v 0.04230000 -0.02591196 0.00574025
v 0.04230000 -0.02640266 0.00561158
v 0.04230000 -0.02676708 0.00525868
v 0.04230000 -0.02079029 0.00947374
v 0.04230000 -0.02069269 0.00895907
v 0.04230000 -0.02256859 0.00920822
v 0.04230000 -0.02223423 0.00880115
v 0.04230000 -0.02401889 0.00814544
v 0.04230000 -0.02352741 0.00794737
v 0.04230000 -0.02480776 0.00652973
v 0.04230000 -0.02427826 0.00659183
v 0.04230000 -0.02499844 0.00612319
v 0.04230000 -0.02431607 0.00504269
v 0.04230000 -0.02534778 0.00584107
v 0.04230000 -0.02363224 0.00365214
v 0.04230000 -0.02169339 -0.00435133
v 0.04230000 -0.02117443 -0.00220311
v 0.04230000 -0.02932466 -0.01041316
v 0.04230000 -0.03067109 -0.01104101
v 0.04230000 -0.03159745 -0.01220244
v 0.04230000 -0.03191017 -0.01365478
v 0.04230000 -0.03292729 -0.01384572
v 0.04230000 -0.02578535 0.00574025
v 0.04230000 -0.02691144 0.00477237
v 0.04230000 -0.02254393 -0.00639111
v 0.04230000 -0.02370487 -0.00827163
v 0.04376446 0.01490850 0.00951093
v 0.04323376 0.01539076 0.00997158
v 0.03850000 0.01106570 0.01545309
v 0.04256085 0.01600000 0.01055601
v 0.04281260 0.01601665 0.01029845
v 0.03850000 0.01600000 0.01466795
v 0.04452215 0.01453844 0.00880260
v 0.04539546 0.01440594 0.00793939
v 0.04556730 0.01440860 0.00776496
v 0.04283687 0.01633012 0.00945534
v 0.04730000 0.01465797 0.00641445
v 0.04730000 0.01467296 0.00637999
v 0.04575491 0.01489738 0.00647757
v 0.04728250 0.01465315 0.00642563
v 0.04631655 0.01446602 0.00710085
v 0.04538658 0.01502200 0.00653175
v 0.04436107 0.01554868 0.00676076
v 0.04376446 0.01601597 0.00696394
v 0.04325492 0.01656309 0.00720184
v 0.04268060 0.01696776 0.00884298
v 0.04268060 0.01750354 0.00761076
v 0.04247854 0.01772688 0.00857475
v 0.04233075 0.01854260 0.00863102
v 0.04230000 0.01925326 0.00838523
v 0.04230000 0.01904962 0.00885357
v 0.04230032 0.01920656 0.00835125
v 0.04254472 0.01784133 0.00775763
v 0.04730000 0.01540558 0.00432065
v 0.04233374 0.02025206 0.00261442
v 0.04230000 0.02100000 -0.00000000
v 0.04230000 0.02085026 0.00250336
v 0.04254472 0.01945492 -0.00000000
v 0.04237347 0.01996265 0.00271170
v 0.04325492 0.01789254 0.00246158
v 0.04277527 0.01846587 0.00389583
v 0.04287441 0.01809624 0.00460578
v 0.04274895 0.01854744 0.00378277
v 0.04256219 0.01913973 0.00318014
v 0.04254472 0.01927338 0.00265155
v 0.04253253 0.01924463 0.00310146
v 0.04256612 0.01811360 0.00692028
v 0.04260362 0.01805809 0.00676650
v 0.04277926 0.01789897 0.00595599
v 0.04282263 0.01789224 0.00568743
v 0.04325492 0.01739009 0.00487722
v 0.04288279 0.01800041 0.00490711
v 0.04236489 0.01862936 0.00780183
v 0.04239405 0.01851508 0.00765410
v 0.04730000 0.01566473 0.00325827
v 0.04730000 0.01585070 0.00218067
v 0.04575491 0.01609313 0.00221402
v 0.04436107 0.01679670 0.00231082
v 0.04436107 0.01632502 0.00457851
v 0.04575491 0.01564121 0.00438673
v 0.04325492 0.01806107 -0.00000000
v 0.04436107 0.01695492 -0.00000000
v 0.04575491 0.01624472 -0.00000000
v 0.04730000 0.01600000 -0.00000000
v 0.04575491 0.02220757 -0.01371548
v 0.04730000 0.02204066 -0.01389444
v 0.04730000 0.02274348 -0.01451818
v 0.04575491 0.01649650 -0.00306286
v 0.04730000 0.01625507 -0.00310282
v 0.04730000 0.01644730 -0.00409846
v 0.04254472 0.02268304 -0.00948378
v 0.04230000 0.02390727 -0.00854115
v 0.04230000 0.02266136 -0.00661498
v 0.04254472 0.02129963 -0.00734503
v 0.04230000 0.02174673 -0.00451120
v 0.04254472 0.02028406 -0.00500907
v 0.04230000 0.02118794 -0.00228629
v 0.04254472 0.01966360 -0.00253861
v 0.04325492 0.02344645 -0.01238720
v 0.04324646 0.02543173 -0.01396353
v 0.04283557 0.02544216 -0.01314367
v 0.04626561 0.03000000 -0.01821816
v 0.04569181 0.03000000 -0.01805476
v 0.04575491 0.02730941 -0.01710601
v 0.04426529 0.03000000 -0.01726426
v 0.04439009 0.02845299 -0.01683797
v 0.04442459 0.02836940 -0.01683153
v 0.04464270 0.02760203 -0.01666735
v 0.04464428 0.02699752 -0.01638679
v 0.04462919 0.02768542 -0.01669482
v 0.04474654 0.03000000 -0.01760246
v 0.04398946 0.02925194 -0.01679039
v 0.04383244 0.02952251 -0.01672828
v 0.04353875 0.03000000 -0.01655584
v 0.04445319 0.02642081 -0.01594946
v 0.04575491 0.02461913 -0.01562044
v 0.04436512 0.02626992 -0.01579610
v 0.04436107 0.02269198 -0.01319612
v 0.04332986 0.02545238 -0.01411327
v 0.04436107 0.02501222 -0.01502895
v 0.04381818 0.02569600 -0.01492612
v 0.04397538 0.02582021 -0.01517385
v 0.04230000 0.02545101 -0.01023801
v 0.04232544 0.02617037 -0.01150641
v 0.04230000 0.02652594 -0.01114407
v 0.04254472 0.02439715 -0.01136791
v 0.04246652 0.02574543 -0.01215811
v 0.04250506 0.02568595 -0.01228572
v 0.04279107 0.02545786 -0.01304312
v 0.04325492 0.01828847 -0.00276624
v 0.04436107 0.01719716 -0.00294688
v 0.04325492 0.01896456 -0.00545820
v 0.04436107 0.01791740 -0.00581464
v 0.04575491 0.01724509 -0.00604348
v 0.04730000 0.01701342 -0.00612234
v 0.04730000 0.01776814 -0.00800394
v 0.04730000 0.01825470 -0.00897747
v 0.04575491 0.01847038 -0.00886184
v 0.04325492 0.02007119 -0.00800362
v 0.04436107 0.01909630 -0.00852627
v 0.04325492 0.02157865 -0.01033414
v 0.04436107 0.02070219 -0.01100899
v 0.04575491 0.02013948 -0.01144227
v 0.04730000 0.01994558 -0.01159157
v 0.04730000 0.02448368 -0.01582425
v 0.04730000 0.02616371 -0.01682023
v 0.04730000 0.02720906 -0.01732920
v 0.04730000 0.03000000 -0.01833030
v 0.08100000 0.03000000 -0.01833030
v 0.08100000 0.02616371 -0.01682023
v 0.08100000 0.02274348 -0.01451818
v 0.08100000 0.01990033 -0.01153256
v 0.08100000 0.01776814 -0.00800394
v 0.08100000 0.01644730 -0.00409846
v 0.08100000 0.01600000 -0.00000000
v 0.08100000 0.01566473 0.00325827
v 0.08100000 0.01467296 0.00637999
v 0.08100000 0.01070275 0.01551085
v 0.03893815 0.01070275 0.01551085
v 0.04728250 -0.01465315 0.00642563
v 0.03893815 -0.01070275 0.01551085
v 0.03870795 -0.01074752 0.01550372
v 0.04730000 -0.01465797 0.00641445
v 0.04668551 -0.01452022 0.00682633
v 0.04631655 -0.01446602 0.00710085
v 0.03861966 -0.01080188 0.01549507
v 0.03855405 -0.01087501 0.01548344
v 0.03851365 -0.01096409 0.01546926
v 0.04556730 -0.01440860 0.00776496
v 0.03850000 -0.01106570 0.01545309
v 0.04323376 -0.01539076 0.00997158
v 0.04376446 -0.01490850 0.00951093
v 0.04281260 -0.01601665 0.01029845
v 0.04256085 -0.01600000 0.01055601
v 0.03850000 -0.01600000 0.01466795
v 0.04538658 -0.01440604 0.00794836
v 0.04452215 -0.01453844 0.00880260
v 0.04230032 -0.01920656 0.00835125
v 0.04233108 -0.01853971 0.00863021
v 0.04254472 -0.01784133 0.00775763
v 0.04241871 -0.01799800 0.00855601
v 0.04268060 -0.01750354 0.00761076
v 0.04254450 -0.01746297 0.00862946
v 0.04268060 -0.01696776 0.00884298
v 0.04575491 -0.01489738 0.00647757
v 0.04538658 -0.01502200 0.00653175
v 0.04730000 -0.01467296 0.00637999
v 0.04436107 -0.01554868 0.00676076
v 0.04376446 -0.01601597 0.00696394
v 0.04325492 -0.01656309 0.00720184
v 0.04283712 -0.01632851 0.00945777
v 0.04575491 -0.01609313 0.00221402
v 0.04730000 -0.01585070 0.00218067
v 0.04730000 -0.01566473 0.00325827
v 0.04325492 -0.01739009 0.00487722
v 0.04288210 -0.01798359 0.00497333
v 0.04287682 -0.01808035 0.00464939
v 0.04240651 -0.01847306 0.00759505
v 0.04258057 -0.01809126 0.00686125
v 0.04236291 -0.01863817 0.00781252
v 0.04278353 -0.01789746 0.00593190
v 0.04281164 -0.01789188 0.00576162
v 0.04260649 -0.01805417 0.00675464
v 0.04278555 -0.01843351 0.00394369
v 0.04254472 -0.01927338 0.00265155
v 0.04252188 -0.01928362 0.00307386
v 0.04236471 -0.02001816 0.00269068
v 0.04255660 -0.01915916 0.00316506
v 0.04325492 -0.01789254 0.00246158
v 0.04274257 -0.01856703 0.00375707
v 0.04254472 -0.01945492 -0.00000000
v 0.04575491 -0.01564121 0.00438673
v 0.04730000 -0.01540558 0.00432065
v 0.04436107 -0.01632502 0.00457851
v 0.04436107 -0.01679670 0.00231082
v 0.04325492 -0.01806107 -0.00000000
v 0.04436107 -0.01695492 -0.00000000
v 0.04575491 -0.01624472 -0.00000000
v 0.04730000 -0.01600000 -0.00000000
v 0.04325492 -0.01992911 -0.00773275
v 0.04254472 -0.02116924 -0.00709645
v 0.04254472 -0.02245830 -0.00918452
v 0.04233619 -0.02610933 -0.01158143
v 0.04436107 -0.02955332 -0.01720345
v 0.04254472 -0.03269853 -0.01537377
v 0.04378948 -0.02959431 -0.01670764
v 0.04330554 -0.03036313 -0.01636307
v 0.04309646 -0.03068180 -0.01613976
v 0.04730000 -0.02926509 -0.01811383
v 0.04575491 -0.02933895 -0.01788053
v 0.04254472 -0.02405989 -0.01104371
v 0.04260192 -0.02557612 -0.01257104
v 0.04269899 -0.02550347 -0.01282376
v 0.04239247 -0.02590392 -0.01187341
v 0.04325492 -0.02512120 -0.01375996
v 0.04323505 -0.02542942 -0.01394271
v 0.04370892 -0.02562352 -0.01475129
v 0.04305959 -0.02541077 -0.01361053
v 0.04325492 -0.02307895 -0.01203394
v 0.04436107 -0.02447609 -0.01465853
v 0.04389200 -0.02575124 -0.01504286
v 0.04432098 -0.02620419 -0.01572251
v 0.04575491 -0.02659571 -0.01676689
v 0.04465984 -0.02744785 -0.01660982
v 0.04451428 -0.02812660 -0.01680043
v 0.04460594 -0.02681271 -0.01626807
v 0.04436848 -0.02627515 -0.01580177
v 0.04446847 -0.02825614 -0.01681934
v 0.04412669 -0.02900145 -0.01682671
v 0.04230046 -0.03190817 -0.01372360
v 0.04237216 -0.03178385 -0.01449385
v 0.04240915 -0.03172482 -0.01467806
v 0.04263537 -0.03137685 -0.01537933
v 0.04267443 -0.03131777 -0.01546615
v 0.04303458 -0.03077535 -0.01606259
v 0.04325492 -0.02133375 -0.01000804
v 0.04325492 -0.01890002 -0.00526477
v 0.04436107 -0.01784865 -0.00560858
v 0.04254472 -0.02022483 -0.00483155
v 0.04436107 -0.02230047 -0.01281979
v 0.04436107 -0.02044131 -0.01066160
v 0.04436107 -0.01894494 -0.00823772
v 0.04436107 -0.01717975 -0.00283967
v 0.04575491 -0.01647840 -0.00295143
v 0.04325492 -0.01827212 -0.00266560
v 0.04254472 -0.01964860 -0.00244626
v 0.04575491 -0.02180066 -0.01332434
v 0.04575491 -0.02406190 -0.01523544
v 0.04575491 -0.01986833 -0.01108120
v 0.04575491 -0.01831306 -0.00856194
v 0.04575491 -0.01717362 -0.00582931
v 0.04730000 -0.02648605 -0.01698566
v 0.04730000 -0.02391918 -0.01543423
v 0.04730000 -0.01694103 -0.00590537
v 0.04730000 -0.01644730 -0.00409846
v 0.04730000 -0.01776814 -0.00800394
v 0.04730000 -0.01809533 -0.00867365
v 0.04730000 -0.01967089 -0.01122579
v 0.04730000 -0.02162843 -0.01349819
v 0.04730000 -0.02274348 -0.01451818
v 0.04730000 -0.01623673 -0.00298994
v 0.08100000 -0.01600000 -0.00000000
v 0.08100000 -0.01644730 -0.00409846
v 0.08100000 -0.01776814 -0.00800394
v 0.08100000 -0.01990033 -0.01153256
v 0.08100000 -0.02274348 -0.01451818
v 0.08100000 -0.02616371 -0.01682023
v 0.08100000 -0.03000000 -0.01833030
v 0.08100000 -0.01467296 0.00637999
v 0.08100000 -0.01566473 0.00325827
v 0.08100000 -0.01070275 0.01551085
v 0.03854572 0.01088847 0.01548130
v 0.03867242 0.01076553 0.01550086
v -0.00590789 -0.00689509 -0.07089249
v -0.00331220 -0.00529448 -0.07027617
v -0.00399939 -0.00674654 -0.07040396
v -0.01266066 -0.01140000 -0.07451750
v -0.01618272 -0.01140000 -0.07824757
v -0.01501350 -0.01126881 -0.07678657
v -0.01350528 -0.01083323 -0.07524847
v -0.00822075 -0.01140000 -0.07176764
v -0.00908379 -0.00874127 -0.07218190
v -0.00840033 -0.00835924 -0.07184967
v -0.01115577 -0.00982289 -0.07340034
v -0.01306590 -0.01066882 -0.07485793
v -0.00424217 -0.00833816 -0.07045508
v -0.00403398 -0.00993427 -0.07041105
v -0.00338182 -0.01140000 -0.07028800
v 0.00807767 -0.01140000 -0.07170379
v 0.00853131 -0.00874127 -0.07191087
v 0.00883011 -0.00890240 -0.07205483
v 0.00338182 -0.01140000 -0.07028800
v 0.00398652 -0.01009541 -0.07040133
v 0.00423593 -0.00867548 -0.07045373
v 0.00412462 -0.00724062 -0.07042994
v 0.00597946 -0.00728924 -0.07091477
v 0.00365770 -0.00588553 -0.07033731
v 0.01235786 -0.01140000 -0.07427476
v 0.01437959 -0.01122209 -0.07609937
v 0.01581349 -0.01140000 -0.07775527
v 0.01304505 -0.01083323 -0.07483996
v 0.01104715 -0.01001423 -0.07332785
v 0.02127054 -0.00987214 -0.07261483
v 0.02165583 -0.01100845 -0.07481144
v 0.01685131 -0.01100845 -0.07526688
v 0.02452740 -0.00340000 -0.06837833
v 0.02808792 -0.00340000 -0.06683251
v 0.02807707 -0.00341300 -0.06683827
v 0.02205535 -0.01132779 -0.07616201
v 0.01688934 -0.01140000 -0.07773872
v 0.02166747 -0.01140000 -0.07731654
v 0.02651990 -0.00536543 -0.06786264
v 0.02517903 -0.00718696 -0.06915919
v 0.02483617 -0.00767590 -0.06958179
v 0.02465498 -0.00587214 -0.06874851
v 0.02076845 -0.00587214 -0.06975236
v 0.02096477 -0.00810228 -0.07087158
v 0.02394110 -0.00901175 -0.07097347
v 0.02329110 -0.01007384 -0.07248377
v 0.01680231 -0.00905685 -0.07208253
v 0.01678977 -0.00810228 -0.07126734
v 0.01681700 -0.00987214 -0.07303699
v 0.02268566 -0.01089711 -0.07428588
v 0.01677229 -0.00587214 -0.07013117
v 0.02070080 -0.00340000 -0.06936669
v 0.01676627 -0.00340000 -0.06973966
v 0.00197723 -0.00341600 -0.06996723
v 0.00278858 -0.00424984 -0.07000000
v 0.00223194 -0.00392580 -0.06998059
v 0.00196923 -0.00340000 -0.06996734
v 0.00330551 -0.00480972 -0.07007197
v 0.00361027 -0.00550782 -0.07022479
v 0.00320137 -0.01140000 -0.07036813
v -0.00377438 -0.01140000 -0.07110584
v -0.00314844 -0.01140000 -0.07039124
v -0.01030163 -0.01140000 -0.08547905
v -0.01124843 -0.01140000 -0.08981235
v -0.00400000 -0.01140000 -0.07202864
v -0.00400000 -0.01140000 -0.07948513
v -0.00775344 -0.01140000 -0.08184852
v 0.00378924 -0.01140000 -0.07107344
v 0.00400000 -0.01140000 -0.07196710
v 0.00400000 -0.01140000 -0.07948513
v 0.00775344 -0.01140000 -0.08184852
v 0.01030163 -0.01140000 -0.08547905
v 0.01124843 -0.01140000 -0.08981235
v 0.01564089 -0.01140000 -0.09525476
v 0.01044669 -0.01140000 -0.09417482
v -0.02296077 -0.01140000 -0.07835186
v -0.01516067 -0.01140000 -0.09651183
v -0.01044669 -0.01140000 -0.09417482
v -0.01381325 -0.01140000 -0.09902465
v -0.00802102 -0.01140000 -0.09788833
v -0.01013451 -0.01140000 -0.10302082
v -0.00434849 -0.01140000 -0.10037560
v -0.00535754 -0.01140000 -0.10560598
v 0.00000000 -0.01140000 -0.10125000
v 0.00000000 -0.01140000 -0.10650000
v 0.00434849 -0.01140000 -0.10037560
v 0.00535754 -0.01140000 -0.10560598
v 0.00802102 -0.01140000 -0.09788833
v 0.01013451 -0.01140000 -0.10302082
v 0.01381325 -0.01140000 -0.09902465
v 0.03784623 -0.02786462 -0.02536524
v 0.03796229 -0.03043231 -0.02435700
v 0.03739949 -0.02752688 -0.02835619
v 0.03829997 -0.03226413 -0.01805639
v 0.03830000 -0.03230525 -0.01800000
v 0.03830000 -0.03691924 -0.01800000
v 0.03820910 -0.03320152 -0.02130152
v 0.03829780 -0.03193535 -0.01851391
v 0.03826047 -0.03080804 -0.02017754
v 0.03804778 -0.02883769 -0.02349568
v 0.03544481 -0.02345140 -0.03628853
v 0.03517597 -0.02326393 -0.03710821
v 0.03517597 -0.02316732 -0.03710821
v 0.03538645 -0.02349345 -0.03646990
v 0.03657899 -0.02489549 -0.03226740
v 0.03656315 -0.02527680 -0.03233198
v 0.03728385 -0.02619968 -0.02899572
v 0.03751581 -0.02677757 -0.02766891
v 0.03589820 -0.02178550 -0.03589946
v 0.03567626 -0.02141074 -0.03671508
v 0.03676843 -0.01989942 -0.03659915
v 0.03829998 -0.03226030 -0.01805381
v 0.03830000 -0.03225262 -0.01804866
v 0.03829891 -0.03186466 -0.01846763
v 0.03830000 -0.03182932 -0.01844450
v 0.03830000 -0.03034267 -0.01990096
v 0.03828030 -0.03049745 -0.01999271
v 0.03830000 -0.02759764 -0.02289537
v 0.03807097 -0.02671665 -0.02486598
v 0.03830000 -0.02698142 -0.02362980
v 0.03817311 -0.02800490 -0.02308847
v 0.03829817 -0.03190000 -0.01849077
v 0.03826711 -0.03065264 -0.02008495
v 0.03808879 -0.02841946 -0.02328916
v 0.03791889 -0.02728594 -0.02510854
v 0.03830000 -0.02616601 -0.02464150
v 0.03830000 -0.02246686 -0.02992714
v 0.03778630 -0.02440883 -0.02838904
v 0.03830000 -0.02151939 -0.03151469
v 0.03743455 -0.02250527 -0.03164566
v 0.03830000 -0.01926240 -0.03585911
v 0.03689140 -0.02032830 -0.03575009
v 0.03830000 -0.01884434 -0.03677661
v 0.03684727 -0.02365734 -0.03190252
v 0.03744316 -0.02528661 -0.02866835
v 0.03619827 -0.01808764 -0.04041914
v 0.03830000 -0.01684426 -0.04192645
v 0.03830000 -0.01722016 -0.04083693
v 0.03605826 -0.01762836 -0.04143503
v 0.03461751 -0.01977426 -0.04044862
v 0.03434392 -0.01934381 -0.04143168
v 0.03389566 -0.02191948 -0.04091908
v 0.03356034 -0.02158702 -0.04191719
v 0.03192116 -0.01739286 -0.04875042
v 0.03119825 -0.01977234 -0.04894798
v 0.03364401 -0.01560573 -0.04899845
v 0.03593792 -0.01485585 -0.04963031
v 0.02863961 -0.01640000 -0.05866723
v 0.02800462 -0.01890000 -0.05845389
v 0.03037445 -0.01456987 -0.05925007
v 0.03274428 -0.01390000 -0.06004624
v 0.03830000 -0.01464976 -0.05081293
v 0.03830000 -0.01390000 -0.06004624
v 0.03108868 -0.01390000 -0.06497417
v 0.03044186 -0.01392243 -0.06541412
v 0.02329631 -0.01888845 -0.07246830
v 0.02329110 -0.01890000 -0.07248377
v 0.02361856 -0.01826012 -0.07163817
v 0.02808792 -0.01443621 -0.06683251
v 0.02776014 -0.01457309 -0.06701417
v 0.02706910 -0.01491574 -0.06745294
v 0.02573035 -0.01581559 -0.06856655
v 0.02514088 -0.01633351 -0.06920395
v 0.02506386 -0.01640804 -0.06929597
v 0.02455153 -0.01695246 -0.06997200
v 0.03050885 -0.02090000 -0.05100000
v 0.01599510 -0.02090000 -0.09405051
v 0.01564089 -0.02090000 -0.09525476
v 0.01644364 -0.02090000 -0.08863744
v 0.01511026 -0.02090000 -0.08337203
v -0.02108052 -0.02090000 -0.08272940
v -0.01644364 -0.02090000 -0.08863744
v -0.01511026 -0.02090000 -0.08337203
v -0.01599510 -0.02090000 -0.09405051
v -0.01516067 -0.02090000 -0.09651183
v 0.00785313 -0.02090000 -0.07548869
v 0.00000000 -0.02090000 -0.05100000
v 0.00271581 -0.02090000 -0.07372504
v 0.01213944 -0.02090000 -0.07882486
v -0.00432040 -0.02090000 -0.05156111
v -0.00271581 -0.02090000 -0.07372504
v -0.00240930 -0.02090000 -0.05114261
v -0.01213944 -0.02090000 -0.07882486
v -0.01713026 -0.02090000 -0.06952017
v -0.00785313 -0.02090000 -0.07548869
v -0.01407060 -0.02090000 -0.06154435
v -0.01358553 -0.02090000 -0.06049073
v -0.01299399 -0.02090000 -0.05927977
v -0.01120513 -0.02090000 -0.05643785
v -0.00803225 -0.02090000 -0.05337564
v -0.02426725 -0.01079104 -0.07531013
v -0.02537484 -0.00905685 -0.07273148
v -0.02611491 -0.00646147 -0.07100848
v -0.02637478 -0.00340000 -0.07040344
v -0.00312673 -0.00491296 -0.07019012
v -0.00267566 -0.00437029 -0.07009786
v -0.00240290 -0.00414789 -0.07006964
v -0.00203877 -0.00341600 -0.07002902
v -0.00203077 -0.00340000 -0.07002888
v 0.01676627 0.02260000 -0.06973966
v -0.00015385 -0.00340237 -0.07000000
v -0.00203077 -0.00388362 -0.07002888
v -0.02637478 0.02260000 -0.07040344
v 0.00196923 -0.00380412 -0.06996734
v 0.03044186 0.02260000 -0.06541412
v 0.02619363 0.02260000 -0.06773665
v 0.02157738 0.02260000 -0.06919675
v 0.03830000 0.02260000 -0.06006922
v 0.03244215 -0.02129609 -0.04524548
v -0.03094693 -0.00690000 -0.05975868
v -0.03796527 -0.00690000 -0.04341877
v -0.03796527 -0.02005105 -0.04341877
v -0.03815695 -0.01992102 -0.04297252
v -0.05100000 0.01086885 -0.01307165
v -0.05100000 0.02260000 -0.01307165
v -0.04497347 -0.04507964 -0.02710246
v -0.03902820 -0.02262939 -0.04094408
v -0.03878183 -0.02345814 -0.04151768
v -0.03559864 -0.00690000 -0.04892869
v -0.04979174 0.00605611 -0.01588470
v -0.04931712 0.00059216 -0.01698968
v -0.04497347 -0.00690000 -0.02710246
v -0.04962719 -0.00493546 -0.01626780
v -0.04955135 -0.00690000 -0.01644436
v -0.04994120 -0.00690000 -0.01553673
v -0.03907629 -0.02162507 -0.04083211
v -0.03891756 -0.02068553 -0.04120167
v -0.03858284 -0.02005105 -0.04198096
v -0.03990176 -0.04690000 -0.03891029
v -0.03796527 -0.02374895 -0.04341877
v -0.03796527 -0.04690000 -0.04341877
v -0.03839116 -0.02387898 -0.04242722
v -0.04015185 -0.04585474 -0.03832804
v -0.03087807 -0.04294809 -0.05991901
v -0.03094693 -0.04590000 -0.05975868
v -0.03069024 -0.04023367 -0.06035630
v -0.03040114 -0.03770074 -0.06102937
v -0.02451476 -0.02246315 -0.07473388
v -0.02336195 -0.02157772 -0.07741784
v -0.02556242 -0.02362831 -0.07229476
v -0.02948651 -0.03281057 -0.06315879
v -0.02895263 -0.03082898 -0.06440177
v -0.04456992 -0.04490000 -0.02804199
v -0.04101802 -0.04490000 -0.03631145
v -0.04054573 -0.04514902 -0.03741102
v -0.02280896 -0.02128694 -0.07870529
v -0.02802327 -0.02813691 -0.06656548
v -0.02751750 -0.02695334 -0.06774300
v -0.02614646 -0.02444716 -0.07093501
v 0.01381325 -0.02390000 -0.09902465
v 0.01599510 -0.02390000 -0.09405051
v 0.01644364 -0.02390000 -0.08863744
v 0.01511026 -0.02390000 -0.08337203
v 0.01213944 -0.02390000 -0.07882486
v 0.00785313 -0.02390000 -0.07548869
v 0.00271581 -0.02390000 -0.07372504
v -0.00271581 -0.02390000 -0.07372504
v -0.00785313 -0.02390000 -0.07548869
v -0.01213944 -0.02390000 -0.07882486
v -0.01511026 -0.02390000 -0.08337203
v -0.01644364 -0.02390000 -0.08863744
v -0.01599510 -0.02390000 -0.09405051
v -0.01381325 -0.02390000 -0.09902465
v -0.01013451 -0.02390000 -0.10302082
v -0.00535754 -0.02390000 -0.10560598
v 0.00000000 -0.02390000 -0.10650000
v 0.00535754 -0.02390000 -0.10560598
v 0.01013451 -0.02390000 -0.10302082
v -0.07781508 -0.04690000 -0.07360662
v -0.08866231 -0.05890000 -0.07889345
v -0.08866231 -0.04690000 -0.07889345
v -0.07781508 -0.05890000 -0.07360662
v -0.06641002 -0.04690000 -0.06966483
v -0.06641002 -0.05890000 -0.06966483
v -0.06233307 -0.06690000 -0.06852598
v -0.06233307 -0.05890000 -0.06852598
v -0.04256021 -0.04102110 -0.06300270
v -0.05233193 -0.04661358 -0.06573230
v -0.04989966 -0.04592161 -0.06505287
v -0.04486048 -0.04306526 -0.06364524
v -0.04722871 -0.04466292 -0.06430678
v -0.03442786 -0.02753972 -0.06073103
v -0.03292719 -0.02272409 -0.06031184
v -0.03622061 -0.03178489 -0.06123181
v -0.03791759 -0.03495063 -0.06170584
v -0.04016238 -0.03827358 -0.06233289
v -0.03094693 -0.04690000 -0.05975868
v -0.03094693 -0.06690000 -0.05975868
v -0.05524069 -0.04690000 -0.06654482
v -0.05477818 -0.04689285 -0.06641562
v -0.03116342 -0.01225310 -0.05981915
v -0.03181121 -0.01747897 -0.06000010
v -0.02446485 -0.02532448 -0.06330182
v -0.01489370 -0.02109546 -0.05795961
v -0.00533318 -0.02184665 -0.04283164
v -0.00275914 -0.02185622 -0.04222623
v -0.00293057 -0.02304134 -0.03789828
v -0.00258638 -0.02113973 -0.04666318
v -0.01447619 -0.04748826 -0.01613274
v -0.01490871 -0.05451100 -0.01428868
v -0.01763292 -0.05380362 -0.01705237
v -0.00416054 -0.05576370 -0.00973011
v 0.00000000 -0.05585313 -0.00959539
v 0.00000000 -0.05714548 -0.00939609
v 0.00000000 -0.04505986 -0.01297725
v 0.00000000 -0.04836308 -0.01159596
v -0.00405052 -0.04856835 -0.01163892
v -0.02271608 -0.05758750 -0.02754475
v -0.02692701 -0.05214219 -0.04358109
v -0.02670049 -0.04596901 -0.04401816
v -0.02035836 -0.02224263 -0.06334251
v -0.02287947 -0.02287723 -0.06765674
v -0.02119987 -0.02139374 -0.07232724
v -0.01952371 -0.02149718 -0.06607094
v -0.01868086 -0.02104924 -0.06885277
v -0.01941901 -0.02997216 -0.03880309
v -0.02003570 -0.03251303 -0.03636574
v -0.02215411 -0.03135192 -0.04379649
v -0.02196395 -0.02459402 -0.05816834
v -0.02117554 -0.02327830 -0.06069839
v -0.02408759 -0.03005598 -0.05151744
v -0.02523857 -0.03476296 -0.04806676
v -0.02712231 -0.03282735 -0.05619509
v -0.02083416 -0.02696890 -0.04847740
v -0.01875135 -0.02768087 -0.04150718
v -0.01803888 -0.02567586 -0.04445468
v -0.02271637 -0.02617425 -0.05577911
v -0.02589779 -0.02867015 -0.05943186
v 0.00000000 -0.03814305 -0.01707223
v -0.00378707 -0.03809021 -0.01723319
v 0.00000000 -0.03320152 -0.02130152
v -0.00388832 -0.04148134 -0.01499216
v 0.00000000 -0.04025619 -0.01562688
v -0.00397660 -0.04499020 -0.01312921
v -0.00771795 -0.04478704 -0.01394991
v -0.00786746 -0.04834312 -0.01246466
v -0.00754099 -0.04130217 -0.01580458
v -0.01640072 -0.04013688 -0.02198444
v -0.01712563 -0.04687835 -0.01884325
v -0.01924361 -0.04615993 -0.02205016
v -0.00410988 -0.05217055 -0.01051184
v -0.00798891 -0.05192585 -0.01133993
v -0.00809266 -0.05550248 -0.01055864
v -0.01154749 -0.05153112 -0.01287308
v -0.01170200 -0.05508110 -0.01210113
v -0.01979483 -0.05297039 -0.02032329
v -0.02131464 -0.05202276 -0.02403250
v 0.00000000 -0.02304837 -0.03773923
v 0.00000000 -0.02129609 -0.04524548
v 0.00000000 -0.02349596 -0.03646308
v -0.00499965 -0.02113731 -0.04722904
v -0.00721828 -0.02113342 -0.04820399
v -0.00309780 -0.02467040 -0.03374173
v 0.00000000 -0.02673119 -0.02965013
v -0.00566467 -0.02302004 -0.03854158
v -0.00769555 -0.02183120 -0.04388140
v -0.00922514 -0.02112815 -0.04955340
v -0.01136641 -0.04797981 -0.01398457
v -0.01114516 -0.04445930 -0.01545154
v -0.01088488 -0.04101313 -0.01728212
v -0.00733932 -0.03793625 -0.01803363
v -0.00367289 -0.03486613 -0.01984990
v -0.00354577 -0.03185944 -0.02283454
v 0.00000000 -0.03189452 -0.02266875
v -0.00340674 -0.02912375 -0.02616565
v 0.00000000 -0.02752688 -0.02835619
v -0.00325705 -0.02671193 -0.02981510
v -0.01419185 -0.04401589 -0.01757002
v -0.01385859 -0.04062209 -0.01936275
v -0.01348146 -0.03735184 -0.02151442
v -0.01058954 -0.03768788 -0.01948061
v -0.01025986 -0.03453091 -0.02204386
v -0.00711325 -0.03473785 -0.02063432
v -0.00989636 -0.03159058 -0.02496360
v -0.00686294 -0.03175655 -0.02359866
v -0.00950212 -0.02891820 -0.02821861
v -0.00659049 -0.02904509 -0.02690524
v -0.00908073 -0.02656433 -0.03178132
v -0.00629837 -0.02665544 -0.03052610
v -0.00863537 -0.02457338 -0.03561169
v -0.00598875 -0.02463327 -0.03442046
v -0.00817041 -0.02298568 -0.03966389
v -0.02190768 -0.04443706 -0.02955782
v -0.02244906 -0.05097217 -0.02796688
v -0.02612365 -0.04012330 -0.04553952
v -0.02075900 -0.04534288 -0.02568751
v -0.01994492 -0.03891536 -0.02860283
v -0.01844995 -0.03956535 -0.02508515
v -0.01796540 -0.03644377 -0.02710357
v -0.01595882 -0.03693489 -0.02407531
v -0.01546762 -0.03390354 -0.02650956
v -0.01306167 -0.03425094 -0.02402133
v -0.01492853 -0.03108740 -0.02927825
v -0.01260017 -0.03136603 -0.02687493
v -0.01434625 -0.02853351 -0.03236090
v -0.01210093 -0.02874652 -0.03005430
v -0.01372610 -0.02628810 -0.03573125
v -0.01156851 -0.02644105 -0.03353246
v -0.01307287 -0.02439182 -0.03935168
v -0.01100697 -0.02449235 -0.03727042
v -0.01239292 -0.02288150 -0.04317929
v -0.01042181 -0.02293919 -0.04122365
v -0.01169954 -0.02178437 -0.04716155
v -0.00982482 -0.02181030 -0.04533740
v -0.01100309 -0.02112162 -0.05124264
v -0.02059587 -0.03526597 -0.03421409
v -0.02109715 -0.03819474 -0.03235851
v -0.02324800 -0.03657302 -0.04009511
v -0.01944499 -0.03588522 -0.03053942
v -0.01888787 -0.03302897 -0.03278943
v -0.01742669 -0.03349435 -0.02945132
v -0.01827567 -0.03038596 -0.03534308
v -0.01683564 -0.03075921 -0.03211911
v -0.01761382 -0.02799724 -0.03818091
v -0.01619743 -0.02828260 -0.03508692
v -0.01690841 -0.02590302 -0.04127857
v -0.01551793 -0.02610793 -0.03832939
v -0.01616494 -0.02413871 -0.04460181
v -0.01480242 -0.02427339 -0.04181048
v -0.01539057 -0.02273628 -0.04811187
v -0.01405782 -0.02281356 -0.04548922
v -0.01459975 -0.02171909 -0.05176188
v -0.01329832 -0.02175383 -0.04931575
v -0.01380374 -0.02110517 -0.05550212
v -0.01253499 -0.02111392 -0.05323709
v -0.02571807 -0.03737220 -0.04668216
v -0.01570191 -0.02168058 -0.05441062
v -0.01650345 -0.02265062 -0.05094644
v -0.01728718 -0.02398939 -0.04761323
v -0.02161111 -0.05873093 -0.02357429
v -0.02010643 -0.05976231 -0.01982137
v -0.01792887 -0.06066917 -0.01651137
v -0.01516518 -0.06143906 -0.01371541
v -0.01190209 -0.06205955 -0.01150463
v -0.00822641 -0.06251816 -0.00995014
v -0.00422495 -0.06280246 -0.00912304
v 0.00000000 -0.06290000 -0.00900000
v 0.00000000 -0.06628684 -0.00900000
v -0.02665392 -0.06690000 -0.04373636
v -0.00412362 -0.06690000 -0.00911243
v 0.00000000 -0.06690000 -0.00900000
v -0.00805724 -0.06690000 -0.00993815
v -0.01168894 -0.06690000 -0.01150432
v -0.01492326 -0.06690000 -0.01373770
v -0.01766473 -0.06690000 -0.01656504
v -0.01981799 -0.06690000 -0.01991306
v -0.02128763 -0.06690000 -0.02370847
v -0.02236090 -0.06690000 -0.02771405
v 0.03830000 -0.06690000 -0.00900000
v 0.03830000 -0.06290000 -0.00900000
v 0.03830000 -0.04025619 -0.01562688
v 0.03830000 -0.04836308 -0.01159596
v 0.03830000 -0.05714548 -0.00939609
v 0.03830000 0.04418214 0.01018361
v 0.03830000 0.04337374 -0.00820201
v 0.03830000 0.04445600 -0.00800000
v 0.03830000 0.02260000 -0.02971309
v 0.03830000 -0.04420000 0.01018077
v 0.03830000 -0.01628868 0.01462202
v 0.03830000 -0.04621021 0.00981866
v 0.03830000 -0.06690000 0.00565369
v 0.03830000 0.04650000 0.00746778
v 0.03830000 0.04650000 -0.00800000
v 0.03830000 0.04620057 0.00871567
v 0.03830000 0.04536747 0.00969180
v 0.03830000 -0.01628868 -0.00000000
v 0.03830000 -0.01530635 -0.00557106
v 0.03830000 -0.01247785 -0.01047016
v 0.03830000 -0.00814434 -0.01410641
v 0.03830000 0.00282850 -0.01604121
v 0.03830000 -0.00282850 -0.01604121
v 0.03830000 0.00814434 -0.01410641
v 0.03830000 0.02719768 -0.02336919
v 0.03830000 0.01247785 -0.01047016
v 0.03830000 0.03261873 -0.01771270
v 0.03830000 0.01530635 -0.00557106
v 0.03830000 0.01628868 -0.00000000
v 0.03830000 0.01628868 0.01462202
v 0.03830000 0.04243725 -0.00878085
v -0.05100000 -0.01086885 -0.01307165
v -0.05100000 -0.03028953 -0.01297152
v -0.05100000 -0.02792736 -0.01248672
v -0.05100000 -0.03056871 -0.01300196
v -0.05100000 -0.03197767 -0.01307165
v -0.05100000 -0.01129325 0.01270679
v -0.05100000 -0.01003827 0.01443029
v -0.05100000 -0.02526631 -0.01140977
v -0.05100000 -0.02319071 -0.01009545
v -0.05100000 -0.02566198 -0.01160942
v -0.05100000 0.00024171 0.01699828
v -0.05100000 0.00235084 -0.01683667
v -0.05100000 -0.00235084 -0.01683667
v -0.05100000 0.00687269 -0.01554883
v -0.05100000 -0.00535777 0.01613364
v -0.05100000 -0.00687269 -0.01554883
v -0.05100000 0.02260000 -0.00962668
v -0.05100000 0.02080716 -0.00786370
v -0.05100000 0.01668343 0.00662918
v -0.05100000 0.01704141 0.00564565
v -0.05100000 0.01696537 0.00460177
v -0.05100000 -0.01735715 -0.00115240
v -0.05100000 -0.01694247 0.00139745
v -0.05100000 -0.01792772 -0.00300134
v -0.05100000 -0.02011211 -0.00700021
v -0.05100000 -0.01950884 -0.00613611
v -0.05100000 0.02011230 -0.00700047
v -0.05100000 0.01954537 -0.00619205
v -0.05100000 0.01831309 -0.00393945
v -0.05100000 0.01074112 0.01317681
v -0.05100000 0.00581434 0.01597477
v -0.05100000 0.01681890 0.00247480
v -0.05100000 0.01447479 0.00891517
v -0.05100000 0.01595419 0.00737997
v -0.05100000 -0.01413803 0.00944014
v -0.05100000 -0.01606487 0.00556057
v -0.05100000 -0.01816218 -0.00359158
v -0.05100000 -0.01829534 -0.00389967
v -0.05100000 -0.02104731 -0.00813502
v -0.05100000 -0.02133725 -0.00844645
v -0.05100000 0.01792769 -0.00300126
v -0.05100000 0.01742051 -0.00140263
v -0.05100000 0.01694247 0.00139745
v -0.05100000 -0.00851909 0.01580215
v -0.05100000 -0.00942552 0.01527883
v -0.05100000 -0.00747786 0.01590854
v -0.03400000 0.00819152 -0.00573576
v -0.03400000 -0.00535777 0.01613364
v -0.03400000 -0.00747786 0.01590854
v -0.03400000 0.01668343 0.00662918
v -0.03400000 0.01595419 0.00737997
v -0.03400000 0.01607689 0.00552571
v -0.03400000 -0.00819152 -0.00573576
v -0.03400000 0.00597159 -0.00802123
v -0.03400000 0.00717316 -0.00696748
v -0.03400000 0.01704141 0.00564565
v -0.03400000 0.01698867 0.00468733
v -0.03400000 0.01661605 0.00359261
v -0.03400000 0.01683957 0.00324905
v -0.03400000 0.01710541 0.00183456
v -0.03400000 -0.01607689 0.00552571
v -0.03400000 -0.01606487 0.00556057
v -0.03400000 -0.01413803 0.00944014
v -0.03400000 -0.01129325 0.01270679
v -0.03400000 -0.01003827 0.01443029
v -0.03400000 0.01447479 0.00891517
v -0.03400000 0.01074112 0.01317681
v -0.03400000 0.00461749 -0.00887011
v -0.03400000 0.00314545 -0.00949243
v -0.03400000 0.00159307 -0.00987229
v -0.03400000 -0.00942552 0.01527883
v -0.03400000 -0.00851909 0.01580215
v -0.03400000 0.00024171 0.01699828
v -0.03400000 0.00581434 0.01597477
v -0.03400000 0.00000000 -0.01000000
v -0.03400000 -0.00159307 -0.00987229
v -0.03400000 -0.00314545 -0.00949243
v -0.03400000 -0.00461749 -0.00887011
v -0.03400000 -0.00597159 -0.00802123
v -0.03400000 -0.00717316 -0.00696748
v -0.03540058 0.01698376 0.00466826
v -0.04354408 0.01696537 0.00460177
v -0.04697471 0.01688174 0.00200174
v -0.04354408 0.01681890 0.00247480
v -0.04354408 0.01677745 0.00354618
v -0.03534368 0.01682288 0.00326955
v -0.03529130 0.01705894 0.00188138
v -0.03491177 -0.01663618 0.00349823
v -0.03395211 -0.01661499 0.00359750
v -0.04825869 -0.01690285 0.00181480
v -0.04293497 -0.01680693 0.00255480
v 0.02458655 -0.04049568 0.00240780
v 0.02414769 -0.04081818 0.00146587
v 0.02402371 -0.04135340 0.00123358
v 0.02198528 -0.05890000 -0.00148528
v 0.02240577 -0.04157818 -0.00104284
v 0.02214210 -0.04120216 -0.00132551
v 0.02200739 -0.04083060 -0.00146311
v 0.02286033 -0.04191102 -0.00050895
v 0.02327506 -0.04199948 0.00003953
v 0.02458655 -0.05890000 0.00240780
v 0.02360552 -0.04190376 0.00052864
v 0.02385197 -0.04167636 0.00093068
v 0.02198528 -0.04081326 -0.00148528
v 0.02200465 -0.04081818 -0.00146587
v 0.02042703 -0.04030724 -0.00279879
v 0.01809220 -0.05890000 -0.00408655
v 0.01809220 -0.03939319 -0.00408655
v 0.01588215 -0.03865119 -0.00476118
v 0.01350000 -0.05890000 -0.00500000
v 0.01350000 -0.03831663 -0.00500000
v 0.02550000 -0.05890000 0.00700000
v 0.02511718 -0.03947826 0.00399315
v 0.02536625 -0.03797001 0.00521335
v 0.02543285 -0.03677234 0.00573226
v 0.02550000 -0.03268305 0.00700000
v 0.02532942 -0.03161704 0.00498384
v 0.02532293 -0.03160359 0.00494615
v 0.02541477 -0.03277541 0.00557236
v 0.02545824 -0.03505032 0.00599979
v 0.02541048 -0.03184136 0.00553701
v 0.01005754 -0.03831663 -0.00500000
v 0.00000000 -0.05890000 -0.00500000
v 0.00400000 -0.03922607 -0.00500000
v 0.00000000 -0.03922607 -0.00500000
v -0.00900000 -0.03905424 -0.00524541
v -0.01725095 -0.05890000 -0.00590343
v -0.01231053 -0.03863560 -0.00545945
v -0.01547048 -0.03767768 -0.00572617
v -0.01945473 -0.03562414 -0.00614985
v -0.02595302 -0.05890000 -0.00705192
v -0.01730078 -0.03685841 -0.00590867
v -0.02797309 -0.05905467 -0.00738620
v -0.02746381 -0.05918001 -0.00729950
v -0.02687184 -0.05903938 -0.00720078
v -0.02484548 -0.03099680 -0.00687954
v -0.02150000 -0.03415317 -0.00640542
v -0.02894172 -0.05890000 -0.00755564
v -0.03200497 -0.03131516 -0.00813075
v -0.03431318 -0.05890000 -0.00860383
v -0.03431303 -0.03141924 -0.00860379
v -0.04424060 -0.03181714 -0.01103571
v -0.05100000 -0.05890000 -0.01307165
v -0.03936014 -0.03163658 -0.00975875
v -0.03227485 -0.02726691 -0.00761574
v -0.02735593 -0.02805114 -0.00696364
v -0.02908740 -0.02578019 -0.00656383
v -0.04453270 -0.02747861 -0.01045092
v -0.04708983 -0.01798708 -0.00227278
v -0.04602098 -0.02025456 -0.00587365
v -0.04514359 -0.02351128 -0.00867972
v -0.02666697 -0.02889547 -0.00700618
v -0.02547101 -0.03029485 -0.00695806
v -0.03227855 -0.02071305 -0.00374715
v -0.03336806 -0.02035182 -0.00353548
v -0.03274076 -0.02351961 -0.00604506
v -0.03135095 -0.02235904 -0.00502868
v -0.03064989 -0.02349086 -0.00568139
v -0.03046221 -0.02378124 -0.00582378
v -0.03411012 -0.01799904 -0.00027355
v -0.03347281 -0.01812987 -0.00044615
v -0.03377363 -0.01727470 0.00138417
v -0.03315186 -0.01890918 -0.00168611
v -0.03295997 -0.01933712 -0.00225911
v -0.04191947 -0.01801942 -0.00139915
v -0.04098583 -0.02032945 -0.00485272
v -0.04020928 -0.02355083 -0.00752754
v -0.03965242 -0.02742394 -0.00920804
v -0.03200400 0.03131511 -0.00813056
v -0.03936014 0.03163658 -0.00975875
v -0.03965242 0.02742394 -0.00920804
v -0.04335694 0.02747040 -0.01013747
v -0.04224431 0.03174815 -0.01049412
v -0.04443656 0.02982773 -0.01095215
v -0.03386898 0.01695101 0.00231767
v -0.03395211 0.01661499 0.00359750
v -0.03410909 0.01799903 -0.00027342
v -0.03315011 0.01891320 -0.00169180
v -0.03336705 0.02035182 -0.00353532
v -0.03324391 0.01869500 -0.00137355
v -0.03366342 0.01760918 0.00058603
v -0.03179052 0.02160410 -0.00449594
v -0.03273977 0.02351960 -0.00604489
v -0.03261375 0.02005961 -0.00309868
v -0.03227387 0.02726688 -0.00761555
v -0.02826757 0.02688457 -0.00681220
v -0.02667675 0.02888369 -0.00700596
v -0.02960014 0.02505854 -0.00634228
v -0.03081805 0.02322643 -0.00554321
v -0.02663201 0.02893753 -0.00700687
v -0.02484548 0.03099680 -0.00687954
v -0.04395533 0.02352650 -0.00838958
v -0.04927925 0.02475358 -0.01060471
v -0.05066399 0.02303806 -0.00987667
v -0.04772293 0.02652745 -0.01100289
v -0.04646625 0.02785541 -0.01109875
v -0.04480826 0.02027815 -0.00561680
v -0.04584382 0.01799919 -0.00205288
v -0.04020928 0.02355083 -0.00752754
v -0.04098583 0.02032945 -0.00485272
v -0.04191947 0.01801942 -0.00139915
v -0.03847657 0.03461589 -0.00954451
v -0.01862298 0.03613701 -0.00605333
v -0.02511844 0.04218454 -0.00692130
v -0.02850678 0.04052148 -0.00747882
v -0.01983539 0.04418517 -0.00619546
v -0.01547048 0.03767768 -0.00572617
v -0.01430717 0.04558742 -0.00562087
v -0.01169659 0.03875763 -0.00541471
v -0.00479794 0.04650000 -0.00506971
v 0.00000000 0.03922607 -0.00500000
v 0.00000000 0.04650000 -0.00500000
v -0.00900000 0.03905424 -0.00524541
v -0.00957873 0.04627091 -0.00527801
v -0.02150000 0.03415317 -0.00640542
v -0.02979794 0.03980127 -0.00771037
v -0.03646275 0.03595334 -0.00907538
v -0.02288926 0.02521902 -0.01765855
v -0.02667767 0.02267222 -0.01587526
v -0.02150000 0.02592668 -0.01815406
v -0.00900000 0.02867032 -0.02007518
v -0.01387726 0.02827683 -0.01979965
v -0.01547048 0.02797252 -0.01958657
v -0.01856709 0.02711147 -0.01898365
v -0.03351963 0.01218674 -0.00853324
v -0.03314815 0.01349182 -0.00944708
v -0.03209699 0.01602842 -0.01122322
v -0.03065063 0.01843092 -0.01290547
v -0.02978674 0.01956893 -0.01370231
v -0.00307737 0.02867032 -0.02007518
v -0.00326952 0.02884604 -0.01982423
v 0.00400000 0.03922607 -0.00500000
v 0.00326952 0.03347357 -0.01321542
v 0.00400000 0.03186001 -0.01551982
v 0.00171014 0.03439196 -0.01190383
v 0.00000000 0.03466084 -0.01151982
v -0.00400000 0.03045960 -0.01751982
v -0.00171014 0.03439196 -0.01190383
v -0.00326952 0.03347357 -0.01321542
v -0.00400000 0.03186001 -0.01551982
v -0.03209699 -0.01602842 -0.01122322
v -0.03065063 -0.01843092 -0.01290547
v -0.03314815 -0.01349182 -0.00944708
v -0.03351963 -0.01218674 -0.00853324
v -0.02978674 -0.01956893 -0.01370231
v -0.02667767 -0.02267222 -0.01587526
v -0.02150000 -0.02592668 -0.01815406
v -0.02288926 -0.02521902 -0.01765855
v -0.01856709 -0.02711147 -0.01898365
v -0.01547048 -0.02797252 -0.01958657
v -0.01387726 -0.02827683 -0.01979965
v -0.00900000 -0.02867032 -0.02007518
v -0.03351963 -0.01067170 -0.01036570
v -0.03209699 0.01403579 -0.01363333
v -0.02288926 -0.02208382 -0.02145060
v -0.01856709 -0.02374100 -0.02306026
v -0.01387726 -0.02476149 -0.02405148
v -0.01387726 -0.02061369 -0.02768900
v -0.00900000 -0.02510606 -0.02438618
v -0.01387726 -0.01593939 -0.03061929
v -0.00900000 -0.01616120 -0.03104538
v -0.00900000 -0.01100907 -0.03322349
v -0.01387726 0.00000000 -0.03451963
v -0.00900000 0.00000000 -0.03500000
v -0.00900000 0.00372599 -0.03480111
v -0.02978674 0.01103083 -0.02119003
v -0.02708927 0.01288683 -0.02401735
v -0.02723474 0.01330530 -0.02361170
v -0.02609850 0.01225389 -0.02544116
v -0.02667946 0.01245079 -0.02471704
v -0.02667767 0.00870587 -0.02627282
v -0.02288926 0.00968381 -0.02922409
v -0.02531923 0.01245164 -0.02612312
v -0.02565625 0.01229819 -0.02586866
v -0.02508035 0.01265339 -0.02625180
v -0.02496219 0.01280326 -0.02628880
v -0.02482395 0.01307645 -0.02628122
v -0.02288926 0.01421573 -0.02730817
v -0.02978674 0.00751424 -0.02267670
v -0.02691909 0.01434722 -0.02338208
v -0.02668193 0.01454761 -0.02354113
v -0.02667767 0.01652796 -0.02220090
v -0.02978674 0.01426567 -0.01916213
v -0.02707882 0.01413138 -0.02331961
v -0.02719120 0.01387887 -0.02333308
v -0.02724233 0.01363826 -0.02341159
v -0.02475757 0.01336261 -0.02619760
v -0.02476889 0.01371647 -0.02600368
v -0.02288926 0.01838457 -0.02469476
v -0.02492126 0.01413153 -0.02563800
v -0.02530720 0.01454045 -0.02503270
v -0.02582368 0.01473750 -0.02438473
v -0.02634746 0.01470074 -0.02383255
v -0.01387726 0.02476149 -0.02405148
v -0.00900000 0.02510606 -0.02438618
v -0.00900000 0.02377048 -0.02568977
v -0.00900000 0.01100907 -0.03322349
v -0.01387726 0.00549921 -0.03407878
v -0.00900000 0.00557574 -0.03455302
v -0.01387726 0.01085797 -0.03276751
v -0.00900000 0.01616120 -0.03104538
v -0.01387726 0.01593939 -0.03061929
v -0.00900000 0.01779308 -0.03013978
v -0.01387726 0.02061369 -0.02768900
v -0.00900000 0.02090055 -0.02807431
v -0.00900000 -0.02377048 -0.02568977
v -0.00900000 -0.02090055 -0.02807431
v -0.00900000 -0.01779308 -0.03013978
v -0.01856709 0.02374100 -0.02306026
v -0.01856709 0.01528249 -0.02935739
v -0.01856709 0.01976415 -0.02654786
v -0.01856709 0.01041048 -0.03141707
v -0.01856709 0.00527258 -0.03267431
v -0.01856709 0.00000000 -0.03309699
v -0.02288926 0.00490454 -0.03039357
v -0.02288926 0.00000000 -0.03078674
v -0.02288926 -0.00490454 -0.03039357
v -0.01856709 -0.01976415 -0.02654786
v -0.02667767 0.00440924 -0.02732420
v -0.02667767 0.00000000 -0.02767767
v -0.02667767 -0.00440924 -0.02732420
v -0.02667767 -0.00870587 -0.02627282
v -0.01387726 -0.01085797 -0.03276751
v -0.00900000 -0.00557574 -0.03455302
v -0.01856709 -0.01528249 -0.02935739
v -0.02288926 -0.01838457 -0.02469476
v -0.02667767 -0.01985364 -0.01928436
v -0.02978674 0.01713615 -0.01664479
v -0.02667767 0.01985364 -0.01928436
v -0.02288926 0.02208382 -0.02145060
v -0.02978674 0.00380572 -0.02358417
v -0.02978674 0.00000000 -0.02388926
v -0.02978674 -0.00380572 -0.02358417
v -0.02978674 -0.00751424 -0.02267670
v -0.02978674 -0.01103083 -0.02119003
v -0.03209699 0.01168465 -0.01569521
v -0.03209699 0.00903508 -0.01735622
v -0.03209699 0.00615472 -0.01857391
v -0.03209699 0.00311717 -0.01931720
v -0.03209699 0.00000000 -0.01956709
v -0.03209699 -0.00311717 -0.01931720
v -0.03209699 -0.00615472 -0.01857391
v -0.03209699 -0.00903508 -0.01735622
v -0.03209699 -0.01168465 -0.01569521
v -0.01387726 -0.00549921 -0.03407878
v -0.00900000 -0.00372599 -0.03480111
v -0.01856709 -0.01041048 -0.03141707
v -0.02288926 -0.01421573 -0.02730817
v -0.02667767 -0.01652796 -0.02220090
v -0.02978674 -0.01713615 -0.01664479
v -0.01856709 -0.00527258 -0.03267431
v -0.02288926 -0.00968381 -0.02922409
v -0.02667767 -0.01278013 -0.02455039
v -0.02978674 -0.01426567 -0.01916213
v -0.03209699 -0.01403579 -0.01363333
v -0.03351963 0.01067170 -0.01036570
v -0.03351963 0.00888408 -0.01193339
v -0.03351963 0.00686955 -0.01319629
v -0.03351963 0.00467956 -0.01412213
v -0.03351963 0.00237005 -0.01468726
v -0.03351963 0.00000000 -0.01487726
v -0.03351963 -0.00237005 -0.01468726
v -0.03351963 -0.00467956 -0.01412213
v -0.03351963 -0.00686955 -0.01319629
v -0.03351963 -0.00888408 -0.01193339
v 0.00400000 -0.01616120 -0.03104538
v 0.00400000 -0.01140000 -0.03309139
v 0.00317203 -0.01226500 -0.03278063
v -0.00352821 -0.01194285 -0.03289937
v -0.00257764 -0.01268436 -0.03262065
v -0.00426530 -0.01100907 -0.03322349
v 0.00400000 -0.01779308 -0.03013978
v -0.00025205 -0.01339364 -0.03233590
v -0.00146282 -0.01318123 -0.03242307
v 0.00098096 -0.01330283 -0.03237337
v 0.00214740 -0.01291538 -0.03252988
v -0.00362163 -0.00495271 -0.03464781
v -0.00177585 -0.00372599 -0.03480111
v -0.00454867 -0.00632404 -0.03442392
v -0.00491798 -0.00749807 -0.03418741
v -0.00491422 -0.00932222 -0.03373568
v 0.00400000 0.00372599 -0.03480111
v 0.00040222 0.00118352 -0.03497998
v 0.00077136 0.00098362 -0.03498618
v 0.00400000 -0.00372599 -0.03480111
v 0.00088802 -0.00087973 -0.03498894
v 0.00054696 -0.00112398 -0.03498195
v 0.00112917 -0.00053617 -0.03499589
v 0.00400000 0.00000000 -0.03500000
v 0.00124300 -0.00013212 -0.03499975
v 0.00121670 0.00028662 -0.03499883
v 0.00105339 0.00067295 -0.03499353
v -0.00042505 0.00117551 -0.03498025
v -0.00001221 0.00124994 -0.03497767
v -0.00078998 0.00096872 -0.03498659
v -0.00106608 0.00065266 -0.03499391
v -0.00122204 0.00026291 -0.03499901
v -0.00125000 0.00000000 -0.03500000
v -0.00117959 -0.00041361 -0.03499756
v -0.00097632 -0.00078058 -0.03499129
v -0.00066295 -0.00105972 -0.03498395
v -0.00027471 -0.00121944 -0.03497875
v 0.00000016 -0.00340000 -0.03483447
v 0.00014435 -0.00124164 -0.03497797
v 0.00177585 -0.00372599 -0.03480111
v 0.00300934 -0.00440702 -0.03472144
v 0.00400000 -0.00540000 -0.03458092
v -0.00175889 0.02791538 -0.02111236
v 0.00175593 0.02791428 -0.02111381
v 0.00400000 0.02867032 -0.02007518
v 0.00307737 0.02867032 -0.02007518
v 0.00400000 0.02510606 -0.02438618
v 0.00091005 0.02768395 -0.02141492
v 0.00400000 0.02377048 -0.02568977
v -0.00000560 0.02760249 -0.02151982
v -0.00091571 0.02768498 -0.02141360
v 0.00400000 -0.02510606 -0.02438618
v 0.00400000 -0.02867032 -0.02007518
v 0.00400000 -0.02377048 -0.02568977
v 0.00400000 -0.02090055 -0.02807431
v 0.00400000 0.00557574 -0.03455302
v 0.00400000 0.01100907 -0.03322349
v 0.00400000 0.01616120 -0.03104538
v 0.00400000 0.01779308 -0.03013978
v 0.00400000 0.02090055 -0.02807431
v 0.02650000 -0.03963458 -0.00381060
v 0.02650000 -0.03756285 -0.00542511
v 0.02650000 -0.04081818 -0.00146587
v 0.02330791 -0.02966813 -0.00275158
v 0.02650000 -0.02918182 -0.00146587
v 0.02418864 -0.02918182 -0.00146587
v 0.02650000 -0.03036542 -0.00381060
v 0.02167767 -0.03079283 -0.00427782
v 0.02650000 -0.03243715 -0.00542511
v 0.01941403 -0.03243715 -0.00542511
v 0.01650000 -0.03445445 -0.00597515
v 0.02650000 -0.03500000 -0.00600000
v 0.01566487 -0.03500000 -0.00600000
v 0.01354396 -0.03631683 -0.00585371
v 0.01142627 -0.03754491 -0.00543355
v 0.01589607 0.03865487 -0.00475835
v 0.02650000 0.03963458 -0.00381060
v 0.01809220 0.03939319 -0.00408655
v 0.02650000 0.03756285 -0.00542511
v 0.01350000 0.03831663 -0.00500000
v 0.01139451 0.03756285 -0.00542511
v 0.01005754 0.03831663 -0.00500000
v 0.01353965 0.03631940 -0.00585313
v 0.01650000 0.03445445 -0.00597515
v 0.02650000 0.03500000 -0.00600000
v 0.02650000 0.03243715 -0.00542511
v 0.01941403 0.03243715 -0.00542511
v 0.02418864 0.02918182 -0.00146587
v 0.02650000 0.02918182 -0.00146587
v 0.02650000 0.03036542 -0.00381060
v 0.02330498 0.02966998 -0.00275515
v 0.02227488 0.03036542 -0.00381060
v 0.02167767 0.03079283 -0.00427782
v 0.02198528 0.04081326 -0.00148528
v 0.02650000 0.04081818 -0.00146587
v 0.02200465 0.04081818 -0.00146587
v 0.02042397 0.04030610 -0.00280095
v 0.00871597 -0.02830266 -0.01981773
v 0.00871597 -0.02478410 -0.02407345
v 0.00871597 -0.01595395 -0.03064726
v 0.02120678 -0.00885014 -0.02670821
v 0.02431907 -0.00772675 -0.02331802
v 0.02431907 -0.00391335 -0.02425115
v 0.02670177 -0.01676838 -0.01174135
v 0.02826932 -0.01310643 -0.00917722
v 0.02826932 -0.01147706 -0.01114797
v 0.02113207 -0.01160045 -0.02571109
v 0.02139862 -0.01140417 -0.02552020
v 0.01747664 0.01434034 -0.02754754
v 0.02088871 0.01307230 -0.02524964
v 0.02120745 0.01346662 -0.02470360
v 0.02076646 0.01270216 -0.02556217
v 0.01747664 0.00976869 -0.02948024
v 0.02081721 0.01209564 -0.02580387
v 0.02075610 0.01237663 -0.02573174
v 0.02094628 0.01182756 -0.02579791
v 0.02099156 0.01176139 -0.02578215
v 0.02431907 0.01134279 -0.02178930
v 0.02311848 0.01194187 -0.02321736
v 0.02266782 0.01144334 -0.02404446
v 0.02322453 0.01224892 -0.02291325
v 0.02324303 0.01263183 -0.02267891
v 0.02431907 0.01466912 -0.01970405
v 0.02308792 0.01311558 -0.02261697
v 0.02319182 0.01287692 -0.02261150
v 0.02295434 0.01330730 -0.02268645
v 0.02120678 0.01680186 -0.02256881
v 0.02271939 0.01352224 -0.02287237
v 0.02233200 0.01370511 -0.02326094
v 0.02174308 0.01372331 -0.02396026
v 0.01747664 0.01854571 -0.02491121
v 0.02156886 0.01132671 -0.02537237
v 0.02123594 0.01151070 -0.02564369
v 0.02120678 0.00885014 -0.02670821
v 0.00871597 -0.00550424 -0.03410992
v 0.00499203 -0.00811775 -0.03402534
v 0.00499976 -0.00844878 -0.03394435
v 0.00468335 -0.01015106 -0.03348585
v 0.00871597 -0.01086789 -0.03279744
v 0.00478494 -0.00985064 -0.03357235
v 0.00471513 -0.00673639 -0.03433518
v 0.00459064 -0.00641857 -0.03439932
v 0.01747664 -0.01434034 -0.02754754
v 0.02075815 -0.01235747 -0.02573889
v 0.02081699 -0.01209629 -0.02580379
v 0.02076449 -0.01268975 -0.02557031
v 0.02085718 -0.01300642 -0.02531607
v 0.02230105 -0.01128679 -0.02456236
v 0.02176665 -0.01127197 -0.02518042
v 0.02120678 -0.01680186 -0.02256881
v 0.02110488 -0.01337250 -0.02486461
v 0.01747664 -0.01854571 -0.02491121
v 0.02164712 -0.01369916 -0.02408476
v 0.02264073 -0.01357330 -0.02294492
v 0.02431907 -0.01466912 -0.01970405
v 0.02290383 -0.01336347 -0.02272136
v 0.02229858 -0.01371382 -0.02329755
v 0.02306504 -0.01315436 -0.02262568
v 0.02318472 -0.01289867 -0.02260889
v 0.02431907 -0.01134279 -0.02178930
v 0.02323901 -0.01266540 -0.02266573
v 0.02324296 -0.01236749 -0.02282423
v 0.02313960 -0.01198637 -0.02316616
v 0.02280103 -0.01154039 -0.02383063
v 0.02826932 0.01310643 -0.00917722
v 0.02670177 0.01468376 -0.01426272
v 0.02826932 0.01147706 -0.01114797
v 0.02670177 0.01676838 -0.01174135
v 0.02826932 -0.00738798 -0.01419217
v 0.02670177 -0.01222408 -0.01641979
v 0.02826932 -0.00955454 -0.01283397
v 0.02670177 -0.00945218 -0.01815748
v 0.02826932 -0.00503272 -0.01518788
v 0.02670177 -0.00643886 -0.01943139
v 0.02826932 -0.00254891 -0.01579567
v 0.02670177 -0.00326108 -0.02020899
v 0.02826932 0.00000000 -0.01600000
v 0.02670177 0.00000000 -0.02047041
v 0.02826932 0.00254891 -0.01579567
v 0.02565064 0.01843092 -0.01290547
v 0.02431907 0.01762077 -0.01711552
v 0.02431907 0.02012236 -0.01408983
v 0.02670177 0.01222408 -0.01641979
v 0.02826932 0.00955454 -0.01283397
v 0.02670177 0.00945218 -0.01815748
v 0.02431907 0.00772675 -0.02331802
v 0.02205538 0.01125123 -0.02486458
v 0.02670177 -0.01468376 -0.01426272
v 0.02565064 -0.01843092 -0.01290547
v 0.02431907 -0.01762077 -0.01711552
v 0.02670177 0.00326108 -0.02020899
v 0.02826932 0.00503272 -0.01518788
v 0.02431907 0.00000000 -0.02456487
v 0.02120678 -0.00448231 -0.02777701
v 0.01747664 -0.00976869 -0.02948024
v 0.02094874 -0.01182373 -0.02579717
v 0.02431907 -0.02012236 -0.01408983
v 0.02167767 -0.02267222 -0.01587526
v 0.02120678 -0.02018265 -0.01960394
v 0.02167767 0.02267222 -0.01587526
v 0.02120678 0.02018265 -0.01960394
v 0.02120678 0.02304794 -0.01613834
v 0.01747664 0.02227739 -0.02163862
v 0.01747664 0.02544007 -0.01781333
v 0.01747664 -0.02227739 -0.02163862
v 0.01326260 -0.02382979 -0.02314650
v 0.01650000 0.02592668 -0.01815406
v 0.01326260 0.02382979 -0.02314650
v 0.01326260 0.02721286 -0.01905465
v 0.01326260 0.01533965 -0.02946718
v 0.01326260 0.01044942 -0.03153457
v 0.00871597 0.01086789 -0.03279744
v 0.00871597 0.01595395 -0.03064726
v 0.00871597 0.00550424 -0.03410992
v 0.01326260 0.00529230 -0.03279651
v 0.00871597 0.00000000 -0.03455116
v 0.01326260 0.00000000 -0.03322077
v 0.01747664 0.00494753 -0.03065997
v 0.01326260 -0.00529230 -0.03279651
v 0.01747664 0.00000000 -0.03105659
v 0.02120678 0.00448231 -0.02777701
v 0.02826932 0.00738798 -0.01419217
v 0.02670177 0.00643886 -0.01943139
v 0.02431907 0.00391335 -0.02425115
v 0.02120678 0.00000000 -0.02813634
v 0.01747664 -0.00494753 -0.03065997
v 0.01326260 -0.01044942 -0.03153457
v 0.01326260 -0.01533965 -0.02946718
v 0.01326260 -0.01983807 -0.02664715
v 0.00871597 -0.02063252 -0.02771429
v 0.02120678 -0.02304794 -0.01613834
v 0.01747664 -0.02544007 -0.01781333
v 0.01650000 -0.02592668 -0.01815406
v 0.01326260 -0.02721286 -0.01905465
v 0.01047048 -0.02797252 -0.01958657
v 0.01047048 0.02797252 -0.01958657
v 0.00871597 0.02478410 -0.02407345
v 0.00871597 0.02830266 -0.01981773
v 0.00871597 0.02063252 -0.02771429
v 0.01326260 0.01983807 -0.02664715
v 0.02550000 -0.03584152 0.01151077
v 0.02565064 -0.03555885 0.01155575
v 0.02551247 -0.03064814 0.00413053
v 0.02551805 -0.02856659 0.00117420
v 0.02531533 -0.02918182 0.00146587
v 0.02551112 -0.02962335 0.00266302
v 0.02553584 -0.02978407 0.00296549
v 0.02555411 -0.02824518 0.00082184
v 0.02550868 -0.02806158 0.00042538
v 0.02539423 -0.02800000 0.00000403
v 0.02494843 -0.02826653 -0.00085356
v 0.02460704 -0.02863107 -0.00122269
v 0.02520974 -0.02806290 -0.00042981
v 0.02420424 -0.02915926 -0.00146079
v 0.02814815 -0.02893605 0.01260957
v 0.02831486 -0.01435306 -0.00707035
v 0.02844146 -0.01526392 -0.00479717
v 0.02880625 -0.01600000 -0.00000000
v 0.02900000 -0.02182892 0.01374045
v 0.02900000 -0.01600000 0.00541590
v 0.02861903 -0.01581453 -0.00242915
v 0.02900000 0.02182892 0.01374045
v 0.02900000 0.01600000 0.00541590
v 0.02814815 0.02893605 0.01260957
v 0.02831466 0.01435061 -0.00707530
v 0.02844015 0.01525783 -0.00481650
v 0.02861859 0.01581367 -0.00243469
v 0.02880625 0.01600000 -0.00000000
v 0.02565064 0.03555885 0.01155575
v 0.02481177 0.02840199 -0.00102195
v 0.02518512 0.02807788 -0.00047706
v 0.02539562 0.02800002 0.00000806
v 0.02537966 0.02902214 0.00142185
v 0.02551247 0.02963014 0.00267668
v 0.02531533 0.02918182 0.00146587
v 0.02550064 0.02864162 0.00123011
v 0.02550000 0.03584152 0.01151077
v 0.02553584 0.03042940 0.00388711
v 0.02555296 0.02832498 0.00093238
v 0.02552567 0.02809329 0.00052073
v 0.02550000 0.03268305 0.00700000
v 0.02551112 0.03065866 0.00414159
v 0.02532293 0.03160359 0.00494615
v 0.01350000 0.04650000 -0.00500000
v 0.02205033 0.04098413 -0.00141973
v 0.02545824 0.03505049 0.00599979
v 0.02550000 0.04650000 0.00700000
v 0.02543289 0.03677114 0.00573263
v 0.02541461 0.03277197 0.00557099
v 0.02511734 0.03947771 0.00399376
v 0.02458655 0.04650000 0.00240780
v 0.02458655 0.04049568 0.00240780
v 0.02536641 0.03796818 0.00521439
v 0.01809220 0.04650000 -0.00408655
v 0.02198528 0.04650000 -0.00148528
v 0.02223363 0.04135934 -0.00122944
v 0.02257021 0.04173113 -0.00085693
v 0.02414769 0.04081818 0.00146587
v 0.02406958 0.04121597 0.00131810
v 0.02392310 0.04156761 0.00105366
v 0.02370508 0.04183353 0.00068681
v 0.02340633 0.04198262 0.00022766
v 0.02302088 0.04196881 -0.00030430
v 0.02550000 0.04650000 0.00746778
v -0.00479794 0.04650000 -0.00807100
v 0.00000000 0.04650000 -0.00800000
v 0.02550000 0.04620057 0.00871567
v 0.02550000 0.04536747 0.00969180
v 0.02550000 0.04418214 0.01018361
v 0.03780000 0.01600000 0.01466795
v 0.02550000 -0.04420000 0.01018077
v 0.02550000 -0.04621021 0.00981866
v 0.02550000 -0.05890000 0.00726413
v 0.02549520 -0.06190000 0.00666022
v 0.02542426 -0.06690000 0.00565369
v 0.03780000 -0.01600000 0.01466795
v -0.01880549 0.02116109 -0.01732168
v -0.01875906 0.02149968 -0.01739109
v -0.01879798 0.02152939 -0.01731669
v -0.01900405 0.02166556 -0.01707774
v -0.01902328 0.02124957 -0.01701940
v -0.01934283 0.02132309 -0.01682162
v -0.01929546 0.02183627 -0.01693183
v -0.01971729 0.02137088 -0.01675735
v -0.01960798 0.02200785 -0.01691431
v -0.01878789 0.02064602 -0.01724572
v -0.01900241 0.02068689 -0.01691745
v -0.01932720 0.02069626 -0.01669412
v -0.01971177 0.02067268 -0.01661045
v -0.01966717 -0.02174322 -0.01684641
v -0.01960798 -0.02200785 -0.01691431
v -0.01938750 -0.02188776 -0.01691359
v -0.01913026 -0.02174130 -0.01699570
v -0.01930057 -0.02165814 -0.01689964
v -0.01898693 -0.02155039 -0.01708536
v -0.01891771 -0.02161121 -0.01715674
v -0.01877157 -0.02143556 -0.01737673
v -0.01875906 -0.02149968 -0.01739109
v -0.01902500 -0.02122034 -0.01701342
v -0.01880714 -0.02113441 -0.01731688
v -0.01934502 -0.02129052 -0.01681441
v -0.01972015 -0.02133464 -0.01674908
v -0.01900241 -0.02068689 -0.01691745
v -0.01878789 -0.02064602 -0.01724572
v -0.01932720 -0.02069626 -0.01669412
v -0.01971177 -0.02067268 -0.01661045
v -0.01864828 -0.01943733 -0.01705398
v -0.01847759 -0.02032942 -0.01792466
v -0.01847759 -0.01821881 -0.01694046
v -0.01864828 0.01943733 -0.01705398
v -0.01847759 0.02032942 -0.01792466
v -0.01847759 0.01821881 -0.01694046
v -0.01886147 0.01945210 -0.01671981
v -0.01918647 0.01943911 -0.01649279
v -0.01957216 0.01940038 -0.01640863
v -0.01940147 0.01811773 -0.01628913
v -0.01901441 0.01817160 -0.01637238
v -0.01868914 0.01820719 -0.01660169
v 0.00841748 0.00000000 -0.02011080
v 0.00858328 0.00026437 -0.02008075
v 0.00845237 0.00038302 -0.02017861
v 0.00872610 0.00013494 -0.02002040
v 0.00887498 0.00000000 -0.02000000
v 0.00872610 -0.00013494 -0.02002040
v 0.00858328 -0.00026437 -0.02008075
v 0.00845237 -0.00038302 -0.02017861
v 0.01149589 -0.00325504 -0.01977079
v 0.01170109 -0.00308110 -0.01976124
v 0.01048615 -0.00172794 -0.01992522
v 0.01398222 -0.00628788 -0.01904488
v 0.01424605 -0.00608646 -0.01905138
v 0.01348520 -0.00516036 -0.01932280
v 0.01130557 -0.00342754 -0.01985122
v 0.01114389 -0.00358609 -0.01999673
v 0.01119488 -0.00364913 -0.01998824
v 0.01374747 -0.00650064 -0.01914409
v 0.01356767 -0.00670129 -0.01933807
v 0.01410561 -0.00743111 -0.01910950
v 0.01532089 -0.00914664 -0.01844990
v 0.01608693 -0.00845237 -0.01812616
v 0.01577365 -0.00866528 -0.01810625
v 0.01550544 -0.00890836 -0.01821960
v 0.01875721 -0.02063091 -0.01727808
v 0.01896613 -0.02067733 -0.01693577
v 0.01883390 -0.01933514 -0.01671414
v 0.01929381 -0.02069232 -0.01670052
v 0.01916203 -0.01932276 -0.01648072
v 0.01955374 -0.01928493 -0.01639445
v 0.01969505 -0.02067268 -0.01661045
v 0.01676532 -0.00955671 -0.01765106
v 0.01615945 -0.00996705 -0.01778672
v 0.01643895 -0.00974933 -0.01765218
v 0.01768314 -0.01146121 -0.01700736
v 0.01733808 -0.01161992 -0.01703791
v 0.01780466 -0.01176223 -0.01692475
v 0.01804290 -0.01361694 -0.01659948
v 0.01840397 -0.01349259 -0.01654553
v 0.01879050 -0.01491402 -0.01635163
v 0.01842005 -0.01501552 -0.01641781
v 0.01886736 -0.01523789 -0.01632189
v 0.01885709 -0.01716156 -0.01633244
v 0.01923947 -0.01709304 -0.01625320
v 0.01948973 -0.01876362 -0.01633888
v 0.01853481 -0.01721783 -0.01655641
v 0.01810588 -0.01511673 -0.01662510
v 0.01773553 -0.01374816 -0.01679197
v 0.01704312 -0.01179511 -0.01720373
v 0.01862261 -0.01932005 -0.01705683
v 0.01832330 -0.01725301 -0.01688991
v 0.01789571 -0.01520226 -0.01694200
v 0.01752759 -0.01386674 -0.01709437
v 0.01684108 -0.01196134 -0.01748075
v 0.01653952 -0.01128331 -0.01766869
v 0.01596697 -0.01017861 -0.01803535
v 0.02514992 -0.01247817 -0.01674832
v 0.02537921 -0.01119547 -0.01708452
v 0.02506336 -0.01176628 -0.01692367
v 0.02428230 -0.01541549 -0.01630783
v 0.02475464 -0.01402789 -0.01646030
v 0.02423928 -0.01471542 -0.01637250
v 0.02553047 -0.00981461 -0.01755124
v 0.02465560 -0.01080581 -0.01720492
v 0.02558124 -0.00845237 -0.01812616
v 0.02395302 -0.01002852 -0.01747153
v 0.02334999 -0.00965395 -0.01761294
v 0.02188655 -0.00935204 -0.01773322
v 0.02126365 -0.00943727 -0.01769868
v 0.02243462 -0.00938013 -0.01772179
v 0.02059490 -0.00968075 -0.01760254
v 0.01992962 -0.01012596 -0.01743614
v 0.01933885 -0.01081454 -0.01720213
v 0.01893664 -0.01176628 -0.01692367
v 0.01885173 -0.01260434 -0.01672012
v 0.01899431 -0.01344250 -0.01655427
v 0.01921326 -0.01396854 -0.01646902
v 0.02258665 -0.01877368 -0.01633983
v 0.02220419 -0.01564337 -0.01629213
v 0.02129545 -0.01557020 -0.01629689
v 0.02292918 -0.01821848 -0.01629551
v 0.02280317 -0.01554589 -0.01629853
v 0.02370291 -0.01676604 -0.01625279
v 0.02005034 -0.02188770 -0.01688300
v 0.01958612 -0.02198862 -0.01690925
v 0.01977530 -0.02215143 -0.01695277
v 0.01970313 -0.02125123 -0.01673033
v 0.02112613 -0.02073766 -0.01662303
v 0.01970883 -0.02111909 -0.01670137
v 0.02208448 -0.01951422 -0.01642328
v 0.02044575 -0.01523985 -0.01632173
v 0.01965014 -0.01459778 -0.01638581
v 0.02355425 -0.01523985 -0.01632173
v 0.01550544 0.00890836 -0.01821960
v 0.01532089 0.00914664 -0.01844990
v 0.01409964 0.00742291 -0.01911223
v 0.01104806 0.00273420 -0.01984654
v 0.01124361 0.00256612 -0.01983469
v 0.01349133 0.00516773 -0.01932083
v 0.01334939 0.00598095 -0.01929915
v 0.01317175 0.00617411 -0.01948496
v 0.01118707 0.00363946 -0.01998955
v 0.01049159 0.00173390 -0.01992470
v 0.01086553 0.00289962 -0.01992368
v 0.01070820 0.00305137 -0.02006097
v 0.01357676 0.00577489 -0.01920306
v 0.01383034 0.00557722 -0.01920663
v 0.01577365 0.00866528 -0.01810625
v 0.01608693 0.00845237 -0.01812616
v 0.01897169 0.02067796 -0.01692983
v 0.01875721 0.02063091 -0.01727808
v 0.01857917 0.01896461 -0.01701239
v 0.01930687 0.01749803 -0.01626111
v 0.01892257 0.01756069 -0.01634209
v 0.01905463 0.01610320 -0.01626838
v 0.01911784 0.01895127 -0.01643839
v 0.01950813 0.01890834 -0.01635293
v 0.01837466 0.01482992 -0.01643614
v 0.01886743 0.01523822 -0.01632186
v 0.01867733 0.01618640 -0.01634249
v 0.01874394 0.01472544 -0.01637140
v 0.01836553 0.01336677 -0.01656773
v 0.01800535 0.01349318 -0.01662044
v 0.01791351 0.01204430 -0.01685189
v 0.01756350 0.01219295 -0.01688994
v 0.01738789 0.01078373 -0.01721200
v 0.01704901 0.01095433 -0.01723299
v 0.01930127 0.02069227 -0.01669720
v 0.01969505 0.02067268 -0.01661045
v 0.01879057 0.01897109 -0.01667072
v 0.01859906 0.01760876 -0.01656837
v 0.01835842 0.01626292 -0.01655978
v 0.01806132 0.01493507 -0.01664164
v 0.01769866 0.01362709 -0.01681147
v 0.01726461 0.01235538 -0.01706410
v 0.01675905 0.01114449 -0.01738841
v 0.01706049 0.01250788 -0.01734894
v 0.01749098 0.01374861 -0.01711245
v 0.01785137 0.01502497 -0.01695678
v 0.01814727 0.01632093 -0.01688661
v 0.01838750 0.01763461 -0.01690415
v 0.01652909 0.01126117 -0.01767529
v 0.01598252 0.01020596 -0.01802533
v 0.01655990 0.01132675 -0.01765582
v 0.01617518 0.00999510 -0.01777623
v 0.01645495 0.00977804 -0.01764117
v 0.01678164 0.00958595 -0.01763953
v 0.01964161 0.02174245 -0.01684622
v 0.01977530 0.02215143 -0.01695277
v 0.01958612 0.02198862 -0.01690925
v 0.01994731 0.02198780 -0.01690903
v 0.01968868 0.02142528 -0.01676989
v 0.02100074 0.02088255 -0.01665188
v 0.02194726 0.01970343 -0.01644910
v 0.02278832 0.01845226 -0.01631227
v 0.02179565 0.01564336 -0.01629213
v 0.02119659 0.01554582 -0.01629853
v 0.02270452 0.01557020 -0.01629689
v 0.02044575 0.01523985 -0.01632173
v 0.01975905 0.01471374 -0.01637268
v 0.01924302 0.01402366 -0.01646091
v 0.01901366 0.01350213 -0.01654388
v 0.01886077 0.01276024 -0.01668644
v 0.01893664 0.01176628 -0.01692367
v 0.01934431 0.01080595 -0.01720487
v 0.02004682 0.01002865 -0.01747148
v 0.02064890 0.00965447 -0.01761274
v 0.02156404 0.00938031 -0.01772171
v 0.02211270 0.00935202 -0.01773323
v 0.02558124 0.00845237 -0.01812616
v 0.02273619 0.00943724 -0.01769870
v 0.02340242 0.00967941 -0.01760305
v 0.02407019 0.01012580 -0.01743620
v 0.02553831 0.00970375 -0.01759364
v 0.02466128 0.01081474 -0.01720206
v 0.02539547 0.01108126 -0.01711891
v 0.02506336 0.01176628 -0.01692367
v 0.02514992 0.01247817 -0.01674832
v 0.02292918 0.01821848 -0.01629551
v 0.02362896 0.01691944 -0.01625232
v 0.02355425 0.01523985 -0.01632173
v 0.02421726 0.01558269 -0.01629605
v 0.02423941 0.01471530 -0.01637251
v 0.02469846 0.01421263 -0.01643432
v 0.02475464 0.01402789 -0.01646030
v 0.02558124 0.00517638 -0.01931852
v 0.02558124 -0.00174311 -0.01992389
v 0.02558124 0.00174311 -0.01992389
v 0.02558124 -0.00517638 -0.01931852
v -0.00841748 0.00000000 -0.02011080
v -0.00845237 0.00038302 -0.02017861
v -0.00858328 0.00026437 -0.02008075
v -0.00872610 0.00013494 -0.02002040
v -0.00858328 -0.00026437 -0.02008075
v -0.00845237 -0.00038302 -0.02017861
v -0.00872610 -0.00013494 -0.02002040
v -0.00887498 0.00000000 -0.02000000
v -0.00690447 -0.00039664 -0.02089581
v 0.00828888 0.00000000 -0.02017635
v 0.00832349 0.00038428 -0.02024489
v 0.00788060 -0.00038843 -0.02046336
v 0.00504342 0.00000000 -0.02145409
v 0.00506768 -0.00040883 -0.02153804
v 0.00832349 -0.00038428 -0.02024489
v 0.00428096 -0.00041282 -0.02174860
v 0.00165275 0.00000000 -0.02209507
v 0.00166127 0.00042116 -0.02218769
v 0.00428096 0.00041282 -0.02174860
v 0.00506768 0.00040883 -0.02153804
v 0.00788060 0.00038843 -0.02046336
v 0.00166127 -0.00042116 -0.02218769
v 0.00052673 -0.00042247 -0.02225691
v -0.00178640 0.00000000 -0.02208227
v -0.00324711 -0.00041701 -0.02196923
v -0.00517628 0.00000000 -0.02141515
v -0.00520107 -0.00040808 -0.02149860
v -0.00179560 -0.00042091 -0.02217472
v -0.00520107 0.00040808 -0.02149860
v -0.00690447 0.00039664 -0.02089581
v -0.00324711 0.00041701 -0.02196923
v -0.00179560 0.00042091 -0.02217472
v 0.00052673 0.00042247 -0.02225691
v -0.01918647 -0.01943911 -0.01649279
v -0.01957216 -0.01940038 -0.01640863
v -0.01886147 -0.01945210 -0.01671981
v -0.01868914 -0.01820719 -0.01660169
v -0.01901441 -0.01817160 -0.01637238
v -0.01940147 -0.01811773 -0.01628913
v -0.01937723 -0.01795251 -0.01627978
v -0.01874044 -0.01651111 -0.01633384
v -0.01842036 -0.01658086 -0.01655352
v -0.01911950 -0.01643286 -0.01625788
v -0.01878171 -0.01487799 -0.01635527
v -0.01841148 -0.01498006 -0.01642118
v -0.01873714 -0.01469836 -0.01637438
v -0.01800383 -0.01348821 -0.01662130
v -0.01820904 -0.01663125 -0.01688274
v -0.01809747 -0.01508201 -0.01662813
v -0.01788734 -0.01516838 -0.01694470
v -0.01769716 -0.01362223 -0.01681227
v -0.01748950 -0.01374387 -0.01711320
v -0.01737639 -0.01265877 -0.01699581
v -0.01717128 -0.01280385 -0.01728471
v -0.01684581 -0.01133591 -0.01733153
v -0.01664576 -0.01151344 -0.01760182
v -0.01622540 -0.01008559 -0.01774276
v -0.01603215 -0.01029417 -0.01799336
v -0.01836397 -0.01336172 -0.01656864
v -0.01802985 -0.01235993 -0.01677554
v -0.01767728 -0.01250319 -0.01681736
v -0.01747804 -0.01098308 -0.01714906
v -0.01713729 -0.01115017 -0.01717296
v -0.01683376 -0.00968029 -0.01760271
v -0.01650604 -0.00987067 -0.01760599
v -0.01608693 -0.00845237 -0.01812616
v -0.01577365 -0.00866528 -0.01810625
v -0.01550544 -0.00890836 -0.01821960
v -0.01532089 -0.00914664 -0.01844990
v -0.01591525 -0.01008854 -0.01806868
v -0.01130557 -0.00342754 -0.01985122
v -0.01114389 -0.00358609 -0.01999673
v -0.01029610 -0.00255173 -0.02010857
v -0.01048615 -0.00172794 -0.01992522
v -0.01149589 -0.00325504 -0.01977079
v -0.01170109 -0.00308110 -0.01976124
v -0.01348520 -0.00516036 -0.01932280
v -0.01374747 -0.00650064 -0.01914409
v -0.01356767 -0.00670129 -0.01933807
v -0.01398222 -0.00628788 -0.01904488
v -0.01424605 -0.00608646 -0.01905138
v -0.01334316 -0.00640136 -0.01942348
v -0.01334833 -0.01726966 -0.02448634
v 0.01835165 -0.02020380 -0.01819404
v 0.01652804 -0.01880464 -0.02119457
v 0.01411411 -0.01757546 -0.02383056
v 0.01119608 -0.01656016 -0.02600786
v 0.00787817 -0.01579501 -0.02764872
v 0.00427889 -0.01530734 -0.02869453
v 0.00052678 -0.01511457 -0.02910794
v -0.00324414 -0.01522357 -0.02887418
v -0.00689920 -0.01563047 -0.02800160
v -0.01030784 -0.01632071 -0.02652137
v -0.01591207 -0.01844341 -0.02196922
v -0.01790750 -0.01980005 -0.01905989
v 0.01652804 0.01880464 -0.02119457
v 0.01411411 0.01757546 -0.02383056
v -0.00689920 0.01563047 -0.02800160
v -0.01030784 0.01632071 -0.02652137
v -0.01030233 0.00255924 -0.02010795
v -0.00324414 0.01522357 -0.02887418
v 0.00052678 0.01511457 -0.02910794
v 0.00427889 0.01530734 -0.02869453
v 0.00787817 0.01579501 -0.02764872
v 0.01119608 0.01656016 -0.02600786
v 0.01835165 0.02020380 -0.01819404
v -0.01822971 0.01673884 -0.01688256
v -0.01790750 0.01980005 -0.01905989
v -0.01591207 0.01844341 -0.02196922
v -0.01614666 0.01050308 -0.01791964
v -0.01591709 0.01009173 -0.01806749
v -0.01674195 0.01172983 -0.01754184
v -0.01725378 0.01303398 -0.01723818
v -0.01753592 0.01389395 -0.01709031
v -0.01791856 0.01529564 -0.01693488
v -0.01546145 0.00935519 -0.01836024
v -0.01334833 0.01726966 -0.02448634
v -0.01532089 0.00914664 -0.01844990
v -0.01070820 0.00305137 -0.02006097
v -0.01317175 0.00617411 -0.01948496
v -0.01334406 0.00640255 -0.01942315
v -0.01104806 0.00273420 -0.01984654
v -0.01124361 0.00256612 -0.01983469
v -0.01357676 0.00577489 -0.01920306
v -0.01349133 0.00516773 -0.01932083
v -0.01049159 0.00173390 -0.01992470
v -0.01086553 0.00289962 -0.01992368
v -0.01334939 0.00598095 -0.01929915
v -0.01383034 0.00557722 -0.01920663
v -0.01608693 0.00845237 -0.01812616
v -0.01577365 0.00866528 -0.01810625
v -0.01550544 0.00890836 -0.01821960
v -0.01591843 0.00888443 -0.01800830
v -0.01564777 0.00912234 -0.01812613
v -0.01811647 0.01260527 -0.01671991
v -0.01776197 0.01274438 -0.01676456
v -0.01841272 0.01352157 -0.01654053
v -0.01723619 0.01137714 -0.01710615
v -0.01757905 0.01121411 -0.01707898
v -0.01662389 0.01008998 -0.01752481
v -0.01695400 0.00990365 -0.01751772
v -0.01623452 0.00867566 -0.01802370
v -0.01844343 0.01511329 -0.01640887
v -0.01873699 0.01469777 -0.01637445
v -0.01805144 0.01364544 -0.01659476
v -0.01881448 0.01501335 -0.01634195
v -0.01914119 0.01654712 -0.01625551
v -0.01876154 0.01662368 -0.01633208
v -0.01634124 0.01029985 -0.01766553
v -0.01694300 0.01155777 -0.01726826
v -0.01745959 0.01289465 -0.01694622
v -0.01774392 0.01377604 -0.01678759
v -0.01812883 0.01521242 -0.01661707
v -0.01844107 0.01669108 -0.01655255
v -0.03037992 0.01119055 -0.01708598
v -0.03053053 0.00981383 -0.01755153
v -0.03058124 0.00845237 -0.01812616
v -0.02936614 0.01519275 -0.01632572
v -0.02953933 0.01470357 -0.01637381
v -0.02880441 0.01654941 -0.01625547
v -0.02813159 0.01786782 -0.01627551
v -0.03012854 0.01257751 -0.01672604
v -0.02982143 0.01379926 -0.01649488
v -0.02792918 0.01821848 -0.01629551
v -0.02708642 0.01951150 -0.01642292
v -0.02612989 0.02073328 -0.01662218
v -0.02494731 0.02198780 -0.01690903
v -0.02237748 0.02405509 -0.01757419
v -0.02215630 0.02420097 -0.01763069
v -0.02371780 0.02307072 -0.01722652
v -0.03058124 -0.00845237 -0.01812616
v -0.03058124 -0.00517638 -0.01931852
v -0.03058124 -0.00174311 -0.01992389
v -0.03058124 0.00174311 -0.01992389
v -0.03058124 0.00517638 -0.01931852
v -0.03040764 -0.01099245 -0.01714616
v -0.03016882 -0.01238826 -0.01676895
v -0.02808075 -0.01795761 -0.01628004
v -0.02792918 -0.01821848 -0.01629551
v -0.02862869 -0.01691998 -0.01625232
v -0.02969756 -0.01421552 -0.01643393
v -0.02921667 -0.01558419 -0.01629595
v -0.02982143 -0.01379926 -0.01649488
v -0.03054404 -0.00961636 -0.01762761
v -0.02778832 -0.01845226 -0.01631227
v -0.02694726 -0.01970343 -0.01644910
v -0.02600074 -0.02088255 -0.01665188
v -0.02494731 -0.02198780 -0.01690903
v -0.02471835 -0.02220467 -0.01696732
v -0.02348661 -0.02325377 -0.01728682
v -0.02215630 -0.02420097 -0.01763069
v -0.03983404 -0.07890000 -0.03906794
v -0.03983404 -0.07590000 -0.03906794
v -0.03796527 -0.07590000 -0.04341877
v -0.04497347 -0.12690000 -0.02710246
v -0.04497347 -0.07890000 -0.02710246
v -0.03796527 -0.12690000 -0.04341877
v -0.02672683 -0.12740000 -0.06958380
v -0.03559864 -0.12690000 -0.04892869
v -0.05100000 -0.12740000 -0.01307165
v -0.04955135 -0.12690000 -0.01644436
v -0.05100000 -0.12690000 -0.01307165
v -0.03094693 -0.12690000 -0.05975868
v -0.03069024 -0.09356634 -0.06035630
v -0.03012748 -0.09787447 -0.06166651
v -0.03072894 -0.09312734 -0.06026619
v -0.03094693 -0.08790000 -0.05975868
v -0.02486517 -0.12301747 -0.07391809
v -0.02705783 -0.10779001 -0.06881317
v -0.02614646 -0.10935284 -0.07093501
v -0.02354142 -0.12240000 -0.07700000
v -0.02280896 -0.11251306 -0.07870529
v -0.02138231 -0.11288825 -0.08202678
v -0.02598457 -0.12477455 -0.07131192
v -0.02783572 -0.10612145 -0.06700211
v -0.02832803 -0.10486356 -0.06585595
v -0.02915329 -0.10227337 -0.06393459
v -0.02951084 -0.10088857 -0.06310215
v -0.02336912 -0.11221795 -0.07740114
v -0.02451476 -0.11133685 -0.07473388
v -0.02529938 -0.11049922 -0.07290716
v -0.01516067 -0.11290000 -0.09651183
v -0.01516067 -0.12240000 -0.09651183
v -0.02108052 -0.11290000 -0.08272940
v 0.00400000 -0.12587298 -0.07040408
v 0.00712431 -0.12477455 -0.07131192
v 0.02368480 -0.12477455 -0.07131192
v 0.00450000 -0.12689151 -0.06981039
v 0.00406668 -0.12675905 -0.06987656
v 0.00400000 -0.12639999 -0.07007179
v 0.00426951 -0.12708293 -0.06972010
v 0.00500000 -0.12740000 -0.06958380
v 0.00459624 -0.12731487 -0.06961881
v 0.02426538 -0.12740000 -0.06958380
v 0.01519868 -0.12240000 -0.07700000
v 0.02177381 -0.12240000 -0.07700000
v 0.02280922 -0.12301747 -0.07391809
v 0.01361951 -0.12257119 -0.07535388
v 0.01189000 -0.12301747 -0.07391809
v 0.00957766 -0.12382516 -0.07244242
v -0.00712431 -0.12477455 -0.07131192
v -0.00400000 -0.12587298 -0.07040408
v -0.00400000 -0.12639999 -0.07007179
v -0.00500000 -0.12740000 -0.06958380
v -0.00450000 -0.12689151 -0.06981039
v -0.00459724 -0.12731530 -0.06961863
v -0.00427045 -0.12708393 -0.06971964
v -0.00406687 -0.12675954 -0.06987630
v -0.00957291 -0.12382696 -0.07243983
v -0.01361924 -0.12257124 -0.07535362
v -0.01519868 -0.12240000 -0.07700000
v -0.01189000 -0.12301747 -0.07391809
v -0.00753508 -0.12240000 -0.08164626
v -0.01198548 -0.12240000 -0.07398912
v -0.00400000 -0.12240000 -0.07948513
v -0.00819128 -0.12240000 -0.07175437
v -0.00400000 -0.12240000 -0.07040408
v 0.01119814 -0.12240000 -0.08892105
v 0.01082925 -0.12240000 -0.09304794
v 0.01004809 -0.12240000 -0.08494052
v 0.01198548 -0.12240000 -0.07398912
v 0.00753508 -0.12240000 -0.08164626
v 0.00819128 -0.12240000 -0.07175437
v 0.00400000 -0.12240000 -0.07948513
v 0.00400000 -0.12240000 -0.07040408
v 0.01564089 -0.12240000 -0.09525476
v 0.00899144 -0.12240000 -0.09676140
v 0.01334878 -0.12240000 -0.09969845
v 0.00593401 -0.12240000 -0.09955772
v 0.00969846 -0.12240000 -0.10334878
v 0.00207167 -0.12240000 -0.10105760
v 0.00509878 -0.12240000 -0.10569243
v -0.00207167 -0.12240000 -0.10105760
v -0.01004809 -0.12240000 -0.08494052
v -0.01119814 -0.12240000 -0.08892105
v -0.01082925 -0.12240000 -0.09304794
v -0.01334878 -0.12240000 -0.09969845
v -0.00899144 -0.12240000 -0.09676140
v -0.00969846 -0.12240000 -0.10334878
v -0.00593401 -0.12240000 -0.09955772
v -0.00509878 -0.12240000 -0.10569243
v 0.00000000 -0.12240000 -0.10650000
v 0.03613015 -0.10930121 -0.03398979
v 0.03517597 -0.12740000 -0.03710821
v 0.03517597 -0.11053608 -0.03710821
v 0.03751384 -0.12740000 -0.02768095
v 0.03688375 -0.10781032 -0.03095933
v 0.03829708 -0.09761549 -0.01859193
v 0.03830000 -0.09688076 -0.01800000
v 0.03830000 -0.12740000 -0.01800000
v 0.03820883 -0.10060340 -0.02130643
v 0.03796995 -0.10330823 -0.02428471
v 0.03751384 -0.10583168 -0.02768095
v 0.03830000 -0.07090000 -0.00900000
v 0.03830000 -0.09094067 -0.01408968
v 0.03830000 -0.12740000 -0.00652532
v 0.03830000 -0.08352964 -0.01094389
v 0.03830000 -0.07565454 -0.00926998
v 0.03050885 -0.11290000 -0.05100000
v 0.03475194 -0.11095611 -0.03837036
v 0.01564089 -0.11290000 -0.09525476
v 0.03210619 -0.11263002 -0.04624546
v -0.01569243 -0.11290000 -0.09509878
v 0.01569243 -0.11290000 -0.09509878
v 0.01650000 -0.11290000 -0.09000000
v 0.00969846 -0.11290000 -0.07665122
v 0.00509878 -0.11290000 -0.07430757
v 0.00000000 -0.11290000 -0.07350000
v 0.01334878 -0.11290000 -0.08030155
v 0.01569243 -0.11290000 -0.08490122
v -0.01650000 -0.11290000 -0.09000000
v -0.01569243 -0.11290000 -0.08490122
v -0.01760470 -0.11290000 -0.07096227
v -0.01334878 -0.11290000 -0.08030155
v -0.01549284 -0.11290000 -0.06496208
v -0.00969846 -0.11290000 -0.07665122
v -0.01407060 -0.11290000 -0.06154435
v -0.00509878 -0.11290000 -0.07430757
v -0.01273155 -0.11290000 -0.05878122
v 0.00000000 -0.11290000 -0.05100000
v -0.00240930 -0.11290000 -0.05114261
v -0.00402710 -0.11290000 -0.05147670
v -0.00673181 -0.11290000 -0.05256753
v -0.00752726 -0.11290000 -0.05303687
v -0.01029520 -0.11290000 -0.05536310
v -0.01334878 -0.10990000 -0.09969845
v -0.01569243 -0.10990000 -0.09509878
v -0.01650000 -0.10990000 -0.09000000
v -0.01569243 -0.10990000 -0.08490122
v -0.01334878 -0.10990000 -0.08030155
v -0.00969846 -0.10990000 -0.07665122
v -0.00509878 -0.10990000 -0.07430757
v 0.00000000 -0.10990000 -0.07350000
v 0.00509878 -0.10990000 -0.07430757
v 0.00969846 -0.10990000 -0.07665122
v 0.01334878 -0.10990000 -0.08030155
v 0.01569243 -0.10990000 -0.08490122
v 0.01650000 -0.10990000 -0.09000000
v 0.01569243 -0.10990000 -0.09509878
v 0.01334878 -0.10990000 -0.09969845
v 0.00969846 -0.10990000 -0.10334878
v 0.00509878 -0.10990000 -0.10569243
v 0.00000000 -0.10990000 -0.10650000
v -0.00509878 -0.10990000 -0.10569243
v -0.00969846 -0.10990000 -0.10334878
v -0.07781508 -0.07490000 -0.07360662
v -0.08866231 -0.08690000 -0.07889345
v -0.08866231 -0.07490000 -0.07889345
v -0.07781508 -0.08690000 -0.07360662
v -0.06641002 -0.07490000 -0.06966483
v -0.06641002 -0.08690000 -0.06966483
v -0.05048768 -0.08767238 -0.06521713
v -0.05285002 -0.08709296 -0.06587702
v -0.06233307 -0.07490000 -0.06852598
v -0.05524069 -0.08690000 -0.06654482
v -0.03094693 -0.08690000 -0.05975868
v -0.04821964 -0.08860661 -0.06458358
v -0.04602109 -0.08989140 -0.06396945
v -0.04377887 -0.09163180 -0.06334312
v -0.04154166 -0.09385970 -0.06271818
v -0.03948069 -0.09644809 -0.06214247
v -0.03756310 -0.09945756 -0.06160682
v -0.03586138 -0.10277750 -0.06113147
v -0.03444259 -0.10622007 -0.06073515
v -0.03312004 -0.11035632 -0.06036571
v -0.03208965 -0.11477592 -0.06007788
v -0.03139713 -0.11921762 -0.05988444
v -0.03100719 -0.12406106 -0.05977551
v 0.00000000 -0.06751316 -0.00900000
v -0.02692701 -0.08165781 -0.04358109
v -0.00422495 -0.07099754 -0.00912304
v 0.00000000 -0.07090000 -0.00900000
v -0.00822641 -0.07128184 -0.00995014
v -0.01190209 -0.07174046 -0.01150463
v -0.01516518 -0.07236094 -0.01371541
v -0.01792887 -0.07313084 -0.01651137
v -0.02010643 -0.07403769 -0.01982137
v -0.02161111 -0.07506907 -0.02357429
v -0.02271608 -0.07621250 -0.02754475
v -0.02408759 -0.10374402 -0.05151744
v -0.02190768 -0.08936294 -0.02955782
v -0.02075900 -0.08845711 -0.02568751
v -0.02038525 -0.09171938 -0.02698555
v -0.01490871 -0.07928900 -0.01428868
v -0.01170200 -0.07871890 -0.01210113
v -0.01154749 -0.08226888 -0.01287308
v -0.01771342 -0.11220609 -0.06005815
v -0.01570191 -0.11211941 -0.05441062
v -0.01489370 -0.11270454 -0.05795961
v -0.02271637 -0.10762575 -0.05577911
v -0.02083416 -0.10683110 -0.04847740
v -0.02010372 -0.10863538 -0.05113850
v -0.02215411 -0.10244808 -0.04379649
v -0.02003570 -0.10128697 -0.03636574
v -0.01941901 -0.10382784 -0.03880309
v -0.02687470 -0.08477504 -0.04365847
v -0.02059587 -0.09853403 -0.03421409
v -0.02469330 -0.10148302 -0.04968294
v -0.02523857 -0.09903704 -0.04806676
v -0.02151975 -0.10475909 -0.04602288
v -0.01875135 -0.10611913 -0.04150718
v -0.02342648 -0.10579848 -0.05355548
v -0.01803888 -0.10812414 -0.04445468
v -0.01728718 -0.10981061 -0.04761323
v -0.01688545 -0.11272638 -0.06322392
v -0.02196395 -0.10920598 -0.05816834
v -0.01933432 -0.11014664 -0.05397762
v -0.01650345 -0.11114939 -0.05094644
v -0.02117554 -0.11052170 -0.06069839
v -0.02287947 -0.11092277 -0.06765674
v -0.02446485 -0.10847551 -0.06330182
v -0.02035836 -0.11155736 -0.06334251
v -0.01853318 -0.11134218 -0.05696313
v -0.02119987 -0.11240626 -0.07232724
v -0.01952371 -0.11230282 -0.06607094
v -0.01868086 -0.11275076 -0.06885277
v 0.00000000 -0.07565454 -0.00926998
v -0.00420484 -0.07448229 -0.00927381
v 0.00000000 -0.07794684 -0.00959539
v -0.00798891 -0.08187415 -0.01133993
v -0.00809266 -0.07829752 -0.01055864
v -0.00786746 -0.08545688 -0.01246466
v -0.00410988 -0.08162946 -0.01051184
v -0.00416054 -0.07803630 -0.00973011
v -0.00405052 -0.08523165 -0.01163892
v -0.00397660 -0.08880980 -0.01312921
v 0.00000000 -0.08352964 -0.01094389
v 0.00000000 -0.08515433 -0.01149286
v 0.00000000 -0.09094067 -0.01408968
v 0.00000000 -0.09225708 -0.01483544
v -0.00388832 -0.09231866 -0.01499216
v 0.00000000 -0.09761529 -0.01859177
v -0.00771795 -0.08901297 -0.01394991
v -0.01136641 -0.08582020 -0.01398457
v -0.01470989 -0.08280292 -0.01504378
v -0.01763292 -0.07999638 -0.01705237
v -0.00818266 -0.07475679 -0.01010172
v -0.01183493 -0.07519960 -0.01165088
v -0.01507812 -0.07579869 -0.01385120
v -0.01782875 -0.07654204 -0.01663260
v -0.02000338 -0.07741764 -0.01992495
v -0.00378707 -0.09570979 -0.01723319
v 0.00000000 -0.09888985 -0.01968597
v -0.00754099 -0.09249783 -0.01580458
v -0.01114516 -0.08934070 -0.01545154
v -0.01447619 -0.08631174 -0.01613274
v -0.01740040 -0.08346557 -0.01778451
v -0.01979483 -0.08082961 -0.02032329
v -0.02263991 -0.07951746 -0.02761245
v -0.02131464 -0.08177724 -0.02403250
v -0.01954336 -0.08424609 -0.02102772
v -0.01712563 -0.08692165 -0.01884325
v -0.01419185 -0.08978411 -0.01757002
v -0.01088488 -0.09278686 -0.01728212
v -0.00733932 -0.09586375 -0.01803363
v -0.00367289 -0.09893387 -0.01984990
v -0.00354577 -0.10194056 -0.02283454
v 0.00000000 -0.10330823 -0.02428471
v -0.00340674 -0.10467625 -0.02616565
v 0.00000000 -0.10464898 -0.02599988
v -0.00325705 -0.10708807 -0.02981510
v 0.00000000 -0.10781032 -0.03095933
v -0.00309780 -0.10912960 -0.03374173
v 0.00000000 -0.10911671 -0.03357923
v -0.00293057 -0.11075866 -0.03789828
v 0.00000000 -0.11095611 -0.03837036
v -0.00275914 -0.11194377 -0.04222623
v 0.00000000 -0.11194011 -0.04207198
v -0.00258638 -0.11266027 -0.04666318
v 0.00000000 -0.11263002 -0.04624546
v -0.02244906 -0.08282783 -0.02796688
v -0.02106311 -0.08513378 -0.02470588
v -0.01924361 -0.08764006 -0.02205016
v -0.01679165 -0.09033429 -0.02024126
v -0.01385859 -0.09317791 -0.01936275
v -0.01058954 -0.09611212 -0.01948061
v -0.00711325 -0.09906215 -0.02063432
v -0.00686294 -0.10204345 -0.02359866
v -0.00659049 -0.10475491 -0.02690524
v -0.00629837 -0.10714456 -0.03052610
v -0.00598875 -0.10916673 -0.03442046
v -0.00566467 -0.11077996 -0.03854158
v -0.00533318 -0.11195335 -0.04283164
v -0.00499965 -0.11266269 -0.04722904
v -0.01887823 -0.09098235 -0.02340114
v -0.01844995 -0.09423465 -0.02508515
v -0.01640072 -0.09366312 -0.02198444
v -0.01595882 -0.09686510 -0.02407531
v -0.01348146 -0.09644815 -0.02151442
v -0.01306167 -0.09954906 -0.02402133
v -0.01025986 -0.09926909 -0.02204386
v -0.01260017 -0.10243397 -0.02687493
v -0.00989636 -0.10220942 -0.02496360
v -0.01210093 -0.10505348 -0.03005430
v -0.00950212 -0.10488180 -0.02821861
v -0.01156851 -0.10735895 -0.03353246
v -0.00908073 -0.10723567 -0.03178132
v -0.01100697 -0.10930765 -0.03727042
v -0.00863537 -0.10922662 -0.03561169
v -0.01042181 -0.11086081 -0.04122365
v -0.00817041 -0.11081433 -0.03966389
v -0.00982482 -0.11198969 -0.04533740
v -0.00769555 -0.11196880 -0.04388140
v -0.00922514 -0.11267184 -0.04955340
v -0.00721828 -0.11266658 -0.04820399
v -0.02612365 -0.09367670 -0.04553952
v -0.02571807 -0.09642781 -0.04668216
v -0.02153680 -0.09253649 -0.03080592
v -0.02109715 -0.09560526 -0.03235851
v -0.01994492 -0.09488464 -0.02860283
v -0.01944499 -0.09791479 -0.03053942
v -0.01796540 -0.09735623 -0.02710357
v -0.01742669 -0.10030565 -0.02945132
v -0.01546762 -0.09989646 -0.02650956
v -0.01683564 -0.10304078 -0.03211911
v -0.01492853 -0.10271259 -0.02927825
v -0.01619743 -0.10551740 -0.03508692
v -0.01434625 -0.10526649 -0.03236090
v -0.01551793 -0.10769207 -0.03832939
v -0.01372610 -0.10751190 -0.03573125
v -0.01480242 -0.10952661 -0.04181048
v -0.01307287 -0.10940818 -0.03935168
v -0.01405782 -0.11098644 -0.04548922
v -0.01239292 -0.11091849 -0.04317929
v -0.01329832 -0.11204617 -0.04931575
v -0.01169954 -0.11201563 -0.04716155
v -0.01253499 -0.11268608 -0.05323709
v -0.01100309 -0.11267838 -0.05124264
v -0.02670049 -0.08783100 -0.04401816
v -0.01888787 -0.10077103 -0.03278943
v -0.01827567 -0.10341404 -0.03534308
v -0.01761382 -0.10580277 -0.03818091
v -0.01690841 -0.10789698 -0.04127857
v -0.01616494 -0.10966130 -0.04460181
v -0.01539057 -0.11106371 -0.04811187
v -0.01459975 -0.11208091 -0.05176188
v -0.01380374 -0.11269483 -0.05550212
v -0.01105214 -0.14315613 -0.06900000
v -0.02864474 -0.13307129 -0.06900000
v -0.02753242 -0.13040000 -0.06900000
v -0.02304381 -0.14489496 -0.06900000
v 0.01271476 -0.13843888 -0.06900000
v 0.02446152 -0.13040000 -0.06900000
v 0.02446152 -0.13546611 -0.06900000
v 0.00087214 -0.14100324 -0.06900000
v -0.03028867 -0.13550004 -0.06900000
v -0.03240443 -0.13759793 -0.06900000
v -0.03508847 -0.14621767 -0.06900000
v -0.03491510 -0.13928871 -0.06900000
v -0.03508847 -0.13938221 -0.06900000
v 0.02441203 -0.12887186 -0.06914730
v -0.02690901 -0.12813012 -0.06932878
v -0.02710119 -0.12887186 -0.06914730
v -0.02730858 -0.12963101 -0.06903704
f 1 2 3
f 4 5 6
f 6 3 4
f 1 3 6
f 7 1 6
f 8 1 7
f 9 10 11
f 9 8 7
f 12 8 9
f 11 12 9
f 13 14 15
f 16 14 13
f 17 16 13
f 18 16 17
f 19 20 21
f 22 20 19
f 23 22 19
f 22 18 17
f 24 18 22
f 23 24 22
f 25 26 27
f 28 26 25
f 29 28 25
f 20 30 21
f 31 30 20
f 32 31 20
f 29 31 32
f 33 29 32
f 28 29 33
f 34 27 26
f 35 27 34
f 35 36 37
f 38 36 35
f 34 38 35
f 39 37 36
f 40 37 39
f 41 40 39
f 42 40 41
f 43 42 41
f 44 42 43
f 45 44 43
f 46 44 45
f 47 46 45
f 48 46 47
f 49 48 47
f 50 48 49
f 51 50 49
f 52 50 51
f 53 52 51
f 54 52 53
f 55 54 53
f 56 54 55
f 57 56 55
f 58 56 57
f 59 58 57
f 60 58 59
f 61 60 59
f 62 60 61
f 63 62 61
f 64 62 63
f 65 64 63
f 66 64 65
f 67 66 65
f 68 66 67
f 69 68 67
f 70 68 69
f 71 70 69
f 72 70 71
f 73 72 71
f 74 72 73
f 75 74 73
f 76 74 75
f 77 76 75
f 78 76 77
f 78 79 80
f 81 79 78
f 77 81 78
f 82 80 79
f 83 80 82
f 84 83 82
f 85 83 84
f 86 85 84
f 87 85 86
f 88 87 86
f 89 87 88
f 90 89 88
f 91 89 90
f 92 91 90
f 93 91 92
f 94 93 92
f 95 93 94
f 96 95 94
f 97 95 96
f 98 97 96
f 99 97 98
f 100 99 98
f 101 99 100
f 102 101 100
f 103 101 102
f 104 103 102
f 105 103 104
f 106 105 104
f 107 105 106
f 108 107 106
f 109 107 108
f 110 109 108
f 111 109 110
f 112 111 110
f 113 111 112
f 114 113 112
f 115 113 114
f 116 115 114
f 117 115 116
f 118 117 116
f 119 117 118
f 120 119 118
f 121 119 120
f 122 121 120
f 123 121 122
f 124 123 122
f 125 123 124
f 126 125 124
f 127 125 126
f 128 129 130
f 131 129 128
f 132 131 128
f 133 131 132
f 134 133 132
f 135 133 134
f 15 135 134
f 14 135 15
f 130 136 137
f 129 136 130
f 138 139 140
f 141 139 138
f 137 141 138
f 136 141 137
f 140 142 143
f 139 142 140
f 144 127 126
f 145 127 144
f 146 145 144
f 147 145 146
f 148 147 146
f 149 147 148
f 150 149 148
f 151 149 150
f 152 151 150
f 153 151 152
f 154 153 152
f 155 153 154
f 156 155 154
f 157 155 156
f 143 157 156
f 142 157 143
f 158 159 160
f 161 159 158
f 162 161 158
f 163 161 162
f 164 163 162
f 165 163 164
f 166 165 164
f 167 165 166
f 168 165 167
f 169 168 167
f 170 171 172
f 173 171 170
f 174 173 170
f 174 175 173
f 176 175 174
f 177 176 174
f 178 176 177
f 177 179 178
f 180 179 177
f 181 180 177
f 182 180 181
f 183 182 181
f 184 182 183
f 185 184 183
f 185 186 184
f 187 186 185
f 168 187 185
f 188 187 168
f 169 188 168
f 189 190 191
f 192 189 191
f 193 189 192
f 171 189 193
f 172 171 193
f 192 194 193
f 195 194 192
f 196 195 192
f 193 197 172
f 198 197 193
f 194 198 193
f 199 200 201
f 199 202 203
f 204 205 206
f 207 208 209
f 210 211 212
f 213 214 215
f 216 217 218
f 219 217 216
f 220 219 216
f 216 221 220
f 222 221 216
f 223 222 216
f 216 224 225
f 226 224 216
f 218 226 216
f 227 228 229
f 224 230 225
f 231 230 224
f 232 231 224
f 227 231 232
f 233 227 232
f 228 227 233
f 234 227 229
f 235 227 234
f 236 235 234
f 237 235 236
f 238 237 236
f 239 237 238
f 240 239 238
f 241 239 240
f 242 241 240
f 243 241 242
f 244 243 242
f 244 245 243
f 246 245 244
f 247 246 244
f 247 248 246
f 249 248 247
f 250 249 247
f 250 251 249
f 252 251 250
f 253 252 250
f 254 252 253
f 255 254 253
f 256 254 255
f 257 256 255
f 258 256 257
f 259 260 261
f 262 260 259
f 263 262 259
f 264 262 263
f 263 265 264
f 266 265 263
f 267 266 263
f 263 268 267
f 269 268 263
f 270 269 263
f 271 272 273
f 263 272 271
f 274 263 271
f 270 263 274
f 275 259 261
f 276 259 275
f 277 276 275
f 278 276 277
f 213 278 277
f 279 280 281
f 282 280 279
f 283 282 279
f 284 204 285
f 279 204 284
f 286 279 284
f 283 279 286
f 287 288 289
f 290 287 289
f 291 287 290
f 292 291 290
f 293 291 292
f 294 293 292
f 295 293 294
f 296 295 294
f 297 298 299
f 300 298 297
f 301 300 297
f 302 300 301
f 289 302 301
f 303 302 289
f 288 303 289
f 299 304 305
f 306 304 299
f 298 306 299
f 305 307 299
f 308 307 305
f 309 308 305
f 310 308 309
f 311 308 310
f 312 311 310
f 313 311 312
f 211 313 312
f 314 313 211
f 210 314 211
f 315 210 212
f 208 210 315
f 316 208 315
f 317 208 316
f 209 208 317
f 318 209 317
f 318 319 209
f 320 319 318
f 321 320 318
f 322 323 324
f 321 323 322
f 325 321 322
f 320 321 325
f 210 326 314
f 327 326 210
f 208 327 210
f 328 327 208
f 207 328 208
f 294 281 296
f 279 281 294
f 329 279 294
f 330 279 329
f 279 331 332
f 333 331 279
f 330 333 279
f 204 334 205
f 335 334 204
f 279 335 204
f 336 335 279
f 332 336 279
f 215 206 337
f 204 206 215
f 214 204 215
f 285 204 214
f 215 278 213
f 338 278 215
f 337 338 215
f 276 339 259
f 340 339 276
f 278 340 276
f 341 340 278
f 338 341 278
f 259 342 343
f 344 342 259
f 345 344 259
f 259 346 345
f 347 346 259
f 339 347 259
f 263 348 349
f 350 348 263
f 259 350 263
f 351 350 259
f 343 351 259
f 257 352 258
f 353 352 257
f 273 353 257
f 354 353 273
f 272 354 273
f 355 354 272
f 263 355 272
f 356 355 263
f 349 356 263
f 199 357 202
f 358 357 199
f 216 358 199
f 359 358 216
f 225 359 216
f 199 360 200
f 361 360 199
f 362 361 199
f 199 363 362
f 364 363 199
f 203 364 199
f 365 366 367
f 368 366 365
f 369 368 365
f 370 368 369
f 371 370 369
f 372 365 367
f 373 365 372
f 374 373 372
f 373 375 376
f 377 375 373
f 373 378 377
f 379 378 373
f 374 379 373
f 216 376 223
f 373 376 216
f 199 373 216
f 365 373 199
f 201 365 199
f 369 365 201
f 380 381 382
f 383 382 381
f 384 385 386
f 387 388 389
f 390 391 392
f 393 324 394
f 395 243 245
f 9 396 10
f 397 398 399
f 400 398 397
f 401 402 403
f 404 179 180
f 405 406 407
f 408 409 410
f 411 408 410
f 412 413 414
f 415 413 412
f 416 415 412
f 417 415 416
f 418 419 420
f 421 419 418
f 422 421 418
f 423 424 425
f 426 423 425
f 427 428 429
f 430 428 427
f 431 430 427
f 432 430 431
f 433 432 431
f 434 432 433
f 435 434 433
f 436 434 435
f 437 436 435
f 438 436 437
f 439 438 437
f 440 441 442
f 443 441 440
f 442 444 445
f 446 444 442
f 441 446 442
f 445 447 442
f 448 447 445
f 449 448 445
f 450 448 449
f 451 448 450
f 452 451 450
f 453 451 452
f 454 453 452
f 455 453 454
f 456 453 455
f 457 456 455
f 458 456 457
f 190 458 457
f 189 459 190
f 460 459 189
f 171 460 189
f 175 461 173
f 462 461 175
f 462 178 463
f 176 178 462
f 175 176 462
f 182 404 180
f 182 464 404
f 465 464 182
f 184 465 182
f 466 465 184
f 186 466 184
f 467 169 468
f 188 169 467
f 466 188 467
f 187 188 466
f 186 187 466
f 469 164 470
f 166 164 469
f 468 166 469
f 167 166 468
f 169 167 468
f 470 158 160
f 162 158 470
f 164 162 470
f 471 472 473
f 474 472 471
f 475 474 471
f 160 474 475
f 476 160 475
f 470 160 476
f 473 477 478
f 479 477 473
f 472 479 473
f 480 481 482
f 483 481 480
f 484 483 480
f 485 483 484
f 478 485 484
f 486 485 478
f 477 486 478
f 487 488 489
f 490 488 487
f 491 490 487
f 492 493 494
f 495 493 492
f 496 495 492
f 497 498 499
f 500 498 497
f 500 501 502
f 503 501 500
f 497 503 500
f 504 505 506
f 502 505 504
f 507 502 504
f 500 502 507
f 506 508 509
f 510 508 506
f 505 510 506
f 509 511 512
f 513 511 509
f 508 513 509
f 514 515 516
f 517 515 514
f 518 517 514
f 519 517 518
f 512 519 518
f 520 519 512
f 511 520 512
f 521 522 523
f 524 522 521
f 525 524 521
f 523 526 527
f 528 526 523
f 522 528 523
f 401 529 530
f 531 529 401
f 403 531 401
f 408 5 409
f 6 5 408
f 532 6 408
f 7 6 532
f 533 7 532
f 9 7 533
f 534 360 535
f 200 360 534
f 536 200 534
f 201 200 536
f 537 201 536
f 369 201 537
f 538 369 537
f 371 369 538
f 535 362 539
f 361 362 535
f 360 361 535
f 539 364 540
f 363 364 539
f 362 363 539
f 541 357 542
f 202 357 541
f 540 202 541
f 203 202 540
f 364 203 540
f 543 230 544
f 225 230 543
f 545 225 543
f 359 225 545
f 358 359 545
f 227 546 231
f 547 546 227
f 235 547 227
f 548 547 235
f 549 249 251
f 248 249 549
f 395 248 549
f 246 248 395
f 245 246 395
f 252 254 550
f 258 352 551
f 550 258 551
f 256 258 550
f 254 256 550
f 353 551 352
f 552 551 353
f 354 552 353
f 553 552 354
f 355 553 354
f 554 344 345
f 342 344 554
f 555 342 554
f 343 342 555
f 556 343 555
f 351 343 556
f 557 351 556
f 350 351 557
f 558 350 557
f 348 350 558
f 559 348 558
f 349 348 559
f 560 349 559
f 356 349 560
f 561 356 560
f 355 356 561
f 562 355 561
f 553 355 562
f 346 554 345
f 563 554 346
f 347 563 346
f 564 563 347
f 339 564 347
f 565 341 338
f 566 290 567
f 292 290 566
f 568 292 566
f 294 292 568
f 569 294 568
f 329 294 569
f 570 329 569
f 330 329 570
f 571 330 570
f 333 330 571
f 572 333 571
f 331 333 572
f 573 331 572
f 332 331 573
f 574 332 573
f 336 332 574
f 575 336 574
f 335 336 575
f 576 335 575
f 334 335 576
f 577 334 576
f 205 334 577
f 578 205 577
f 206 205 578
f 579 206 578
f 337 206 579
f 580 337 579
f 338 337 580
f 581 338 580
f 565 338 581
f 582 307 583
f 299 307 582
f 584 299 582
f 297 299 584
f 585 297 584
f 301 297 585
f 586 301 585
f 289 301 586
f 587 289 586
f 588 313 589
f 311 313 588
f 583 311 588
f 308 311 583
f 307 308 583
f 589 326 327
f 314 326 589
f 313 314 589
f 590 328 207
f 327 328 590
f 591 327 590
f 589 327 591
f 592 320 393
f 319 320 592
f 590 319 592
f 209 319 590
f 207 209 590
f 393 322 324
f 325 322 393
f 320 325 393
f 593 594 595
f 596 594 593
f 597 596 593
f 598 389 388
f 461 599 600
f 459 601 602
f 600 601 459
f 460 600 459
f 461 600 460
f 171 461 460
f 173 461 171
f 459 458 190
f 603 458 459
f 602 603 459
f 604 605 606
f 607 605 604
f 384 607 604
f 608 607 384
f 386 608 384
f 413 407 414
f 405 407 413
f 609 405 413
f 610 405 609
f 611 610 609
f 612 610 611
f 613 612 611
f 418 614 422
f 615 614 418
f 616 615 418
f 617 615 616
f 618 617 616
f 383 617 618
f 619 383 618
f 382 383 619
f 620 621 622
f 623 621 620
f 624 623 620
f 625 623 624
f 380 625 624
f 626 625 380
f 382 626 380
f 423 420 424
f 418 420 423
f 627 418 423
f 616 418 627
f 628 616 627
f 618 616 628
f 629 618 628
f 619 618 629
f 630 619 629
f 382 619 630
f 631 382 630
f 626 382 631
f 439 426 438
f 423 426 439
f 437 423 439
f 627 423 437
f 435 627 437
f 628 627 435
f 433 628 435
f 629 628 433
f 431 629 433
f 630 629 431
f 427 630 431
f 631 630 427
f 429 631 427
f 626 631 429
f 621 451 622
f 448 451 621
f 623 448 621
f 447 448 623
f 625 447 623
f 442 447 625
f 626 442 625
f 440 442 626
f 429 440 626
f 443 440 429
f 428 443 429
f 451 632 622
f 633 632 451
f 453 633 451
f 604 633 453
f 456 604 453
f 384 604 456
f 458 384 456
f 385 384 458
f 603 385 458
f 386 385 603
f 487 634 491
f 635 634 487
f 489 635 487
f 636 635 489
f 637 636 489
f 638 636 637
f 639 638 637
f 640 638 639
f 641 640 639
f 642 640 641
f 643 642 641
f 496 642 643
f 644 496 643
f 495 496 644
f 645 646 647
f 648 646 645
f 649 648 645
f 650 648 649
f 651 650 649
f 652 650 651
f 653 652 651
f 654 652 653
f 655 654 653
f 656 654 655
f 657 656 655
f 658 656 657
f 659 658 657
f 660 658 659
f 661 660 659
f 662 660 661
f 663 662 661
f 664 662 663
f 665 664 663
f 666 664 665
f 667 666 665
f 668 666 667
f 669 668 667
f 670 668 669
f 671 670 669
f 672 670 671
f 673 672 671
f 674 672 673
f 675 674 673
f 676 674 675
f 597 676 675
f 677 676 597
f 593 677 597
f 598 677 593
f 595 598 593
f 389 598 595
f 648 678 646
f 679 678 648
f 650 679 648
f 680 679 650
f 652 680 650
f 681 680 652
f 654 681 652
f 682 681 654
f 656 682 654
f 683 682 656
f 658 683 656
f 684 683 658
f 660 684 658
f 685 684 660
f 662 685 660
f 686 685 662
f 664 686 662
f 687 686 664
f 666 687 664
f 688 687 666
f 668 688 666
f 689 688 668
f 670 689 668
f 690 689 670
f 672 690 670
f 691 690 672
f 674 691 672
f 692 691 674
f 676 692 674
f 693 692 676
f 677 693 676
f 694 693 677
f 598 694 677
f 463 694 598
f 388 463 598
f 462 463 388
f 387 462 388
f 461 462 387
f 695 461 387
f 599 461 695
f 538 606 371
f 604 606 538
f 537 604 538
f 633 604 537
f 536 633 537
f 632 633 536
f 534 632 536
f 622 632 534
f 535 622 534
f 620 622 535
f 539 620 535
f 624 620 539
f 540 624 539
f 380 624 540
f 541 380 540
f 381 380 541
f 542 381 541
f 383 381 542
f 696 383 542
f 617 383 696
f 697 617 696
f 615 617 697
f 698 615 697
f 614 615 698
f 699 614 698
f 700 614 699
f 701 700 699
f 702 700 701
f 703 702 701
f 704 702 703
f 705 704 703
f 706 704 705
f 707 706 705
f 708 706 707
f 709 708 707
f 710 708 709
f 711 710 709
f 712 710 711
f 713 712 711
f 714 712 713
f 715 714 713
f 716 714 715
f 717 716 715
f 530 716 717
f 718 530 717
f 401 530 718
f 527 401 718
f 402 401 527
f 526 402 527
f 403 402 526
f 404 178 179
f 463 178 404
f 464 463 404
f 694 463 464
f 465 694 464
f 693 694 465
f 466 693 465
f 692 693 466
f 467 692 466
f 691 692 467
f 468 691 467
f 690 691 468
f 469 690 468
f 689 690 469
f 470 689 469
f 688 689 470
f 476 688 470
f 687 688 476
f 475 687 476
f 686 687 475
f 471 686 475
f 685 686 471
f 473 685 471
f 684 685 473
f 478 684 473
f 683 684 478
f 484 683 478
f 682 683 484
f 480 682 484
f 681 682 480
f 482 681 480
f 680 681 482
f 719 680 482
f 679 680 719
f 720 679 719
f 678 679 720
f 490 678 720
f 646 678 490
f 491 646 490
f 647 646 491
f 634 647 491
f 721 722 723
f 724 722 721
f 400 724 721
f 725 724 400
f 397 725 400
f 396 725 397
f 399 396 397
f 10 396 399
f 405 411 406
f 408 411 405
f 610 408 405
f 532 408 610
f 612 532 610
f 533 532 612
f 613 533 612
f 9 533 613
f 726 9 613
f 396 9 726
f 727 396 726
f 725 396 727
f 422 728 421
f 729 728 422
f 614 729 422
f 417 729 614
f 700 417 614
f 415 417 700
f 702 415 700
f 413 415 702
f 704 413 702
f 609 413 704
f 706 609 704
f 611 609 706
f 708 611 706
f 613 611 708
f 710 613 708
f 726 613 710
f 712 726 710
f 727 726 712
f 714 727 712
f 725 727 714
f 716 725 714
f 724 725 716
f 530 724 716
f 722 724 530
f 529 722 530
f 723 722 529
f 550 251 252
f 549 251 550
f 730 549 550
f 395 549 730
f 731 395 730
f 243 395 731
f 732 243 731
f 241 243 732
f 733 241 732
f 239 241 733
f 734 239 733
f 237 239 734
f 734 235 237
f 548 235 734
f 733 548 734
f 735 548 733
f 732 735 733
f 736 735 732
f 731 736 732
f 737 736 731
f 730 737 731
f 738 737 730
f 550 738 730
f 739 738 550
f 551 739 550
f 740 739 551
f 552 740 551
f 741 740 552
f 553 741 552
f 742 741 553
f 562 742 553
f 743 742 562
f 561 743 562
f 744 743 561
f 560 744 561
f 745 744 560
f 559 745 560
f 746 745 559
f 558 746 559
f 747 746 558
f 557 747 558
f 748 747 557
f 556 748 557
f 749 748 556
f 555 749 556
f 750 749 555
f 554 750 555
f 751 750 554
f 563 751 554
f 752 751 563
f 564 752 563
f 753 752 564
f 339 753 564
f 565 753 339
f 340 565 339
f 341 565 340
f 546 230 231
f 544 230 546
f 547 544 546
f 754 544 547
f 548 754 547
f 755 754 548
f 735 755 548
f 756 755 735
f 736 756 735
f 757 756 736
f 737 757 736
f 758 757 737
f 738 758 737
f 759 758 738
f 739 759 738
f 760 759 739
f 740 760 739
f 761 760 740
f 741 761 740
f 762 761 741
f 742 762 741
f 763 762 742
f 743 763 742
f 764 763 743
f 744 764 743
f 765 764 744
f 745 765 744
f 766 765 745
f 746 766 745
f 767 766 746
f 747 767 746
f 768 767 747
f 748 768 747
f 516 768 748
f 749 516 748
f 514 516 749
f 750 514 749
f 518 514 750
f 751 518 750
f 512 518 751
f 752 512 751
f 509 512 752
f 753 509 752
f 506 509 753
f 565 506 753
f 504 506 565
f 581 504 565
f 507 504 581
f 580 507 581
f 500 507 580
f 579 500 580
f 498 500 579
f 578 498 579
f 769 498 578
f 577 769 578
f 770 769 577
f 576 770 577
f 771 770 576
f 575 771 576
f 772 771 575
f 574 772 575
f 773 772 574
f 573 773 574
f 774 773 573
f 572 774 573
f 775 774 572
f 571 775 572
f 776 775 571
f 570 776 571
f 777 776 570
f 569 777 570
f 778 777 569
f 568 778 569
f 779 778 568
f 566 779 568
f 780 779 566
f 567 780 566
f 781 780 567
f 782 781 567
f 783 781 782
f 784 783 782
f 785 783 784
f 786 785 784
f 787 785 786
f 788 787 786
f 789 787 788
f 790 789 788
f 791 789 790
f 792 791 790
f 793 791 792
f 794 793 792
f 795 793 794
f 796 795 794
f 797 795 796
f 798 797 796
f 799 797 798
f 800 799 798
f 801 799 800
f 802 801 800
f 803 801 802
f 804 803 802
f 390 803 804
f 805 390 804
f 391 390 805
f 587 290 289
f 567 290 587
f 586 567 587
f 782 567 586
f 585 782 586
f 784 782 585
f 584 784 585
f 786 784 584
f 582 786 584
f 788 786 582
f 583 788 582
f 790 788 583
f 588 790 583
f 792 790 588
f 589 792 588
f 794 792 589
f 591 794 589
f 796 794 591
f 590 796 591
f 798 796 590
f 592 798 590
f 800 798 592
f 393 800 592
f 802 800 393
f 394 802 393
f 804 802 394
f 806 804 394
f 805 804 806
f 545 357 358
f 542 357 545
f 543 542 545
f 696 542 543
f 544 696 543
f 697 696 544
f 754 697 544
f 698 697 754
f 755 698 754
f 699 698 755
f 756 699 755
f 701 699 756
f 757 701 756
f 703 701 757
f 758 703 757
f 705 703 758
f 759 705 758
f 707 705 759
f 760 707 759
f 709 707 760
f 761 709 760
f 711 709 761
f 762 711 761
f 713 711 762
f 763 713 762
f 715 713 763
f 764 715 763
f 717 715 764
f 765 717 764
f 718 717 765
f 766 718 765
f 527 718 766
f 767 527 766
f 523 527 767
f 768 523 767
f 521 523 768
f 516 521 768
f 525 521 516
f 515 525 516
f 524 525 515
f 498 807 499
f 494 807 498
f 769 494 498
f 492 494 769
f 770 492 769
f 496 492 770
f 771 496 770
f 642 496 771
f 772 642 771
f 640 642 772
f 773 640 772
f 638 640 773
f 774 638 773
f 636 638 774
f 775 636 774
f 635 636 775
f 776 635 775
f 634 635 776
f 777 634 776
f 647 634 777
f 778 647 777
f 645 647 778
f 779 645 778
f 649 645 779
f 780 649 779
f 651 649 780
f 781 651 780
f 653 651 781
f 783 653 781
f 655 653 783
f 785 655 783
f 657 655 785
f 787 657 785
f 659 657 787
f 789 659 787
f 661 659 789
f 791 661 789
f 663 661 791
f 793 663 791
f 665 663 793
f 795 665 793
f 667 665 795
f 797 667 795
f 669 667 797
f 799 669 797
f 671 669 799
f 801 671 799
f 673 671 801
f 803 673 801
f 675 673 803
f 390 675 803
f 597 675 390
f 392 597 390
f 596 597 392
f 808 398 809
f 399 398 808
f 11 399 808
f 10 399 11
f 398 810 809
f 811 810 398
f 400 811 398
f 812 811 400
f 721 812 400
f 813 812 721
f 721 814 813
f 815 814 721
f 723 815 721
f 723 816 815
f 817 816 723
f 529 817 723
f 818 817 529
f 531 818 529
f 819 818 531
f 403 819 531
f 403 820 819
f 821 820 403
f 526 821 403
f 822 821 526
f 528 822 526
f 823 822 528
f 824 517 825
f 515 517 824
f 826 515 824
f 524 515 826
f 823 524 826
f 522 524 823
f 528 522 823
f 825 520 827
f 519 520 825
f 517 519 825
f 828 508 510
f 513 508 828
f 827 513 828
f 511 513 827
f 520 511 827
f 510 829 828
f 830 829 510
f 505 830 510
f 505 831 830
f 832 831 505
f 502 832 505
f 833 832 502
f 833 503 834
f 501 503 833
f 502 501 833
f 835 807 494
f 499 807 835
f 834 499 835
f 497 499 834
f 503 497 834
f 493 835 494
f 836 835 493
f 495 836 493
f 644 836 495
f 837 836 644
f 643 837 644
f 838 837 643
f 641 838 643
f 839 838 641
f 639 839 641
f 840 839 639
f 637 840 639
f 841 840 637
f 489 841 637
f 842 841 489
f 488 842 489
f 843 842 488
f 490 843 488
f 844 843 490
f 720 844 490
f 720 845 844
f 846 845 720
f 719 846 720
f 847 846 719
f 482 847 719
f 481 847 482
f 481 848 847
f 849 848 481
f 483 849 481
f 850 160 159
f 474 160 850
f 851 474 850
f 472 474 851
f 852 472 851
f 479 472 852
f 853 479 852
f 477 479 853
f 854 477 853
f 486 477 854
f 855 486 854
f 485 486 855
f 856 485 855
f 483 485 856
f 857 483 856
f 849 483 857
f 858 859 860
f 861 862 863
f 860 862 861
f 864 860 861
f 858 860 864
f 865 866 858
f 864 861 867
f 858 868 859
f 869 868 858
f 866 869 858
f 870 871 872
f 865 871 870
f 866 873 869
f 874 873 866
f 865 874 866
f 875 874 865
f 870 875 865
f 876 877 878
f 879 877 876
f 872 879 876
f 880 879 872
f 871 880 872
f 867 880 871
f 865 867 871
f 864 867 865
f 858 864 865
f 881 870 872
f 876 881 872
f 882 883 881
f 884 876 878
f 881 876 884
f 885 881 884
f 882 881 885
f 886 883 882
f 887 883 886
f 888 887 886
f 889 887 888
f 890 889 888
f 891 889 890
f 892 891 890
f 893 891 892
f 894 893 892
f 895 893 894
f 896 895 894
f 897 895 896
f 898 897 896
f 899 897 898
f 900 899 898
f 901 899 900
f 902 901 900
f 903 901 902
f 904 903 902
f 905 903 904
f 906 905 904
f 907 905 906
f 908 907 906
f 909 907 908
f 910 909 908
f 911 909 910
f 912 911 910
f 913 911 912
f 914 913 912
f 915 913 914
f 916 915 914
f 917 915 916
f 918 917 916
f 919 917 918
f 920 919 918
f 921 919 920
f 922 921 920
f 923 921 922
f 924 923 922
f 925 923 924
f 926 925 924
f 927 925 926
f 928 927 926
f 929 927 928
f 930 927 929
f 931 930 929
f 932 933 934
f 935 933 932
f 936 935 932
f 937 935 936
f 938 937 936
f 939 937 938
f 940 939 938
f 941 939 940
f 942 941 940
f 943 930 931
f 944 930 943
f 942 944 943
f 945 944 942
f 940 945 942
f 946 934 933
f 947 934 946
f 948 947 946
f 949 947 948
f 950 949 948
f 951 949 950
f 952 953 954
f 955 953 952
f 956 957 958
f 956 951 950
f 959 951 956
f 958 959 956
f 960 961 962
f 963 961 960
f 964 963 960
f 965 963 964
f 966 963 965
f 196 966 965
f 967 966 196
f 192 967 196
f 955 967 192
f 191 955 192
f 953 955 191
f 190 953 191
f 961 968 962
f 969 968 961
f 970 969 961
f 971 969 970
f 972 971 970
f 973 971 972
f 974 973 972
f 975 973 974
f 976 975 974
f 977 975 976
f 978 977 976
f 979 977 978
f 980 958 957
f 981 958 980
f 982 981 980
f 983 981 982
f 984 983 982
f 985 983 984
f 986 985 984
f 987 985 986
f 988 987 986
f 989 987 988
f 990 989 988
f 991 989 990
f 979 991 990
f 992 991 979
f 978 992 979
f 993 994 995
f 996 994 993
f 997 996 993
f 998 996 997
f 999 1000 1001
f 1001 1002 999
f 1003 1002 1001
f 1004 1003 1001
f 1005 1003 1004
f 1000 1006 1007
f 1008 1006 1000
f 999 1008 1000
f 997 1009 998
f 1010 1009 997
f 1007 1010 997
f 1011 1010 1007
f 1006 1011 1007
f 1012 1013 1014
f 1015 1016 1017
f 1018 1015 1017
f 1019 1015 1018
f 1020 1015 1019
f 1021 1020 1019
f 1022 1020 1021
f 1023 1022 1021
f 1024 1025 1026
f 1027 1025 1024
f 1022 1027 1024
f 1028 1027 1022
f 1023 1028 1022
f 1029 1014 1013
f 1030 1014 1029
f 1024 1030 1029
f 1031 1030 1024
f 1026 1031 1024
f 1032 1012 1014
f 1003 1005 1033
f 1014 1030 1034
f 1030 1031 1035
f 1034 1032 1014
f 1036 1032 1034
f 1037 1036 1034
f 1033 1036 1037
f 1038 1033 1037
f 1003 1033 1038
f 1002 1003 1038
f 1035 1034 1030
f 1037 1034 1035
f 1039 1037 1035
f 1038 1037 1039
f 1040 1038 1039
f 1002 1038 1040
f 999 1002 1040
f 1040 1008 999
f 1039 1008 1040
f 1035 1008 1039
f 1026 1008 1035
f 1031 1026 1035
f 1021 1041 1023
f 1042 1041 1021
f 1019 1042 1021
f 1009 1043 998
f 1041 1043 1009
f 1010 1041 1009
f 1023 1041 1010
f 1011 1023 1010
f 1028 1023 1011
f 1006 1028 1011
f 1027 1028 1006
f 1008 1027 1006
f 1025 1027 1008
f 1026 1025 1008
f 1042 1019 1018
f 1018 1017 1044
f 1017 1016 1045
f 996 998 1043
f 1044 1042 1018
f 1041 1042 1044
f 1046 1041 1044
f 1043 1041 1046
f 1047 1043 1046
f 996 1043 1047
f 994 996 1047
f 1045 1044 1017
f 1046 1044 1045
f 1048 1046 1045
f 1047 1046 1048
f 1049 1047 1048
f 994 1047 1049
f 995 994 1049
f 1050 1051 1052
f 1053 965 964
f 1054 181 177
f 1055 969 971
f 968 969 1055
f 962 968 1055
f 977 979 1056
f 1057 165 168
f 1058 165 1057
f 1059 1058 1057
f 1060 1058 1059
f 1061 1060 1059
f 1062 1060 1061
f 1063 1062 1061
f 1064 1065 1066
f 1067 1065 1064
f 1068 1067 1064
f 1069 1067 1068
f 1070 1069 1068
f 1071 1069 1070
f 1072 1071 1070
f 1073 1071 1072
f 185 1073 1072
f 183 1073 185
f 1074 1075 1076
f 1077 1075 1074
f 1078 1077 1074
f 1079 1076 1080
f 1074 1076 1079
f 1081 1074 1079
f 1078 1074 1081
f 1082 1078 1081
f 1083 977 1056
f 975 977 1083
f 1084 975 1083
f 973 975 1084
f 1052 973 1084
f 971 973 1052
f 1051 971 1052
f 1055 971 1051
f 1050 1055 1051
f 1085 964 960
f 1053 964 1085
f 1080 1053 1085
f 1086 1053 1080
f 1076 1086 1080
f 1087 1086 1076
f 1075 1087 1076
f 962 1085 960
f 1080 1085 962
f 1055 1080 962
f 1079 1080 1055
f 1050 1079 1055
f 1081 1079 1050
f 1088 1081 1050
f 1082 1081 1088
f 1089 1082 1088
f 1090 1091 1066
f 1063 1092 1062
f 1093 1092 1063
f 1094 1093 1063
f 1072 168 185
f 1057 168 1072
f 1070 1057 1072
f 1059 1057 1070
f 1068 1059 1070
f 1061 1059 1068
f 1064 1061 1068
f 1063 1061 1064
f 1066 1063 1064
f 1094 1063 1066
f 1091 1094 1066
f 965 195 196
f 194 195 965
f 1053 194 965
f 198 194 1053
f 1086 198 1053
f 197 198 1086
f 1087 197 1086
f 172 197 1087
f 1075 172 1087
f 170 172 1075
f 1077 170 1075
f 174 170 1077
f 1078 174 1077
f 177 174 1078
f 1082 177 1078
f 1054 177 1082
f 1089 1054 1082
f 1054 183 181
f 1073 183 1054
f 1089 1073 1054
f 1071 1073 1089
f 1088 1071 1089
f 1069 1071 1088
f 1050 1069 1088
f 1067 1069 1050
f 1052 1067 1050
f 1065 1067 1052
f 1084 1065 1052
f 1066 1065 1084
f 1083 1066 1084
f 1090 1066 1083
f 1056 1090 1083
f 1095 1096 1097
f 988 1098 990
f 1099 1100 163
f 1101 1032 1036
f 1096 1005 1004
f 1001 15 134
f 13 15 1001
f 1000 13 1001
f 17 13 1000
f 1007 17 1000
f 22 17 1007
f 997 22 1007
f 20 22 997
f 993 20 997
f 1102 1049 1048
f 995 1049 1102
f 993 32 20
f 33 32 993
f 995 33 993
f 1103 1045 1016
f 1048 1045 1103
f 939 1022 1024
f 1024 937 939
f 935 937 1024
f 1029 935 1024
f 933 935 1029
f 1029 946 933
f 948 946 1029
f 1013 948 1029
f 950 948 1013
f 1012 950 1013
f 956 950 1012
f 1095 1005 1096
f 1033 1005 1095
f 1036 1033 1095
f 165 1099 163
f 1058 1099 165
f 1104 1099 1058
f 1060 1104 1058
f 1105 1093 1094
f 1092 1093 1105
f 1104 1092 1105
f 1062 1092 1104
f 1060 1062 1104
f 1106 1091 1107
f 1094 1091 1106
f 1108 1094 1106
f 1105 1094 1108
f 1107 1056 979
f 1090 1056 1107
f 1091 1090 1107
f 1109 990 1098
f 986 984 1110
f 982 980 1111
f 956 1101 957
f 1032 1101 956
f 1012 1032 956
f 1103 928 1112
f 929 928 1103
f 1016 929 1103
f 931 929 1016
f 1015 931 1016
f 943 931 1015
f 1020 943 1015
f 942 943 1020
f 1022 942 1020
f 941 942 1022
f 939 941 1022
f 1112 924 1113
f 926 924 1112
f 928 926 1112
f 1114 916 914
f 918 916 1114
f 920 918 1114
f 830 912 829
f 914 912 830
f 831 914 830
f 1114 914 831
f 1115 1114 831
f 920 1114 1115
f 1113 920 1115
f 922 920 1113
f 924 922 1113
f 829 908 828
f 910 908 829
f 912 910 829
f 827 1116 825
f 904 1116 827
f 828 904 827
f 906 904 828
f 908 906 828
f 1117 826 824
f 1117 894 892
f 896 894 1117
f 824 896 1117
f 898 896 824
f 825 898 824
f 900 898 825
f 1116 900 825
f 902 900 1116
f 904 902 1116
f 890 1117 892
f 1118 1117 890
f 888 1118 890
f 878 1119 884
f 1120 1119 878
f 877 1120 878
f 879 1120 877
f 861 863 1120
f 880 1120 879
f 861 1120 880
f 867 861 880
f 1121 811 812
f 812 1122 1121
f 1123 1122 812
f 813 1123 812
f 1124 1123 813
f 814 1124 813
f 863 1124 814
f 815 863 814
f 1120 863 815
f 816 1120 815
f 1119 1120 816
f 1119 818 819
f 817 818 1119
f 816 817 1119
f 1119 885 884
f 882 885 1119
f 819 882 1119
f 886 882 819
f 820 886 819
f 888 886 820
f 821 888 820
f 1118 888 821
f 822 1118 821
f 1117 1118 822
f 823 1117 822
f 826 1117 823
f 832 833 1125
f 835 53 51
f 55 53 835
f 836 55 835
f 57 55 836
f 837 57 836
f 837 59 57
f 61 59 837
f 838 61 837
f 838 63 61
f 65 63 838
f 839 65 838
f 840 65 839
f 840 841 1126
f 69 1126 71
f 840 1126 69
f 67 840 69
f 65 840 67
f 842 1126 841
f 71 1126 842
f 843 71 842
f 73 71 843
f 844 73 843
f 844 75 73
f 77 75 844
f 845 77 844
f 81 77 845
f 846 81 845
f 79 81 846
f 847 79 846
f 82 79 847
f 848 82 847
f 88 857 90
f 849 857 88
f 86 849 88
f 848 849 86
f 84 848 86
f 82 848 84
f 857 92 90
f 94 92 857
f 96 94 857
f 857 98 96
f 100 98 857
f 856 100 857
f 1127 854 1128
f 855 854 1127
f 853 852 1129
f 851 850 1130
f 1100 161 163
f 159 161 1100
f 850 159 1100
f 1097 128 130
f 132 128 1097
f 1096 132 1097
f 134 132 1096
f 1004 134 1096
f 1001 134 1004
f 140 143 1131
f 1132 154 1133
f 156 154 1132
f 1134 148 146
f 150 148 1134
f 1133 150 1134
f 152 150 1133
f 154 152 1133
f 126 124 1135
f 144 1134 146
f 1136 1134 144
f 126 1136 144
f 1135 120 118
f 122 120 1135
f 124 122 1135
f 856 102 100
f 104 102 856
f 855 104 856
f 106 104 855
f 1127 106 855
f 108 106 1127
f 1127 110 108
f 112 110 1127
f 1128 112 1127
f 114 112 1128
f 1135 114 1128
f 116 114 1135
f 118 116 1135
f 1137 1138 1139
f 41 1138 1137
f 43 41 1137
f 1137 45 43
f 47 45 1137
f 1140 47 1137
f 49 47 1140
f 995 28 33
f 26 28 995
f 1102 26 995
f 34 26 1102
f 1141 34 1102
f 38 34 1141
f 1139 38 1141
f 36 38 1139
f 1138 36 1139
f 39 36 1138
f 41 39 1138
f 49 835 51
f 834 835 49
f 1140 834 49
f 833 834 1140
f 1137 833 1140
f 1125 833 1137
f 1139 1125 1137
f 1103 1102 1048
f 1141 1102 1103
f 1112 1141 1103
f 1139 1141 1112
f 1113 1139 1112
f 1125 1139 1113
f 1115 1125 1113
f 832 1125 1115
f 831 832 1115
f 1111 1101 1142
f 957 1101 1111
f 980 957 1111
f 1143 1142 1144
f 1111 1142 1143
f 1145 1111 1143
f 982 1111 1145
f 984 982 1145
f 1095 1101 1036
f 1142 1101 1095
f 1097 1142 1095
f 1144 1142 1097
f 130 1144 1097
f 1131 1144 130
f 137 1131 130
f 140 1131 137
f 138 140 137
f 1145 1110 984
f 1146 1110 1145
f 1143 1146 1145
f 1147 1146 1143
f 1144 1147 1143
f 1132 1147 1144
f 1131 1132 1144
f 156 1132 1131
f 143 156 1131
f 1135 1136 126
f 1129 1136 1135
f 1128 1129 1135
f 853 1129 1128
f 854 853 1128
f 1148 1129 852
f 1136 1129 1148
f 1149 1136 1148
f 1134 1136 1149
f 1150 1134 1149
f 1133 1134 1150
f 1151 1133 1150
f 1132 1133 1151
f 1152 1132 1151
f 1147 1132 1152
f 1153 1147 1152
f 1146 1147 1153
f 1154 1146 1153
f 1110 1146 1154
f 1155 1110 1154
f 986 1110 1155
f 988 986 1155
f 1155 1098 988
f 1109 1098 1155
f 1154 1109 1155
f 1156 1109 1154
f 1153 1156 1154
f 1157 1156 1153
f 1152 1157 1153
f 1158 1157 1152
f 1151 1158 1152
f 1159 1158 1151
f 1150 1159 1151
f 1160 1159 1150
f 1149 1160 1150
f 1130 1160 1149
f 1148 1130 1149
f 851 1130 1148
f 852 851 1148
f 1100 1130 850
f 1160 1130 1100
f 1099 1160 1100
f 1159 1160 1099
f 1104 1159 1099
f 1158 1159 1104
f 1105 1158 1104
f 1157 1158 1105
f 1108 1157 1105
f 1156 1157 1108
f 1106 1156 1108
f 1109 1156 1106
f 1107 1109 1106
f 990 1109 1107
f 979 990 1107
f 1161 1162 1163
f 1164 1165 1166
f 1167 1165 1164
f 1168 1167 1164
f 1169 1170 1171
f 1172 1170 1169
f 1167 1172 1169
f 1173 1172 1167
f 1168 1173 1167
f 1171 1163 1169
f 1161 1163 1171
f 1174 1161 1171
f 1175 1161 1174
f 1176 1175 1174
f 1177 1175 1176
f 1178 1175 1177
f 1179 1178 1177
f 1180 1181 1182
f 1183 1181 1180
f 1178 1183 1180
f 1184 1183 1178
f 1179 1184 1178
f 1182 1185 1186
f 1187 1185 1182
f 1181 1187 1182
f 1188 1189 1190
f 1191 1189 1188
f 1192 1191 1188
f 1193 1191 1192
f 1194 1195 1196
f 1197 1198 1199
f 1200 1201 1202
f 1203 1196 1195
f 1204 1196 1203
f 1205 1204 1203
f 1206 1204 1205
f 1207 1206 1205
f 1208 1209 1166
f 1191 1182 1186
f 1210 1182 1191
f 1193 1210 1191
f 1211 1210 1193
f 1212 1211 1193
f 1213 1211 1212
f 1214 1213 1212
f 1215 1213 1214
f 1216 1215 1214
f 1202 1215 1216
f 1206 1202 1216
f 1200 1202 1206
f 1207 1200 1206
f 1217 1198 1197
f 1196 1198 1217
f 1218 1196 1217
f 1194 1196 1218
f 1219 1194 1218
f 1220 1221 1222
f 1223 1221 1220
f 1224 1223 1220
f 1225 1223 1224
f 1166 1226 1208
f 1227 1226 1166
f 1165 1227 1166
f 1221 1227 1165
f 1228 1221 1165
f 1222 1221 1228
f 1199 1229 1197
f 1230 1229 1199
f 1231 1230 1199
f 1232 1230 1231
f 1233 1232 1231
f 1223 1232 1233
f 1234 1223 1233
f 1221 1223 1234
f 1162 1235 1163
f 1236 1235 1162
f 1237 1236 1162
f 1238 1236 1237
f 1162 1239 1237
f 1240 1239 1162
f 1201 1240 1162
f 1241 1240 1201
f 1200 1241 1201
f 1242 1223 1225
f 1243 1223 1242
f 1236 1243 1242
f 1244 1243 1236
f 1245 1244 1236
f 1246 1236 1238
f 1245 1236 1246
f 1194 1245 1246
f 1247 1245 1194
f 1219 1247 1194
f 1248 1198 1196
f 1196 1204 1249
f 1250 1204 1206
f 1249 1204 1250
f 1251 1198 1248
f 1199 1198 1251
f 1252 1253 1186
f 1185 1252 1186
f 1254 1252 1185
f 1187 1254 1185
f 1255 1254 1187
f 1181 1255 1187
f 1186 1256 1191
f 1253 1256 1186
f 1257 1258 1188
f 1190 1257 1188
f 1259 1257 1190
f 1189 1259 1190
f 1256 1259 1189
f 1191 1256 1189
f 1260 1261 1172
f 1173 1260 1172
f 1262 1260 1173
f 1168 1262 1173
f 1263 1262 1168
f 1164 1263 1168
f 1166 1263 1164
f 1264 1263 1166
f 1265 1264 1166
f 1209 1265 1166
f 1266 1265 1209
f 1208 1266 1209
f 1267 1266 1208
f 1226 1267 1208
f 1227 1267 1226
f 1268 1267 1227
f 1268 1221 1269
f 1227 1221 1268
f 1270 1199 1251
f 1231 1199 1270
f 1271 1231 1270
f 1233 1231 1271
f 1272 1233 1271
f 1234 1269 1221
f 1273 1269 1234
f 1233 1273 1234
f 1274 1273 1233
f 1272 1274 1233
f 1275 1276 1272
f 1271 1275 1272
f 1277 1275 1271
f 1270 1277 1271
f 1270 1251 1248
f 1249 1248 1196
f 1270 1248 1249
f 1250 1270 1249
f 1277 1270 1250
f 1278 1276 1275
f 1250 1206 1216
f 1216 1277 1250
f 1275 1277 1216
f 1214 1275 1216
f 1278 1275 1214
f 1212 1278 1214
f 1279 1278 1212
f 1193 1279 1212
f 1280 1279 1193
f 1193 1281 1280
f 1192 1281 1193
f 1282 1273 1274
f 1269 1273 1282
f 1279 1282 1278
f 1283 1282 1279
f 1280 1283 1279
f 1269 1284 1261
f 1285 1284 1269
f 1282 1285 1269
f 1282 1276 1278
f 1272 1276 1282
f 1274 1272 1282
f 1280 1286 1283
f 1287 1286 1280
f 1255 1287 1280
f 1269 1262 1263
f 1260 1262 1269
f 1261 1260 1269
f 1280 1254 1255
f 1252 1254 1280
f 1253 1252 1280
f 1265 1266 1267
f 1256 1257 1259
f 1258 1257 1256
f 1253 1258 1256
f 1281 1258 1253
f 1280 1281 1253
f 1263 1268 1269
f 1267 1268 1263
f 1264 1267 1263
f 1265 1267 1264
f 1288 1289 1290
f 1291 1292 1293
f 1294 1292 1291
f 1290 1295 1288
f 1296 1295 1290
f 1297 1296 1290
f 1290 1298 1297
f 1299 1298 1290
f 1300 1299 1290
f 1289 1301 1290
f 1291 1301 1289
f 1302 1291 1289
f 1303 1291 1302
f 1291 1304 1294
f 1305 1304 1291
f 1303 1305 1291
f 1306 1307 1308
f 1309 1310 1311
f 1312 1313 1307
f 1307 1314 1312
f 1315 1314 1307
f 1316 1315 1307
f 1317 1306 1318
f 1307 1306 1317
f 1319 1307 1317
f 1316 1307 1319
f 1309 1320 1321
f 1322 1320 1309
f 1311 1322 1309
f 1321 1323 1324
f 1325 1323 1321
f 1320 1325 1321
f 1326 1177 1327
f 1308 1327 1306
f 1326 1327 1308
f 1328 1326 1308
f 1329 1326 1328
f 1324 1329 1328
f 1330 1329 1324
f 1323 1330 1324
f 1313 1312 1331
f 1313 1332 1333
f 1334 1332 1313
f 1331 1334 1313
f 1335 1336 1337
f 1338 1335 1337
f 1339 1335 1338
f 1340 1339 1338
f 1341 1339 1340
f 1342 1341 1340
f 1343 1341 1342
f 1344 1343 1342
f 1332 1343 1344
f 1333 1332 1344
f 1336 1345 1337
f 1346 1345 1336
f 1312 1347 1331
f 1348 1347 1312
f 1314 1348 1312
f 1349 1348 1314
f 1315 1349 1314
f 1315 1350 1349
f 1351 1350 1315
f 1316 1351 1315
f 1352 1317 1353
f 1319 1317 1352
f 1354 1319 1352
f 1316 1319 1354
f 1355 1316 1354
f 1351 1316 1355
f 1334 1356 1357
f 1358 1356 1334
f 1331 1358 1334
f 1359 1358 1331
f 1347 1359 1331
f 1360 1345 1346
f 1361 1345 1360
f 1362 1361 1360
f 1363 1361 1362
f 1364 1363 1362
f 1365 1363 1364
f 1366 1365 1364
f 1367 1365 1366
f 1368 1367 1366
f 1369 1367 1368
f 1370 1369 1368
f 1371 1369 1370
f 1341 1343 1332
f 1372 1373 1374
f 1375 1376 1377
f 1378 1379 1380
f 1381 1382 1383
f 1384 1375 1377
f 1385 1375 1384
f 1386 1385 1384
f 1387 1385 1386
f 1388 1387 1386
f 1389 1387 1388
f 1390 1389 1388
f 1391 1389 1390
f 1392 1391 1390
f 1393 1391 1392
f 1394 1393 1392
f 1368 1393 1370
f 1395 1393 1368
f 1366 1395 1368
f 1372 1396 1397
f 1362 1372 1364
f 1398 1372 1362
f 1360 1398 1362
f 1399 1398 1360
f 1346 1399 1360
f 1400 1399 1346
f 1336 1400 1346
f 1335 1400 1336
f 1401 1400 1335
f 1402 1401 1335
f 1403 1393 1394
f 1370 1393 1403
f 1381 1370 1403
f 1404 1370 1381
f 1383 1404 1381
f 1357 1332 1334
f 1341 1332 1357
f 1402 1341 1357
f 1339 1341 1402
f 1335 1339 1402
f 1364 1395 1366
f 1380 1395 1364
f 1372 1380 1364
f 1378 1380 1372
f 1397 1378 1372
f 1372 1405 1396
f 1406 1405 1372
f 1374 1406 1372
f 1407 1408 1409
f 1410 1408 1411
f 1409 1408 1410
f 1412 1409 1410
f 1409 1413 1407
f 1414 1413 1409
f 1415 1414 1409
f 1416 1411 1408
f 1417 1418 1419
f 1419 1420 1417
f 1421 1420 1419
f 1422 1421 1419
f 1422 1415 1421
f 1414 1415 1422
f 1423 1414 1422
f 1413 1414 1423
f 1424 1413 1423
f 1407 1413 1424
f 1425 1407 1424
f 1426 1427 1428
f 1425 1427 1426
f 1416 1425 1426
f 1407 1425 1416
f 1408 1407 1416
f 1429 1430 1431
f 1432 1430 1429
f 1428 1432 1429
f 1433 1432 1428
f 1427 1433 1428
f 1419 1418 1434
f 1435 1436 1437
f 1438 1436 1435
f 1439 1438 1435
f 1440 1441 1442
f 1440 1443 1441
f 1444 1443 1440
f 1445 1444 1440
f 1446 1444 1445
f 1439 1446 1445
f 1427 1447 1433
f 1448 1447 1427
f 1425 1448 1427
f 1425 1449 1448
f 1450 1449 1425
f 1451 1450 1425
f 1452 1450 1451
f 1442 1452 1451
f 1433 1453 1432
f 1454 1453 1433
f 1447 1454 1433
f 1455 1456 1457
f 1451 1440 1442
f 1458 1440 1451
f 1459 1458 1451
f 1457 1458 1459
f 1460 1457 1459
f 1455 1457 1460
f 1434 1455 1460
f 1460 1419 1434
f 1422 1419 1460
f 1459 1422 1460
f 1423 1422 1459
f 1451 1423 1459
f 1424 1423 1451
f 1425 1424 1451
f 1445 1438 1439
f 1461 1438 1445
f 1440 1461 1445
f 1462 1461 1440
f 1458 1462 1440
f 1463 1462 1458
f 1457 1463 1458
f 1464 1463 1457
f 1456 1464 1457
f 1465 1466 1467
f 1468 1469 1470
f 1471 1472 1473
f 1474 1473 1475
f 1476 1475 1477
f 1478 1477 1436
f 1479 1480 1481
f 1482 1483 1484
f 1485 1486 1487
f 1484 1488 1489
f 1490 1488 1484
f 1483 1490 1484
f 1487 1490 1483
f 1491 1487 1483
f 1485 1487 1491
f 1485 1492 1486
f 1493 1492 1485
f 1494 1493 1485
f 1495 1484 1489
f 1496 1484 1495
f 1497 1496 1495
f 1498 1480 1479
f 1499 1480 1498
f 1500 1499 1498
f 1501 1499 1500
f 1502 1501 1500
f 1503 1504 1505
f 1506 1504 1503
f 1472 1506 1503
f 1506 1507 1504
f 1508 1507 1506
f 1479 1508 1506
f 1509 1508 1479
f 1481 1509 1479
f 1500 1497 1502
f 1496 1497 1500
f 1498 1496 1500
f 1465 1496 1498
f 1438 1478 1436
f 1510 1478 1438
f 1461 1510 1438
f 1511 1510 1461
f 1462 1511 1461
f 1468 1511 1462
f 1463 1468 1462
f 1469 1468 1463
f 1464 1469 1463
f 1478 1476 1477
f 1512 1476 1478
f 1510 1512 1478
f 1513 1512 1510
f 1511 1513 1510
f 1514 1513 1511
f 1468 1514 1511
f 1515 1514 1468
f 1470 1515 1468
f 1516 1517 1518
f 1476 1474 1475
f 1519 1474 1476
f 1512 1519 1476
f 1520 1519 1512
f 1513 1520 1512
f 1518 1520 1513
f 1514 1518 1513
f 1516 1518 1514
f 1515 1516 1514
f 1474 1471 1473
f 1521 1471 1474
f 1519 1521 1474
f 1522 1521 1519
f 1520 1522 1519
f 1523 1522 1520
f 1518 1523 1520
f 1524 1523 1518
f 1517 1524 1518
f 1471 1506 1472
f 1479 1506 1471
f 1521 1479 1471
f 1498 1479 1521
f 1522 1498 1521
f 1465 1498 1522
f 1523 1465 1522
f 1466 1465 1523
f 1524 1466 1523
f 1525 1465 1467
f 1496 1465 1525
f 1526 1496 1525
f 1484 1496 1526
f 1527 1484 1526
f 1482 1484 1527
f 1528 1482 1527
f 1527 1529 1528
f 1530 1529 1527
f 1526 1530 1527
f 1525 1530 1526
f 1531 1530 1525
f 1467 1531 1525
f 1466 1531 1467
f 1532 1531 1466
f 1524 1532 1466
f 1517 1532 1524
f 1533 1532 1517
f 1516 1533 1517
f 1515 1533 1516
f 1534 1533 1515
f 1470 1534 1515
f 1469 1534 1470
f 1535 1534 1469
f 1464 1535 1469
f 1456 1535 1464
f 1536 1535 1456
f 1455 1536 1456
f 1434 1536 1455
f 1537 1536 1434
f 1418 1537 1434
f 1417 1537 1418
f 1538 1537 1417
f 1539 1538 1417
f 1540 1541 1542
f 1543 1541 1540
f 1542 1544 1540
f 1545 1544 1542
f 1546 1545 1542
f 1547 1545 1546
f 1548 1545 1547
f 1549 1545 1548
f 1550 1549 1548
f 1550 1551 1552
f 1550 1553 1551
f 1554 1553 1550
f 1555 1554 1550
f 1550 1556 1549
f 1557 1556 1550
f 1552 1557 1550
f 1558 1376 1375
f 1559 1376 1558
f 1560 1559 1558
f 1561 1559 1560
f 1562 1561 1560
f 1563 1561 1562
f 1564 1563 1562
f 1549 1565 1545
f 1566 1565 1549
f 1556 1566 1549
f 1540 1567 1543
f 1565 1567 1540
f 1544 1565 1540
f 1545 1565 1544
f 1557 1566 1556
f 1568 1566 1557
f 1552 1568 1557
f 1569 1568 1552
f 1570 1569 1552
f 1571 1551 1553
f 1552 1551 1571
f 1564 1552 1571
f 1570 1552 1564
f 1562 1570 1564
f 1572 1573 1574
f 1575 1576 1577
f 1560 1578 1579
f 1580 1578 1560
f 1558 1580 1560
f 1570 1581 1582
f 1583 1581 1570
f 1583 1560 1579
f 1562 1560 1583
f 1570 1562 1583
f 1584 1575 1577
f 1585 1586 1587
f 1588 1586 1585
f 1589 1588 1585
f 1590 1588 1589
f 1584 1590 1589
f 1378 1587 1379
f 1591 1587 1378
f 1592 1565 1566
f 1567 1565 1592
f 1593 1567 1592
f 1568 1592 1566
f 1594 1592 1568
f 1569 1594 1568
f 1575 1594 1569
f 1570 1575 1569
f 1576 1575 1570
f 1582 1576 1570
f 1589 1575 1584
f 1594 1575 1589
f 1595 1594 1589
f 1592 1594 1595
f 1572 1592 1595
f 1593 1592 1572
f 1574 1593 1572
f 1591 1585 1587
f 1589 1585 1591
f 1596 1589 1591
f 1595 1589 1596
f 1597 1595 1596
f 1572 1595 1597
f 1598 1572 1597
f 1573 1572 1598
f 1599 1573 1598
f 1600 1601 1602
f 1591 1378 1397
f 1374 1373 1603
f 1604 1350 1351
f 1347 1605 1359
f 1402 1358 1359
f 1356 1358 1402
f 1357 1356 1402
f 1606 1350 1604
f 1349 1350 1606
f 1607 1349 1606
f 1348 1349 1607
f 1608 1348 1607
f 1353 1609 1610
f 1610 1352 1353
f 1354 1352 1610
f 1604 1354 1610
f 1355 1354 1604
f 1351 1355 1604
f 1611 1612 1613
f 1614 1612 1611
f 1615 1616 1617
f 1618 1616 1615
f 1619 1618 1615
f 1620 1621 1622
f 1623 1624 1625
f 1626 1624 1623
f 1627 1626 1623
f 1628 1610 1625
f 1604 1610 1628
f 1629 1604 1628
f 1606 1604 1629
f 1630 1401 1402
f 1605 1402 1359
f 1630 1402 1605
f 1631 1630 1605
f 1605 1632 1631
f 1633 1632 1605
f 1347 1633 1605
f 1634 1633 1347
f 1348 1634 1347
f 1635 1634 1348
f 1608 1635 1348
f 1406 1601 1405
f 1602 1601 1406
f 1374 1602 1406
f 1619 1613 1618
f 1611 1613 1619
f 1636 1611 1619
f 1637 1600 1638
f 1601 1600 1637
f 1639 1601 1637
f 1405 1601 1639
f 1396 1405 1639
f 1620 1617 1621
f 1615 1617 1620
f 1640 1615 1620
f 1619 1615 1640
f 1641 1619 1640
f 1636 1619 1641
f 1642 1636 1641
f 1643 1638 1644
f 1637 1638 1643
f 1645 1637 1643
f 1639 1637 1645
f 1646 1639 1645
f 1396 1639 1646
f 1397 1396 1646
f 1647 1620 1648
f 1640 1620 1647
f 1649 1640 1647
f 1641 1640 1649
f 1650 1641 1649
f 1642 1641 1650
f 1651 1642 1650
f 1610 1623 1625
f 1652 1623 1610
f 1609 1652 1610
f 1627 1620 1622
f 1648 1620 1627
f 1623 1648 1627
f 1653 1648 1623
f 1652 1653 1623
f 1651 1654 1655
f 1656 1654 1651
f 1650 1656 1651
f 1657 1656 1650
f 1649 1657 1650
f 1658 1657 1649
f 1647 1658 1649
f 1659 1658 1647
f 1648 1659 1647
f 1660 1659 1648
f 1653 1660 1648
f 1644 1655 1661
f 1651 1655 1644
f 1638 1651 1644
f 1642 1651 1638
f 1600 1642 1638
f 1636 1642 1600
f 1602 1636 1600
f 1611 1636 1602
f 1374 1611 1602
f 1614 1611 1374
f 1603 1614 1374
f 1646 1591 1397
f 1596 1591 1646
f 1645 1596 1646
f 1597 1596 1645
f 1643 1597 1645
f 1598 1597 1643
f 1644 1598 1643
f 1599 1598 1644
f 1661 1599 1644
f 1661 1662 1599
f 1663 1662 1661
f 1655 1663 1661
f 1654 1663 1655
f 1664 1663 1654
f 1656 1664 1654
f 1657 1664 1656
f 1665 1664 1657
f 1658 1665 1657
f 1659 1665 1658
f 1666 1665 1659
f 1660 1666 1659
f 1653 1666 1660
f 1667 1666 1653
f 1652 1667 1653
f 1609 1667 1652
f 1668 1667 1609
f 1353 1668 1609
f 1593 1669 1567
f 1670 1669 1593
f 1574 1670 1593
f 1573 1670 1574
f 1662 1670 1573
f 1599 1662 1573
f 1671 1567 1669
f 1543 1567 1671
f 1541 1543 1671
f 1290 1412 1300
f 1409 1412 1290
f 1672 1409 1290
f 1539 1198 1538
f 1290 1198 1539
f 1673 1290 1539
f 1672 1290 1673
f 1196 1198 1290
f 1301 1196 1290
f 1204 1196 1301
f 1291 1204 1301
f 1671 1204 1291
f 1291 1541 1671
f 1542 1541 1291
f 1546 1542 1291
f 1291 1547 1546
f 1548 1547 1291
f 1293 1548 1291
f 1550 1548 1293
f 1555 1550 1293
f 1674 1675 1676
f 1677 1678 1679
f 1680 1677 1679
f 1681 1682 1683
f 1684 1682 1681
f 1677 1684 1681
f 1685 1684 1677
f 1680 1685 1677
f 1686 1674 1676
f 1683 1674 1686
f 1687 1683 1686
f 1681 1683 1687
f 1688 1681 1687
f 1689 1690 1691
f 1689 1692 1693
f 1694 1689 1693
f 1690 1689 1694
f 1695 1690 1694
f 1696 1690 1695
f 1697 1696 1695
f 1698 1699 1700
f 1701 1699 1698
f 1689 1701 1698
f 1702 1701 1689
f 1691 1702 1689
f 1703 1704 1705
f 1706 1707 1708
f 1709 1705 1704
f 1710 1705 1709
f 1711 1710 1709
f 1712 1706 1708
f 1713 1714 1715
f 1714 1716 1715
f 1717 1716 1714
f 1718 1717 1714
f 1719 1717 1718
f 1703 1720 1721
f 1722 1720 1703
f 1705 1722 1703
f 1704 1723 1709
f 1719 1723 1704
f 1703 1719 1704
f 1717 1719 1703
f 1721 1717 1703
f 1716 1717 1721
f 1724 1716 1721
f 1715 1712 1713
f 1706 1712 1715
f 1716 1706 1715
f 1725 1706 1716
f 1724 1725 1716
f 1726 1725 1724
f 1699 1710 1700
f 1705 1710 1699
f 1701 1705 1699
f 1702 1691 1720
f 1702 1705 1701
f 1722 1705 1702
f 1720 1722 1702
f 1690 1696 1724
f 1690 1720 1691
f 1721 1720 1690
f 1724 1721 1690
f 1727 1728 1729
f 1726 1728 1727
f 1730 1726 1727
f 1726 1731 1728
f 1732 1731 1726
f 1724 1732 1726
f 1697 1732 1724
f 1696 1697 1724
f 1733 1692 1689
f 1734 1688 1735
f 1681 1688 1734
f 1736 1737 1678
f 1738 1739 1740
f 1677 1736 1678
f 1740 1736 1677
f 1681 1740 1677
f 1738 1740 1681
f 1734 1738 1681
f 1689 1741 1733
f 1742 1741 1689
f 1698 1742 1689
f 1743 1742 1698
f 1700 1743 1698
f 1744 1743 1700
f 1710 1744 1700
f 1745 1744 1710
f 1711 1745 1710
f 1746 1745 1711
f 1747 1746 1711
f 1748 1746 1747
f 1737 1749 1678
f 1750 1749 1737
f 1751 1750 1737
f 1752 1750 1751
f 1753 1752 1751
f 1754 1752 1753
f 1755 1754 1753
f 1756 1754 1755
f 1757 1756 1755
f 1758 1756 1757
f 1759 1758 1757
f 1760 1758 1759
f 1761 1760 1759
f 1762 1760 1761
f 1748 1762 1761
f 1763 1762 1748
f 1747 1763 1748
f 1764 1765 1766
f 1767 1768 1769
f 1770 1767 1769
f 1770 1771 1767
f 1772 1771 1770
f 1765 1772 1770
f 1773 1772 1765
f 1764 1773 1765
f 1774 1775 1776
f 1777 1775 1774
f 1778 1777 1774
f 1779 1777 1778
f 1780 1779 1778
f 1766 1779 1780
f 1781 1766 1780
f 1764 1766 1781
f 1782 1783 1784
f 1785 1786 1768
f 1787 1786 1785
f 1787 1788 1786
f 1789 1788 1787
f 1790 1789 1787
f 1791 1789 1790
f 1791 1792 1793
f 1794 1792 1791
f 1790 1794 1791
f 1771 1795 1767
f 1796 1795 1771
f 1772 1796 1771
f 1797 1796 1772
f 1773 1797 1772
f 1798 1797 1773
f 1764 1798 1773
f 1792 1799 1793
f 1800 1799 1792
f 1801 1800 1792
f 1802 1800 1801
f 1803 1802 1801
f 1804 1802 1803
f 1805 1804 1803
f 1806 1804 1805
f 1805 1784 1806
f 1782 1784 1805
f 1803 1782 1805
f 1807 1782 1803
f 1801 1807 1803
f 1808 1807 1801
f 1792 1808 1801
f 1798 1808 1792
f 1794 1798 1792
f 1797 1798 1794
f 1790 1797 1794
f 1796 1797 1790
f 1787 1796 1790
f 1795 1796 1787
f 1785 1795 1787
f 1767 1795 1785
f 1768 1767 1785
f 1781 1798 1764
f 1808 1798 1781
f 1780 1808 1781
f 1807 1808 1780
f 1778 1807 1780
f 1782 1807 1778
f 1774 1782 1778
f 1783 1782 1774
f 1776 1783 1774
f 1809 1810 1811
f 1812 1810 1809
f 1813 1812 1809
f 1814 1812 1813
f 1815 1814 1813
f 1816 1814 1815
f 1784 1811 1806
f 1809 1811 1784
f 1783 1809 1784
f 1813 1809 1783
f 1776 1813 1783
f 1815 1813 1776
f 1817 1816 1818
f 1814 1816 1817
f 1819 1814 1817
f 1812 1814 1819
f 1820 1812 1819
f 1810 1812 1820
f 1821 1818 1822
f 1817 1818 1821
f 1823 1817 1821
f 1819 1817 1823
f 1824 1819 1823
f 1820 1819 1824
f 1820 1825 1810
f 1826 1825 1820
f 1824 1826 1820
f 1827 1826 1824
f 1310 1826 1827
f 1823 1827 1824
f 1828 1827 1823
f 1829 1822 1830
f 1831 1822 1829
f 1823 1832 1828
f 1833 1832 1823
f 1821 1833 1823
f 1834 1833 1821
f 1835 1834 1821
f 1821 1836 1835
f 1837 1836 1821
f 1822 1837 1821
f 1838 1837 1822
f 1831 1838 1822
f 1839 1840 1841
f 1842 1840 1839
f 1843 1842 1839
f 1844 1845 1846
f 1847 1845 1844
f 1848 1847 1844
f 1849 1850 1851
f 1839 1850 1849
f 1852 1839 1849
f 1843 1839 1852
f 1851 1853 1854
f 1855 1853 1851
f 1850 1855 1851
f 1856 1844 1846
f 1857 1844 1856
f 1858 1857 1856
f 1859 1857 1858
f 1854 1859 1858
f 1860 1859 1854
f 1861 1860 1854
f 1854 1862 1861
f 1863 1862 1854
f 1853 1863 1854
f 1678 1749 1864
f 1864 1679 1678
f 1680 1679 1864
f 1865 1680 1864
f 1685 1680 1865
f 1865 1684 1685
f 1682 1684 1865
f 1866 1682 1865
f 1866 1683 1682
f 1674 1683 1866
f 1867 1674 1866
f 1867 1675 1674
f 1868 1675 1867
f 1869 1868 1867
f 1867 1870 1869
f 1871 1870 1867
f 1872 1871 1867
f 1873 1726 1730
f 1874 1875 1872
f 1873 1867 1876
f 1872 1867 1873
f 1730 1872 1873
f 1874 1872 1730
f 1877 1874 1730
f 1707 1828 1832
f 1878 1828 1707
f 1706 1878 1707
f 1706 1879 1878
f 1880 1879 1706
f 1725 1880 1706
f 1873 1880 1725
f 1726 1873 1725
f 1827 1881 1310
f 1878 1881 1827
f 1828 1878 1827
f 1835 1836 1713
f 1713 1834 1835
f 1833 1834 1713
f 1712 1833 1713
f 1832 1833 1712
f 1708 1832 1712
f 1707 1832 1708
f 1829 1719 1831
f 1830 1719 1829
f 1836 1714 1713
f 1718 1714 1836
f 1837 1718 1836
f 1719 1718 1837
f 1838 1719 1837
f 1831 1719 1838
f 1818 1882 1839
f 1815 1776 1775
f 1882 1815 1775
f 1816 1815 1882
f 1818 1816 1882
f 1830 1723 1719
f 1709 1723 1830
f 1711 1709 1830
f 1839 1822 1818
f 1830 1822 1839
f 1841 1830 1839
f 1711 1830 1841
f 1747 1711 1841
f 1883 1876 1867
f 1884 1885 1886
f 1887 1888 1884
f 1889 1890 1891
f 1876 1884 1888
f 1892 1884 1876
f 1883 1892 1876
f 1884 1893 1887
f 1894 1893 1884
f 1895 1894 1884
f 1896 1894 1895
f 1897 1896 1895
f 1898 1896 1897
f 1895 1890 1889
f 1895 1899 1890
f 1900 1899 1895
f 1884 1900 1895
f 1901 1900 1884
f 1886 1901 1884
f 1902 1903 1904
f 1905 1903 1902
f 1906 1905 1902
f 1883 1907 1908
f 1909 1907 1883
f 1910 1909 1883
f 1911 1749 1912
f 1864 1749 1911
f 1913 1864 1911
f 1866 1883 1867
f 1910 1883 1866
f 1865 1910 1866
f 1914 1910 1865
f 1915 1914 1865
f 1891 1916 1889
f 1917 1916 1891
f 1905 1917 1891
f 1918 1917 1905
f 1906 1918 1905
f 1844 1750 1848
f 1749 1750 1844
f 1919 1749 1844
f 1912 1749 1919
f 1865 1920 1915
f 1921 1920 1865
f 1864 1921 1865
f 1922 1921 1864
f 1913 1922 1864
f 1923 1841 1840
f 1840 1924 1923
f 1925 1924 1840
f 1842 1925 1840
f 1926 1925 1842
f 1843 1926 1842
f 1927 1926 1843
f 1852 1927 1843
f 1928 1927 1852
f 1849 1928 1852
f 1929 1928 1849
f 1851 1929 1849
f 1930 1929 1851
f 1854 1930 1851
f 1931 1930 1854
f 1858 1931 1854
f 1932 1931 1858
f 1856 1932 1858
f 1933 1932 1856
f 1846 1933 1856
f 1934 1933 1846
f 1845 1934 1846
f 1935 1934 1845
f 1847 1935 1845
f 1848 1935 1847
f 1936 1935 1848
f 1750 1936 1848
f 1752 1936 1750
f 1937 1936 1752
f 1754 1937 1752
f 1938 1937 1754
f 1756 1938 1754
f 1939 1938 1756
f 1758 1939 1756
f 1940 1939 1758
f 1760 1940 1758
f 1941 1940 1760
f 1762 1941 1760
f 1923 1941 1762
f 1763 1923 1762
f 1841 1923 1763
f 1747 1841 1763
f 1942 1943 1944
f 1945 1943 1942
f 1946 1945 1942
f 1947 1945 1946
f 1948 1949 1950
f 1951 1952 1949
f 1949 1953 1950
f 1954 1953 1949
f 1952 1954 1949
f 1908 1955 1956
f 1957 1955 1908
f 1908 1958 1957
f 1959 1958 1908
f 1960 1959 1908
f 1950 1959 1960
f 1961 1950 1960
f 1948 1950 1961
f 1962 1947 1946
f 1949 1947 1962
f 1963 1949 1962
f 1951 1949 1963
f 1908 1964 1883
f 1965 1964 1908
f 1956 1965 1908
f 1921 1922 1966
f 1967 1859 1860
f 1968 1969 1970
f 1853 1855 1971
f 1972 1973 1974
f 1975 1976 1977
f 1978 1979 1980
f 1981 1982 1983
f 1984 1985 1986
f 1986 1987 1984
f 1988 1987 1986
f 1857 1988 1986
f 1989 1990 1991
f 1985 1992 1966
f 1993 1992 1985
f 1984 1993 1985
f 1913 1966 1922
f 1985 1966 1913
f 1911 1985 1913
f 1994 1995 1996
f 1991 1995 1994
f 1997 1991 1994
f 1989 1991 1997
f 1998 1989 1997
f 1912 1985 1911
f 1986 1985 1912
f 1919 1986 1912
f 1857 1986 1919
f 1844 1857 1919
f 1997 1999 1998
f 2000 1999 1997
f 1994 2000 1997
f 2001 2000 1994
f 1996 2001 1994
f 1920 2001 1996
f 1915 1920 1996
f 2002 2003 2004
f 2005 2003 2002
f 2006 2005 2002
f 2007 2005 2006
f 2008 2007 2009
f 2005 2007 2008
f 2010 2005 2008
f 2003 2005 2010
f 2011 2012 2013
f 1976 1980 1979
f 2014 1980 1976
f 1975 2014 1976
f 2015 1975 2016
f 2014 1975 2015
f 2009 2014 2015
f 1980 2014 2009
f 2007 1980 2009
f 1978 1980 2007
f 2006 1978 2007
f 2017 2018 1973
f 2019 2012 1974
f 2013 2012 2019
f 2020 2013 2019
f 2021 1969 2022
f 1970 1969 2021
f 2023 1970 2021
f 2024 1853 1971
f 1863 1853 2024
f 2025 1863 2024
f 2022 1855 1850
f 1971 1855 2022
f 1969 1971 2022
f 2024 1971 1969
f 1968 2024 1969
f 2025 2024 1968
f 2026 2023 2027
f 1970 2023 2026
f 2028 1970 2026
f 1968 1970 2028
f 2029 1968 2028
f 2025 1968 2029
f 2030 2025 2029
f 1863 2025 2030
f 1862 1863 2030
f 2017 2016 2018
f 2015 2016 2017
f 2031 2015 2017
f 2009 2015 2031
f 2032 2009 2031
f 2008 2009 2032
f 2033 2008 2032
f 2010 2008 2033
f 2034 2010 2033
f 2003 2010 2034
f 2035 2003 2034
f 2004 2003 2035
f 2036 2004 2035
f 2037 2004 2036
f 2038 2037 2036
f 2039 2037 2038
f 2040 2039 2038
f 2012 1972 1974
f 2041 1972 2012
f 2011 2041 2012
f 2042 2041 2011
f 2043 2042 2011
f 2044 2042 2043
f 2045 2044 2043
f 2046 2044 2045
f 2047 2046 2045
f 2048 2046 2047
f 2049 2048 2047
f 2050 2048 2049
f 2051 2050 2049
f 2052 2050 2051
f 2053 2052 2051
f 2054 2052 2053
f 2055 2054 2053
f 1972 2017 1973
f 2031 2017 1972
f 2041 2031 1972
f 2032 2031 2041
f 2042 2032 2041
f 2033 2032 2042
f 2044 2033 2042
f 2034 2033 2044
f 2046 2034 2044
f 2035 2034 2046
f 2048 2035 2046
f 2036 2035 2048
f 2050 2036 2048
f 2038 2036 2050
f 2052 2038 2050
f 2040 2038 2052
f 2054 2040 2052
f 1861 1967 1860
f 2056 2057 2058
f 2059 2057 2056
f 2060 2059 2056
f 2061 2059 2060
f 2062 2061 2060
f 2063 2061 2062
f 2064 2063 2062
f 2065 2063 2064
f 2066 2065 2064
f 2067 2065 2066
f 2068 2067 2066
f 2069 2067 2068
f 2070 2069 2068
f 2071 2069 2070
f 2072 2071 2070
f 2073 2071 2072
f 2074 2073 2072
f 2075 2073 2074
f 2076 2075 2074
f 2077 2075 2076
f 2078 2077 2076
f 2079 2080 2081
f 2082 2080 2079
f 2083 2082 2079
f 2084 2082 2083
f 2085 2084 2083
f 2086 2084 2085
f 2087 2086 2085
f 2088 2086 2087
f 2089 2088 2087
f 2090 2088 2089
f 2091 2090 2089
f 2092 2090 2091
f 2093 2092 2091
f 2094 2092 2093
f 2095 2094 2093
f 2096 2094 2095
f 2097 2096 2095
f 2098 2096 2097
f 2076 2098 2078
f 2096 2098 2076
f 2074 2096 2076
f 2094 2096 2074
f 2072 2094 2074
f 2092 2094 2072
f 2070 2092 2072
f 2090 2092 2070
f 2068 2090 2070
f 2088 2090 2068
f 2066 2088 2068
f 2086 2088 2066
f 2064 2086 2066
f 2084 2086 2064
f 2062 2084 2064
f 2082 2084 2062
f 2060 2082 2062
f 2080 2082 2060
f 2056 2080 2060
f 2081 2080 2056
f 2058 2081 2056
f 2099 2081 2058
f 1914 2099 2058
f 2059 2020 2057
f 2013 2020 2059
f 2061 2013 2059
f 2011 2013 2061
f 2063 2011 2061
f 2043 2011 2063
f 2065 2043 2063
f 2045 2043 2065
f 2067 2045 2065
f 2047 2045 2067
f 2069 2047 2067
f 2049 2047 2069
f 2071 2049 2069
f 2051 2049 2071
f 2073 2051 2071
f 2053 2051 2073
f 2075 2053 2073
f 2055 2053 2075
f 2077 2055 2075
f 1907 1982 1908
f 1983 1982 1907
f 1909 1983 1907
f 1910 1983 1909
f 1967 1857 1859
f 1988 1857 1967
f 2100 1988 1967
f 1987 1988 2100
f 2101 1987 2100
f 1984 1987 2101
f 2102 1984 2101
f 1993 1984 2102
f 1999 1993 2102
f 1992 1993 1999
f 2000 1992 1999
f 1966 1992 2000
f 2001 1966 2000
f 1921 1966 2001
f 1920 1921 2001
f 2058 1910 1914
f 1983 1910 2058
f 2057 1983 2058
f 1981 1983 2057
f 2020 1981 2057
f 2103 1981 2020
f 2019 2103 2020
f 2104 2103 2019
f 1974 2104 2019
f 2105 2104 1974
f 1973 2105 1974
f 2106 2105 1973
f 2018 2106 1973
f 2107 2106 2018
f 2016 2107 2018
f 2108 2107 2016
f 1975 2108 2016
f 2109 2108 1975
f 1977 2109 1975
f 2110 2109 1977
f 1996 1914 1915
f 2099 1914 1996
f 1995 2099 1996
f 2081 2099 1995
f 1991 2081 1995
f 2079 2081 1991
f 1990 2079 1991
f 2083 2079 1990
f 1989 2083 1990
f 2085 2083 1989
f 1998 2085 1989
f 2087 2085 1998
f 1999 2087 1998
f 2089 2087 1999
f 2102 2089 1999
f 2091 2089 2102
f 2101 2091 2102
f 2093 2091 2101
f 2100 2093 2101
f 2095 2093 2100
f 1967 2095 2100
f 2097 2095 1967
f 1861 2097 1967
f 2098 2097 1861
f 1862 2098 1861
f 2078 2098 1862
f 2030 2078 1862
f 2077 2078 2030
f 2029 2077 2030
f 2055 2077 2029
f 2028 2055 2029
f 2054 2055 2028
f 2026 2054 2028
f 2040 2054 2026
f 2027 2040 2026
f 2039 2040 2027
f 2109 2110 2111
f 2112 1961 1960
f 2113 2111 2114
f 2109 2111 2113
f 2115 2109 2113
f 2108 2109 2115
f 2116 2108 2115
f 2107 2108 2116
f 2117 2107 2116
f 2106 2107 2117
f 2118 2106 2117
f 2105 2106 2118
f 2119 2105 2118
f 2104 2105 2119
f 2120 2104 2119
f 2103 2104 2120
f 2121 2103 2120
f 1981 2103 2121
f 2112 1981 2121
f 1982 1981 2112
f 1960 1982 2112
f 1908 1982 1960
f 2111 2122 2114
f 2123 2122 2111
f 2110 2123 2111
f 1839 2022 1850
f 1882 2022 1839
f 1775 2022 1882
f 2021 2022 1775
f 1777 2021 1775
f 2023 2021 1777
f 1779 2023 1777
f 2027 2023 1779
f 1766 2027 1779
f 2039 2027 1766
f 1765 2039 1766
f 2037 2039 1765
f 1770 2037 1765
f 2004 2037 1770
f 1769 2004 1770
f 2002 2004 1769
f 2124 2002 1769
f 2124 2006 2002
f 1978 2006 2124
f 2125 1978 2124
f 1977 2123 2110
f 2126 2123 1977
f 1976 2126 1977
f 2125 2126 1976
f 1979 2125 1976
f 1978 2125 1979
f 2127 2128 2129
f 2130 1310 1881
f 1826 1310 2130
f 2131 2124 2132
f 2125 2124 2131
f 2133 2125 2131
f 2126 2125 2133
f 2134 2126 2133
f 2123 2126 2134
f 2122 2123 2134
f 2135 2129 2136
f 2127 2129 2135
f 2137 2127 2135
f 2138 2127 2137
f 2132 1768 2139
f 1769 1768 2132
f 2124 1769 2132
f 1768 2140 2139
f 2141 2140 1768
f 2142 2141 1768
f 2130 1800 1802
f 1799 1800 2130
f 2130 1825 1826
f 1810 1825 2130
f 1811 1810 2130
f 1788 1789 2130
f 2130 2143 2144
f 2145 2143 2130
f 2146 2145 2130
f 2147 2145 2146
f 2148 2147 2146
f 2149 2147 2148
f 2150 2127 2151
f 2128 2127 2150
f 2149 2128 2150
f 2152 2128 2149
f 2148 2152 2149
f 2130 1806 1811
f 1804 1806 2130
f 1802 1804 2130
f 2130 1793 1799
f 1791 1793 2130
f 1789 1791 2130
f 1768 2144 2142
f 2130 2144 1768
f 1786 2130 1768
f 1788 2130 1786
f 2153 2154 2155
f 2156 2154 2153
f 2157 2156 2153
f 2153 2158 2159
f 2153 2160 2161
f 2162 2160 2153
f 2155 2162 2153
f 2163 2164 2165
f 2166 2164 2163
f 1887 2166 2163
f 2163 2153 2167
f 2168 2153 2163
f 2165 2168 2163
f 1887 2169 1888
f 2170 2169 1887
f 2171 2172 2173
f 2153 2174 2175
f 2176 2174 2153
f 2177 2178 2153
f 1887 2179 2170
f 2180 2179 1887
f 2181 2180 1887
f 2182 2163 2183
f 2184 2163 2182
f 2185 2184 2182
f 2173 2184 2185
f 2186 2173 2185
f 2171 2173 2186
f 2153 2187 2158
f 2188 2187 2153
f 2175 2188 2153
f 2153 2189 2176
f 2190 2189 2153
f 2178 2190 2153
f 2153 2191 2177
f 2192 2191 2153
f 2161 2192 2153
f 1887 2193 2181
f 2194 2193 1887
f 2163 2194 1887
f 2195 2194 2163
f 2184 2195 2163
f 2196 2159 2197
f 2153 2159 2196
f 2198 2153 2196
f 2167 2153 2198
f 2199 2200 2201
f 2202 2203 2204
f 2205 2206 2207
f 2204 2208 2202
f 2209 2208 2204
f 2210 2209 2204
f 2211 2209 2210
f 2212 2211 2210
f 2199 2205 2207
f 2213 2205 2199
f 2214 2213 2199
f 2199 2215 2214
f 2216 2215 2199
f 2217 2216 2199
f 2218 2204 2203
f 2199 2204 2218
f 2219 2199 2218
f 2205 2220 2206
f 2221 2220 2205
f 2222 2221 2205
f 2199 2223 2217
f 2224 2223 2199
f 2201 2224 2199
f 2199 2225 2200
f 2226 2225 2199
f 2219 2226 2199
f 2205 2227 2222
f 2228 2227 2205
f 2229 2228 2205
f 2205 2230 2229
f 2231 2230 2205
f 2232 2231 2205
f 2185 2203 2186
f 2218 2203 2185
f 2208 2209 2233
f 2234 2208 2233
f 2234 2173 2172
f 2172 2208 2234
f 2202 2208 2172
f 2171 2202 2172
f 2203 2202 2171
f 2186 2203 2171
f 2235 2184 2236
f 2195 2184 2235
f 2237 2173 2234
f 2184 2173 2237
f 2236 2184 2237
f 2238 2233 2209
f 2211 2238 2209
f 2239 2238 2211
f 2212 2239 2211
f 2237 2239 2236
f 2238 2239 2237
f 2234 2238 2237
f 2233 2238 2234
f 2200 2198 2201
f 2167 2198 2200
f 2197 2159 2217
f 2223 2197 2217
f 2196 2197 2223
f 2224 2196 2223
f 2198 2196 2224
f 2201 2198 2224
f 2158 2217 2159
f 2216 2217 2158
f 2240 2241 2213
f 2242 2188 2175
f 2243 2188 2242
f 2213 2243 2240
f 2188 2243 2213
f 2214 2188 2213
f 2187 2188 2214
f 2215 2187 2214
f 2158 2187 2215
f 2216 2158 2215
f 2244 2245 2246
f 2247 2248 2249
f 2250 2247 2249
f 2247 2251 2248
f 2252 2251 2247
f 2253 2252 2247
f 2254 2252 2253
f 2255 2254 2253
f 2256 2250 2257
f 2247 2250 2256
f 2258 2247 2256
f 2259 2247 2258
f 2260 2259 2258
f 2261 2259 2260
f 2262 2259 2261
f 2263 2262 2261
f 2253 2246 2255
f 2244 2246 2253
f 2264 2244 2253
f 2265 2244 2264
f 2264 2266 2265
f 2267 2266 2264
f 2268 2267 2264
f 2269 2270 2271
f 2268 2272 2267
f 2271 2272 2268
f 2273 2271 2268
f 2269 2271 2273
f 2274 2262 2263
f 2275 2262 2274
f 2276 2275 2274
f 2277 2275 2276
f 2278 2275 2277
f 2279 2275 2278
f 2280 2279 2278
f 2281 2279 2280
f 2279 2282 2283
f 2284 2282 2279
f 2281 2284 2279
f 2285 2286 2287
f 2283 2288 2287
f 2289 2288 2283
f 2282 2289 2283
f 2288 2285 2287
f 2290 2285 2288
f 2291 2290 2288
f 2292 2290 2291
f 2293 2292 2291
f 2294 2157 2295
f 2292 2294 2295
f 2296 2294 2292
f 2293 2296 2292
f 2297 2298 2299
f 2300 2155 2154
f 2242 2301 2243
f 2174 2301 2242
f 2175 2174 2242
f 2301 2189 2190
f 2176 2189 2301
f 2174 2176 2301
f 2178 2301 2190
f 2302 2301 2178
f 2177 2302 2178
f 2191 2302 2177
f 2303 2302 2191
f 2192 2303 2191
f 2300 2162 2155
f 2160 2162 2300
f 2303 2160 2300
f 2161 2160 2303
f 2192 2161 2303
f 2156 2157 2294
f 2291 2304 2298
f 2305 2304 2291
f 2288 2305 2291
f 2306 2307 2308
f 2308 2309 2306
f 2310 2309 2308
f 2297 2310 2308
f 2311 2310 2297
f 2299 2311 2297
f 2312 2313 2314
f 2315 2313 2312
f 2307 2315 2312
f 2316 2315 2307
f 2306 2316 2307
f 2240 2314 2241
f 2312 2314 2240
f 2317 2312 2240
f 2307 2312 2317
f 2318 2307 2317
f 2308 2307 2318
f 2319 2308 2318
f 2297 2308 2319
f 2320 2297 2319
f 2297 2291 2298
f 2293 2291 2297
f 2320 2293 2297
f 2296 2293 2320
f 2294 2296 2320
f 2294 2154 2156
f 2300 2154 2294
f 2320 2300 2294
f 2303 2300 2320
f 2319 2303 2320
f 2302 2303 2319
f 2318 2302 2319
f 2301 2302 2318
f 2317 2301 2318
f 2243 2301 2317
f 2240 2243 2317
f 2163 2167 2200
f 2225 2163 2200
f 2183 2163 2225
f 2226 2183 2225
f 2182 2183 2226
f 2219 2182 2226
f 2185 2182 2219
f 2218 2185 2219
f 2321 2322 2323
f 2324 2325 2326
f 2325 2323 2322
f 2327 2210 2328
f 2212 2210 2327
f 2329 2330 2331
f 2332 2330 2329
f 2333 2332 2329
f 2331 2334 2335
f 2336 2334 2331
f 2330 2336 2331
f 2337 2338 2339
f 2340 2338 2337
f 2335 2340 2337
f 2341 2340 2335
f 2334 2341 2335
f 2342 2343 2321
f 2344 2345 2346
f 2347 2345 2344
f 2324 2347 2344
f 2348 2347 2324
f 2326 2348 2324
f 2170 2346 2169
f 2344 2346 2170
f 2179 2344 2170
f 2349 2344 2179
f 2180 2349 2179
f 2181 2349 2180
f 2350 2349 2181
f 2193 2350 2181
f 2194 2350 2193
f 2235 2350 2194
f 2195 2235 2194
f 2212 2329 2239
f 2333 2329 2212
f 2327 2333 2212
f 2321 2339 2342
f 2337 2339 2321
f 2323 2337 2321
f 2335 2337 2323
f 2351 2335 2323
f 2331 2335 2351
f 2352 2331 2351
f 2329 2331 2352
f 2353 2329 2352
f 2239 2329 2353
f 2236 2239 2353
f 2324 2323 2325
f 2351 2323 2324
f 2344 2351 2324
f 2352 2351 2344
f 2349 2352 2344
f 2353 2352 2349
f 2350 2353 2349
f 2236 2353 2350
f 2235 2236 2350
f 2354 2325 2322
f 2355 2356 2357
f 2358 2356 2355
f 2359 2358 2355
f 2360 2358 2359
f 2361 2360 2359
f 2362 2363 2364
f 2365 2363 2362
f 2365 2360 2361
f 2366 2360 2365
f 2362 2366 2365
f 2321 2354 2322
f 2357 2367 2355
f 2343 2367 2357
f 2368 2343 2357
f 2321 2343 2368
f 2369 2321 2368
f 2354 2321 2369
f 2370 2339 2371
f 2342 2339 2370
f 2372 2342 2370
f 2361 2373 2365
f 2374 2373 2361
f 2359 2374 2361
f 2375 2374 2359
f 2355 2375 2359
f 2376 2375 2355
f 2367 2376 2355
f 2372 2376 2367
f 2343 2372 2367
f 2342 2372 2343
f 2328 2199 2327
f 2204 2199 2328
f 2199 2333 2327
f 2332 2333 2199
f 2377 2332 2199
f 2330 2332 2377
f 2378 2330 2377
f 2336 2330 2378
f 2379 2336 2378
f 2334 2336 2379
f 2380 2334 2379
f 2341 2334 2380
f 2381 2341 2380
f 2340 2341 2381
f 2371 2340 2381
f 2338 2340 2371
f 2339 2338 2371
f 2373 2382 2383
f 2384 2385 2386
f 2387 2385 2384
f 2363 2387 2384
f 2388 2387 2363
f 2365 2388 2363
f 2389 2373 2383
f 2365 2390 2388
f 2391 2390 2365
f 2373 2391 2365
f 2392 2391 2373
f 2389 2392 2373
f 2205 2213 2241
f 2393 2309 2394
f 2306 2309 2393
f 2395 2306 2393
f 2395 2316 2306
f 2315 2316 2395
f 2396 2315 2395
f 2313 2315 2396
f 2205 2313 2396
f 2314 2313 2205
f 2241 2314 2205
f 2397 2299 2398
f 2311 2299 2397
f 2394 2311 2397
f 2310 2311 2394
f 2309 2310 2394
f 2399 2305 2288
f 2400 2305 2399
f 2304 2305 2400
f 2398 2304 2400
f 2298 2304 2398
f 2299 2298 2398
f 2401 2284 2402
f 2282 2284 2401
f 2399 2282 2401
f 2289 2282 2399
f 2288 2289 2399
f 2403 2278 2404
f 2280 2278 2403
f 2402 2280 2403
f 2281 2280 2402
f 2284 2281 2402
f 2405 2396 2395
f 2406 2379 2378
f 2398 2400 2407
f 2408 2409 2410
f 2403 2404 2411
f 2412 2413 2414
f 2415 2416 2417
f 2418 2419 2420
f 2421 2422 2423
f 2424 2425 2426
f 2427 2425 2424
f 2424 2428 2427
f 2429 2428 2424
f 2430 2429 2424
f 2431 2419 2418
f 2432 2433 2434
f 2435 2432 2434
f 2435 2436 2432
f 2437 2436 2435
f 2418 2437 2435
f 2438 2437 2418
f 2420 2438 2418
f 2430 2439 2429
f 2440 2439 2430
f 2441 2440 2430
f 2442 2440 2441
f 2441 2443 2442
f 2444 2443 2441
f 2434 2444 2441
f 2445 2444 2434
f 2433 2445 2434
f 2446 2447 2373
f 2448 2447 2446
f 2449 2450 2451
f 2452 2450 2449
f 2453 2452 2449
f 2454 2452 2453
f 2455 2454 2453
f 2456 2454 2455
f 2457 2456 2455
f 2448 2456 2457
f 2458 2409 2411
f 2410 2409 2458
f 2459 2410 2458
f 2460 2410 2459
f 2446 2375 2461
f 2374 2375 2446
f 2373 2374 2446
f 2462 2456 2463
f 2454 2456 2462
f 2464 2454 2462
f 2452 2454 2464
f 2465 2452 2464
f 2450 2452 2465
f 2466 2450 2465
f 2430 2463 2441
f 2462 2463 2430
f 2424 2462 2430
f 2464 2462 2424
f 2467 2464 2424
f 2465 2464 2467
f 2468 2465 2467
f 2466 2465 2468
f 2469 2466 2468
f 2409 2403 2411
f 2402 2403 2409
f 2408 2402 2409
f 2401 2402 2408
f 2399 2401 2408
f 2412 2460 2413
f 2410 2460 2412
f 2470 2410 2412
f 2408 2410 2470
f 2407 2408 2470
f 2399 2408 2407
f 2400 2399 2407
f 2423 2426 2421
f 2424 2426 2423
f 2471 2424 2423
f 2467 2424 2471
f 2472 2467 2471
f 2468 2467 2472
f 2473 2468 2472
f 2469 2468 2473
f 2474 2469 2473
f 2475 2414 2476
f 2412 2414 2475
f 2477 2412 2475
f 2470 2412 2477
f 2478 2470 2477
f 2407 2470 2478
f 2479 2407 2478
f 2398 2407 2479
f 2397 2398 2479
f 2480 2381 2380
f 2371 2381 2480
f 2481 2371 2480
f 2370 2371 2481
f 2482 2370 2481
f 2372 2370 2482
f 2461 2372 2482
f 2376 2372 2461
f 2375 2376 2461
f 2446 2456 2448
f 2463 2456 2446
f 2461 2463 2446
f 2441 2463 2461
f 2482 2441 2461
f 2434 2441 2482
f 2481 2434 2482
f 2435 2434 2481
f 2480 2435 2481
f 2431 2422 2419
f 2423 2422 2431
f 2483 2423 2431
f 2471 2423 2483
f 2484 2471 2483
f 2472 2471 2484
f 2485 2472 2484
f 2473 2472 2485
f 2486 2473 2485
f 2474 2473 2486
f 2487 2474 2486
f 2406 2380 2379
f 2480 2380 2406
f 2488 2480 2406
f 2435 2480 2488
f 2489 2435 2488
f 2418 2435 2489
f 2490 2418 2489
f 2431 2418 2490
f 2491 2431 2490
f 2483 2431 2491
f 2492 2483 2491
f 2484 2483 2492
f 2493 2484 2492
f 2485 2484 2493
f 2494 2485 2493
f 2486 2485 2494
f 2495 2486 2494
f 2487 2486 2495
f 2496 2487 2495
f 2497 2476 2498
f 2475 2476 2497
f 2499 2475 2497
f 2477 2475 2499
f 2500 2477 2499
f 2478 2477 2500
f 2501 2478 2500
f 2479 2478 2501
f 2502 2479 2501
f 2397 2479 2502
f 2394 2397 2502
f 2415 2498 2416
f 2497 2498 2415
f 2503 2497 2415
f 2499 2497 2503
f 2504 2499 2503
f 2500 2499 2504
f 2505 2500 2504
f 2501 2500 2505
f 2506 2501 2505
f 2502 2501 2506
f 2507 2502 2506
f 2394 2502 2507
f 2393 2394 2507
f 2508 2378 2377
f 2406 2378 2508
f 2509 2406 2508
f 2488 2406 2509
f 2510 2488 2509
f 2489 2488 2510
f 2511 2489 2510
f 2490 2489 2511
f 2512 2490 2511
f 2491 2490 2512
f 2513 2491 2512
f 2492 2491 2513
f 2514 2492 2513
f 2493 2492 2514
f 2515 2493 2514
f 2494 2493 2515
f 2516 2494 2515
f 2495 2494 2516
f 2517 2495 2516
f 2496 2495 2517
f 2405 2496 2517
f 2450 2417 2451
f 2415 2417 2450
f 2466 2415 2450
f 2503 2415 2466
f 2469 2503 2466
f 2504 2503 2469
f 2474 2504 2469
f 2505 2504 2474
f 2487 2505 2474
f 2506 2505 2487
f 2496 2506 2487
f 2507 2506 2496
f 2405 2507 2496
f 2393 2507 2405
f 2395 2393 2405
f 2405 2205 2396
f 2232 2205 2405
f 2517 2232 2405
f 2231 2232 2517
f 2516 2231 2517
f 2230 2231 2516
f 2515 2230 2516
f 2229 2230 2515
f 2514 2229 2515
f 2228 2229 2514
f 2513 2228 2514
f 2227 2228 2513
f 2512 2227 2513
f 2222 2227 2512
f 2511 2222 2512
f 2221 2222 2511
f 2510 2221 2511
f 2220 2221 2510
f 2509 2220 2510
f 2206 2220 2509
f 2508 2206 2509
f 2207 2206 2508
f 2377 2207 2508
f 2199 2207 2377
f 2518 2519 2520
f 2521 2460 2522
f 2413 2460 2521
f 2523 2413 2521
f 2414 2413 2523
f 2524 2525 2526
f 2527 2525 2524
f 2518 2527 2524
f 2528 2527 2518
f 2520 2528 2518
f 2498 2529 2530
f 2531 2529 2498
f 2476 2531 2498
f 2532 2531 2476
f 2414 2532 2476
f 2533 2532 2414
f 2523 2533 2414
f 2534 2535 2536
f 2537 2538 2539
f 2540 2538 2537
f 2541 2540 2537
f 2541 2542 2540
f 2543 2542 2541
f 2534 2543 2541
f 2544 2543 2534
f 2536 2544 2534
f 2417 2545 2546
f 2547 2545 2417
f 2417 2548 2547
f 2549 2548 2417
f 2416 2549 2417
f 2550 2549 2416
f 2498 2550 2416
f 2498 2551 2550
f 2552 2551 2498
f 2530 2552 2498
f 2530 2553 2552
f 2554 2553 2530
f 2555 2554 2530
f 2556 2554 2555
f 2557 2556 2555
f 2557 2539 2556
f 2537 2539 2557
f 2558 2537 2557
f 2559 2537 2558
f 2447 2382 2373
f 2560 2382 2447
f 2448 2560 2447
f 2561 2562 2563
f 2564 2562 2561
f 2565 2564 2561
f 2566 2564 2565
f 2567 2566 2565
f 2568 2566 2567
f 2569 2404 2570
f 2411 2404 2569
f 2571 2411 2569
f 2458 2411 2571
f 2572 2458 2571
f 2459 2458 2572
f 2524 2459 2572
f 2460 2459 2524
f 2526 2460 2524
f 2522 2460 2526
f 2534 2546 2535
f 2417 2546 2534
f 2573 2417 2534
f 2451 2417 2573
f 2574 2451 2573
f 2449 2451 2574
f 2575 2449 2574
f 2453 2449 2575
f 2576 2453 2575
f 2455 2453 2576
f 2577 2455 2576
f 2457 2455 2577
f 2566 2457 2577
f 2448 2457 2566
f 2568 2448 2566
f 2560 2448 2568
f 2277 2404 2278
f 2570 2404 2277
f 2276 2570 2277
f 2578 2260 2258
f 2579 2260 2578
f 2261 2260 2579
f 2263 2261 2579
f 2578 2257 2580
f 2256 2257 2578
f 2258 2256 2578
f 2581 2582 2583
f 2584 2582 2581
f 2585 2584 2581
f 2586 2584 2585
f 2587 2586 2585
f 2588 2586 2587
f 2589 2586 2588
f 2590 2589 2588
f 2591 2589 2590
f 2579 2589 2591
f 2592 2579 2591
f 2263 2579 2592
f 2274 2263 2592
f 2593 2594 2595
f 2596 2594 2593
f 2597 2596 2593
f 2598 2597 2599
f 2596 2597 2598
f 2600 2596 2598
f 2601 2596 2600
f 2601 2602 2596
f 2603 2602 2601
f 2604 2603 2601
f 2605 2606 2607
f 2607 2608 2605
f 2609 2608 2607
f 2603 2609 2607
f 2610 2609 2603
f 2604 2610 2603
f 2611 2612 2613
f 2594 2612 2611
f 2614 2594 2611
f 2595 2594 2614
f 2570 2615 2616
f 2617 2518 2524
f 2618 2619 2620
f 2621 2622 2623
f 2618 2624 2625
f 2626 2627 2628
f 2629 2627 2626
f 2630 2631 2632
f 2633 2631 2630
f 2634 2633 2630
f 2635 2636 2637
f 2638 2636 2635
f 2639 2638 2635
f 2640 2641 2642
f 2643 2641 2640
f 2644 2643 2640
f 2645 2643 2644
f 2646 2645 2644
f 2644 2647 2646
f 2628 2647 2644
f 2648 2628 2644
f 2649 2650 2651
f 2652 2653 2654
f 2655 2656 2657
f 2519 2656 2655
f 2652 2658 2653
f 2659 2658 2652
f 2559 2659 2652
f 2660 2661 2662
f 2663 2661 2660
f 2664 2663 2660
f 2618 2665 2619
f 2666 2665 2618
f 2625 2666 2618
f 2667 2668 2669
f 2670 2668 2667
f 2671 2672 2673
f 2667 2672 2671
f 2674 2667 2671
f 2670 2667 2674
f 2672 2675 2673
f 2676 2675 2672
f 2677 2676 2672
f 2678 2676 2677
f 2677 2679 2678
f 2680 2679 2677
f 2619 2680 2677
f 2681 2680 2619
f 2665 2681 2619
f 2682 2683 2684
f 2685 2683 2682
f 2686 2687 2688
f 2689 2687 2686
f 2690 2689 2686
f 2691 2689 2690
f 2692 2691 2690
f 2693 2691 2692
f 2694 2693 2692
f 2695 2693 2694
f 2696 2695 2694
f 2697 2683 2685
f 2698 2683 2697
f 2699 2698 2697
f 2640 2635 2700
f 2639 2635 2640
f 2642 2639 2640
f 2700 2701 2684
f 2702 2701 2700
f 2635 2702 2700
f 2703 2702 2635
f 2637 2703 2635
f 2704 2703 2637
f 2689 2672 2687
f 2677 2672 2689
f 2691 2677 2689
f 2619 2677 2691
f 2693 2619 2691
f 2620 2619 2693
f 2695 2620 2693
f 2705 2621 2623
f 2706 2621 2705
f 2707 2706 2705
f 2708 2696 2709
f 2695 2696 2708
f 2710 2695 2708
f 2620 2695 2710
f 2711 2620 2710
f 2618 2620 2711
f 2712 2618 2711
f 2624 2618 2712
f 2713 2624 2712
f 2707 2714 2706
f 2715 2714 2707
f 2716 2715 2707
f 2717 2698 2699
f 2718 2698 2717
f 2719 2718 2717
f 2720 2718 2719
f 2721 2720 2719
f 2722 2669 2723
f 2667 2669 2722
f 2716 2667 2722
f 2672 2667 2716
f 2707 2672 2716
f 2687 2672 2707
f 2705 2687 2707
f 2688 2687 2705
f 2623 2688 2705
f 2724 2720 2721
f 2725 2720 2724
f 2726 2725 2724
f 2626 2727 2728
f 2729 2727 2730
f 2728 2727 2729
f 2731 2728 2729
f 2626 2632 2629
f 2630 2632 2626
f 2728 2630 2626
f 2732 2630 2728
f 2731 2732 2728
f 2733 2732 2731
f 2652 2537 2559
f 2733 2537 2652
f 2734 2733 2652
f 2732 2733 2734
f 2735 2732 2734
f 2630 2732 2735
f 2651 2630 2735
f 2634 2630 2651
f 2650 2634 2651
f 2656 2654 2657
f 2652 2654 2656
f 2736 2652 2656
f 2734 2652 2736
f 2737 2734 2736
f 2735 2734 2737
f 2738 2735 2737
f 2651 2735 2738
f 2703 2651 2738
f 2649 2651 2703
f 2704 2649 2703
f 2702 2739 2701
f 2740 2739 2702
f 2703 2740 2702
f 2741 2740 2703
f 2738 2741 2703
f 2742 2741 2738
f 2737 2742 2738
f 2743 2742 2737
f 2736 2743 2737
f 2744 2743 2736
f 2656 2744 2736
f 2617 2744 2656
f 2519 2617 2656
f 2518 2617 2519
f 2712 2662 2713
f 2660 2662 2712
f 2745 2660 2712
f 2746 2660 2745
f 2747 2746 2745
f 2616 2746 2747
f 2716 2748 2715
f 2749 2748 2716
f 2722 2749 2716
f 2750 2749 2722
f 2723 2750 2722
f 2751 2750 2723
f 2752 2751 2723
f 2660 2668 2664
f 2669 2668 2660
f 2746 2669 2660
f 2723 2669 2746
f 2616 2723 2746
f 2752 2723 2616
f 2615 2752 2616
f 2753 2725 2726
f 2754 2725 2753
f 2755 2754 2753
f 2564 2754 2755
f 2562 2564 2755
f 2566 2577 2756
f 2683 2700 2684
f 2640 2700 2683
f 2698 2640 2683
f 2644 2640 2698
f 2718 2644 2698
f 2648 2644 2718
f 2720 2648 2718
f 2757 2648 2720
f 2725 2757 2720
f 2756 2757 2725
f 2754 2756 2725
f 2566 2756 2754
f 2564 2566 2754
f 2648 2626 2628
f 2727 2626 2648
f 2757 2727 2648
f 2730 2727 2757
f 2756 2730 2757
f 2576 2730 2756
f 2577 2576 2756
f 2733 2541 2537
f 2534 2541 2733
f 2731 2534 2733
f 2573 2534 2731
f 2729 2573 2731
f 2574 2573 2729
f 2730 2574 2729
f 2575 2574 2730
f 2576 2575 2730
f 2740 2709 2739
f 2708 2709 2740
f 2741 2708 2740
f 2710 2708 2741
f 2742 2710 2741
f 2711 2710 2742
f 2743 2711 2742
f 2712 2711 2743
f 2744 2712 2743
f 2745 2712 2744
f 2617 2745 2744
f 2747 2745 2617
f 2524 2747 2617
f 2616 2569 2570
f 2571 2569 2616
f 2747 2571 2616
f 2572 2571 2747
f 2524 2572 2747
f 2268 2758 2759
f 2269 2760 2270
f 2273 2760 2269
f 2761 2762 2763
f 2760 2759 2764
f 2268 2759 2760
f 2273 2268 2760
f 2761 2759 2765
f 2764 2759 2761
f 2763 2764 2761
f 2706 2766 2765
f 2767 2766 2706
f 2768 2714 2769
f 2706 2714 2768
f 2770 2706 2768
f 2767 2706 2770
f 2581 2583 2771
f 2759 2706 2765
f 2621 2706 2759
f 2772 2621 2759
f 2772 2622 2621
f 2773 2622 2772
f 2774 2773 2772
f 2775 2776 2777
f 2772 2776 2775
f 2778 2772 2775
f 2774 2772 2778
f 2752 2592 2591
f 2274 2592 2752
f 2615 2274 2752
f 2276 2274 2615
f 2570 2276 2615
f 2714 2771 2769
f 2581 2771 2714
f 2715 2581 2714
f 2585 2581 2715
f 2748 2585 2715
f 2587 2585 2748
f 2590 2752 2591
f 2751 2752 2590
f 2588 2751 2590
f 2750 2751 2588
f 2587 2750 2588
f 2749 2750 2587
f 2748 2749 2587
f 2777 2776 1293
f 1300 2779 2780
f 2386 2562 2755
f 2386 2599 2384
f 2753 2599 2386
f 2755 2753 2386
f 2781 2782 2783
f 2784 2781 2783
f 2781 2780 2779
f 2785 2780 2781
f 2784 2785 2781
f 2685 2786 2697
f 2781 2786 2685
f 2682 2781 2685
f 2782 2781 2682
f 2787 2605 2608
f 2609 2697 2608
f 2699 2697 2609
f 2610 2699 2609
f 2697 2787 2608
f 2788 2787 2697
f 2789 2788 2697
f 2790 2791 2792
f 2793 2791 2790
f 2786 2794 2795
f 2793 2795 2791
f 2786 2795 2793
f 2796 2786 2793
f 2697 2786 2796
f 2797 2697 2796
f 2789 2697 2797
f 2798 2795 2794
f 2799 2795 2798
f 2800 2799 2798
f 2610 2717 2699
f 2719 2717 2610
f 2604 2719 2610
f 2721 2719 2604
f 2601 2721 2604
f 2753 2598 2599
f 2600 2598 2753
f 2726 2600 2753
f 2601 2600 2726
f 2724 2601 2726
f 2721 2601 2724
f 2364 2363 2384
f 2599 2364 2384
f 2801 2364 2599
f 2597 2801 2599
f 2611 2613 2802
f 2803 2804 2805
f 2798 2804 2803
f 2806 2798 2803
f 2800 2798 2806
f 2807 2808 2809
f 2804 2808 2807
f 2810 2804 2807
f 2805 2804 2810
f 2593 2801 2597
f 2811 2801 2593
f 2595 2811 2593
f 2812 2813 2814
f 2808 2815 2809
f 2816 2815 2808
f 2817 2816 2808
f 2808 2818 2817
f 2819 2818 2808
f 2812 2819 2808
f 2820 2819 2812
f 2814 2820 2812
f 2812 2802 2813
f 2611 2802 2812
f 2811 2611 2812
f 2614 2611 2811
f 2595 2614 2811
f 2136 2812 2808
f 2804 2136 2808
f 2135 2136 2804
f 2821 2135 2804
f 2364 2822 2362
f 2823 2822 2364
f 2801 2823 2364
f 2136 2823 2801
f 2811 2136 2801
f 2812 2136 2811
f 2137 2135 2821
f 2824 2137 2821
f 2138 2137 2824
f 2825 2138 2824
f 2127 2138 2825
f 2826 2127 2825
f 2151 1300 2827
f 2779 1300 2151
f 2127 2779 2151
f 2786 2826 2794
f 2127 2826 2786
f 2781 2127 2786
f 2779 2127 2781
f 2828 2133 2131
f 2829 2133 2828
f 2830 2133 2829
f 2134 2133 2830
f 2831 2134 2830
f 2832 2134 2831
f 2758 2828 2131
f 2776 2833 1293
f 2132 2833 2776
f 2772 2132 2776
f 2131 2132 2772
f 2759 2131 2772
f 2758 2131 2759
f 2834 2835 2836
f 2837 2834 2836
f 2837 2838 2834
f 2839 2838 2837
f 2840 2839 2837
f 2841 2839 2840
f 2842 2841 2840
f 2838 2843 2834
f 2844 2843 2838
f 2839 2844 2838
f 2845 2844 2839
f 2841 2845 2839
f 2846 2845 2841
f 2847 2848 2849
f 2850 2847 2849
f 2850 2851 2847
f 2852 2851 2850
f 2853 2852 2850
f 2854 2852 2853
f 2855 2854 2853
f 2856 2854 2857
f 2852 2854 2856
f 2858 2852 2856
f 2851 2852 2858
f 2859 2851 2858
f 2847 2851 2859
f 2860 2857 2861
f 2856 2857 2860
f 2862 2856 2860
f 2858 2856 2862
f 2863 2858 2862
f 2859 2858 2863
f 2864 2865 2866
f 2861 2865 2864
f 2867 2868 2843
f 2869 2868 2867
f 2870 2867 2843
f 2871 2872 2873
f 2874 2871 2873
f 2870 2871 2874
f 2875 2870 2874
f 2867 2870 2875
f 2869 2867 2875
f 2844 2870 2843
f 2871 2870 2844
f 2845 2871 2844
f 2872 2871 2845
f 2846 2872 2845
f 2876 2877 2878
f 2879 2877 2876
f 2880 2879 2876
f 2876 2881 2880
f 2882 2881 2876
f 2883 2882 2876
f 2884 2885 2886
f 2887 2888 2889
f 2890 2891 2892
f 2893 2894 2895
f 2896 2893 2895
f 2887 2897 2888
f 2898 2897 2887
f 2893 2898 2887
f 2899 2898 2893
f 2896 2899 2893
f 2893 2892 2894
f 2890 2892 2893
f 2887 2890 2893
f 2884 2890 2887
f 2889 2884 2887
f 2885 2884 2889
f 2890 2883 2891
f 2882 2883 2890
f 2884 2882 2890
f 2881 2882 2884
f 2886 2881 2884
f 2880 2881 2886
f 2900 2901 2902
f 2903 2904 2901
f 2905 2904 2903
f 2906 2905 2903
f 2907 2897 2898
f 2908 2899 2896
f 2909 2907 2898
f 2910 2907 2909
f 2911 2910 2909
f 2912 2910 2911
f 2913 2912 2911
f 2913 2914 2912
f 2915 2914 2913
f 2916 2915 2913
f 2917 2915 2916
f 2918 2917 2916
f 2919 2917 2918
f 2904 2919 2918
f 2920 2919 2904
f 2905 2920 2904
f 2904 2902 2901
f 2921 2902 2904
f 2918 2921 2904
f 2922 2921 2918
f 2916 2922 2918
f 2923 2922 2916
f 2913 2923 2916
f 2924 2923 2913
f 2911 2924 2913
f 2908 2924 2911
f 2909 2908 2911
f 2899 2908 2909
f 2898 2899 2909
f 2902 2925 2900
f 2926 2925 2902
f 2921 2926 2902
f 2927 2926 2921
f 2922 2927 2921
f 2928 2927 2922
f 2923 2928 2922
f 2929 2928 2923
f 2924 2929 2923
f 2930 2929 2924
f 2908 2930 2924
f 2931 2930 2908
f 2896 2931 2908
f 2932 2933 2934
f 2935 2936 2937
f 2938 2934 2933
f 2939 2934 2938
f 2940 2939 2938
f 2941 2939 2940
f 2942 2941 2940
f 2943 2897 2944
f 2940 2897 2943
f 2945 2940 2943
f 2942 2940 2945
f 2897 2946 2944
f 2947 2946 2897
f 2907 2947 2897
f 2948 2947 2907
f 2910 2948 2907
f 2912 2948 2910
f 2912 2949 2948
f 2950 2949 2912
f 2914 2950 2912
f 2951 2950 2914
f 2915 2951 2914
f 2952 2951 2915
f 2917 2952 2915
f 2953 2954 2955
f 2956 2954 2953
f 2957 2954 2956
f 2958 2957 2956
f 2959 2960 2961
f 2962 2960 2959
f 2963 2962 2959
f 2963 2964 2962
f 2906 2964 2963
f 2965 2906 2963
f 2905 2906 2965
f 2953 2905 2965
f 2920 2905 2953
f 2955 2920 2953
f 2919 2920 2955
f 2966 2919 2955
f 2917 2919 2966
f 2967 2917 2966
f 2952 2917 2967
f 2935 2957 2958
f 2968 2957 2935
f 2937 2968 2935
f 2969 2970 2971
f 2972 2973 2974
f 2975 2976 2977
f 2879 2880 2978
f 2972 2978 2973
f 2879 2978 2972
f 2979 2879 2972
f 2877 2879 2979
f 2980 2877 2979
f 2878 2877 2980
f 2981 2974 2982
f 2972 2974 2981
f 2975 2972 2981
f 2979 2972 2975
f 2977 2979 2975
f 2980 2979 2977
f 2983 2982 2984
f 2981 2982 2983
f 2969 2981 2983
f 2975 2981 2969
f 2971 2975 2969
f 2976 2975 2971
f 2985 2986 2987
f 2988 2989 2990
f 2991 2989 2988
f 2992 2991 2988
f 2990 2993 2994
f 2995 2993 2990
f 2989 2995 2990
f 2993 2996 2994
f 2997 2996 2993
f 2998 2997 2993
f 2999 2997 2998
f 3000 2999 2998
f 3001 2999 3000
f 3002 3001 3000
f 3003 2992 3004
f 2991 2992 3003
f 3005 2991 3003
f 2989 2991 3005
f 3006 2989 3005
f 2995 2989 3006
f 3007 2995 3006
f 2993 2995 3007
f 3008 2993 3007
f 2998 2993 3008
f 3009 2998 3008
f 3000 2998 3009
f 3010 3000 3009
f 3002 3000 3010
f 3011 3002 3010
f 3010 3012 3011
f 3013 3012 3010
f 3009 3013 3010
f 3014 3013 3009
f 3008 3014 3009
f 3015 3014 3008
f 3007 3015 3008
f 3016 3015 3007
f 3006 3016 3007
f 2987 3016 3006
f 3005 2987 3006
f 2985 2987 3005
f 3003 2985 3005
f 3011 3017 3018
f 3019 3017 3011
f 3012 3019 3011
f 2983 3020 2969
f 3021 3020 2983
f 2984 3021 2983
f 3022 3021 2984
f 3002 3022 3001
f 3021 3022 3002
f 3011 3021 3002
f 3020 3021 3011
f 3018 3020 3011
f 2969 3020 3018
f 2970 2969 3018
f 3023 3024 3025
f 3026 3024 3023
f 3027 3026 3023
f 3028 3026 3027
f 3004 3028 3027
f 3029 3028 3004
f 2992 3029 3004
f 3030 3029 2992
f 3031 2992 3032
f 3030 2992 3031
f 3033 3030 3031
f 3032 2990 2994
f 2988 2990 3032
f 2992 2988 3032
f 2994 3034 3032
f 3035 3034 2994
f 2996 3035 2994
f 3036 3035 2996
f 2997 3036 2996
f 3037 3036 2997
f 2999 3037 2997
f 2999 3038 3037
f 3039 3038 2999
f 3001 3039 2999
f 3040 3039 3001
f 3022 3040 3001
f 2984 3040 3022
f 3041 3040 2984
f 3042 3041 2984
f 2984 3043 3042
f 3044 3043 2984
f 3045 3044 2984
f 3046 3044 3045
f 3045 3047 3046
f 3048 3047 3045
f 3049 3048 3045
f 3050 3048 3049
f 3051 3050 3049
f 3052 3050 3051
f 3053 3052 3051
f 3033 3054 3030
f 3055 3054 3033
f 3056 3055 3033
f 3057 3055 3056
f 3058 3057 3056
f 3059 3057 3058
f 3060 3059 3058
f 2982 3045 2984
f 3061 3045 2982
f 2974 3061 2982
f 2886 3062 3063
f 2973 3061 2974
f 3063 3061 2973
f 2978 3063 2973
f 2886 3063 2978
f 2880 2886 2978
f 2897 2940 3064
f 3064 2888 2897
f 2889 2888 3064
f 3062 2889 3064
f 2885 2889 3062
f 2886 2885 3062
f 3065 3066 3067
f 3068 3065 3067
f 3069 3070 3065
f 3065 3071 3069
f 3072 3071 3065
f 3068 3072 3065
f 3065 3070 3073
f 3074 2878 3075
f 2876 2878 3074
f 3076 3077 3078
f 3074 3077 3076
f 3079 3074 3076
f 2876 3074 3079
f 2883 2876 3079
f 3077 3080 3078
f 3081 3080 3077
f 3082 3081 3077
f 3077 3083 3082
f 3084 3083 3077
f 3074 3084 3077
f 3085 3084 3074
f 3075 3085 3074
f 3081 3086 3080
f 3087 3086 3081
f 3088 3087 3081
f 3089 3090 3091
f 3088 3090 3089
f 3092 3088 3089
f 3087 3088 3092
f 3090 3093 3094
f 3095 3093 3090
f 3088 3095 3090
f 3096 3095 3088
f 3081 3096 3088
f 3097 3096 3081
f 3082 3097 3081
f 3090 3073 3091
f 3065 3073 3090
f 3094 3065 3090
f 3066 3065 3094
f 3098 3099 2863
f 3100 2864 2866
f 3101 3100 2866
f 3098 3100 3101
f 3102 3098 3101
f 3099 3098 3102
f 3103 3099 3102
f 2862 3098 2863
f 3100 3098 2862
f 2860 3100 2862
f 2864 3100 2860
f 2861 2864 2860
f 3102 3104 3103
f 3105 3104 3102
f 3101 3105 3102
f 3106 3101 2866
f 3105 3107 3104
f 3108 3107 3105
f 3109 3108 3105
f 3110 3108 3109
f 3111 3110 3109
f 3112 3106 2866
f 3113 3106 3112
f 3114 3113 3112
f 3115 3113 3114
f 3116 3115 3114
f 3117 3115 3116
f 3118 3117 3116
f 3119 3117 3118
f 3120 3119 3118
f 3121 3119 3120
f 3122 3121 3120
f 3111 3123 3110
f 3124 3123 3111
f 3125 3124 3111
f 3126 3124 3125
f 3127 3126 3125
f 3128 3126 3127
f 3129 3128 3127
f 3130 3128 3129
f 3131 3130 3129
f 3106 3105 3101
f 3109 3105 3106
f 3113 3109 3106
f 3111 3109 3113
f 3115 3111 3113
f 3125 3111 3115
f 3117 3125 3115
f 3127 3125 3117
f 3119 3127 3117
f 3129 3127 3119
f 3121 3129 3119
f 3131 3129 3121
f 3132 3131 3121
f 3121 3133 3132
f 3134 3133 3121
f 3122 3134 3121
f 3135 3136 3137
f 3071 3072 3138
f 3139 3140 3141
f 3142 3133 3143
f 3132 3133 3142
f 3144 3132 3142
f 3131 3132 3144
f 3145 3131 3144
f 3130 3131 3145
f 3144 3141 3145
f 3139 3141 3144
f 3142 3139 3144
f 3135 3139 3142
f 3142 3136 3135
f 3146 3136 3142
f 3143 3146 3142
f 3139 3138 3140
f 3071 3138 3139
f 3135 3071 3139
f 3069 3071 3135
f 3137 3069 3135
f 3070 3069 3137
f 3147 3146 3143
f 3073 3070 3137
f 3148 2900 2925
f 2929 2930 3149
f 3149 2928 2929
f 2927 2928 3149
f 3148 2927 3149
f 2926 2927 3148
f 2925 2926 3148
f 2931 3149 2930
f 3150 3149 2931
f 2896 3150 2931
f 3150 2894 3151
f 2895 2894 3150
f 2896 2895 3150
f 2891 2883 3079
f 3152 3079 3076
f 2891 3079 3152
f 3151 2891 3152
f 2892 2891 3151
f 2894 2892 3151
f 3152 3080 3153
f 3078 3080 3152
f 3076 3078 3152
f 3154 3092 3155
f 3087 3092 3154
f 3153 3087 3154
f 3086 3087 3153
f 3080 3086 3153
f 3155 3091 3156
f 3089 3091 3155
f 3092 3089 3155
f 3157 3146 3147
f 3157 3136 3146
f 3137 3136 3157
f 3156 3137 3157
f 3073 3137 3156
f 3091 3073 3156
f 3147 3134 3158
f 3133 3134 3147
f 3143 3133 3147
f 3158 3120 3118
f 3122 3120 3158
f 3134 3122 3158
f 2866 2865 3159
f 3159 3112 2866
f 3114 3112 3159
f 3158 3114 3159
f 3116 3114 3158
f 3118 3116 3158
f 3160 3017 3019
f 3161 2971 2970
f 3162 3163 3164
f 3095 3165 3162
f 3094 3164 3066
f 3162 3164 3094
f 3093 3162 3094
f 3095 3162 3093
f 3166 3082 3167
f 3097 3082 3166
f 3165 3097 3166
f 3096 3097 3165
f 3095 3096 3165
f 3167 3084 3168
f 3083 3084 3167
f 3082 3083 3167
f 3168 3075 2878
f 3085 3075 3168
f 3084 3085 3168
f 3169 2971 3161
f 3169 2976 2971
f 2977 2976 3169
f 3168 2977 3169
f 2980 2977 3168
f 2878 2980 3168
f 3161 3017 3160
f 3018 3017 3161
f 2970 3018 3161
f 3160 3015 3170
f 3014 3015 3160
f 3160 3013 3014
f 3012 3013 3160
f 3019 3012 3160
f 3170 2987 2986
f 3016 2987 3170
f 3015 3016 3170
f 3171 2868 2869
f 3172 2868 3171
f 3173 3174 3175
f 3176 3174 3173
f 3173 3177 3176
f 3178 3177 3173
f 3172 3178 3173
f 3179 3178 3172
f 3171 3179 3172
f 3180 3173 3175
f 3181 3173 3180
f 3182 3181 3180
f 3163 3183 3164
f 3184 3183 3163
f 3181 3184 3163
f 3185 3184 3181
f 3182 3185 3181
f 3186 3068 3067
f 3187 3188 3189
f 3186 3188 3187
f 3190 3186 3187
f 3068 3186 3190
f 3072 3068 3190
f 3164 3067 3066
f 3191 3067 3164
f 3183 3191 3164
f 3192 3191 3183
f 3184 3192 3183
f 3188 3193 3189
f 3194 3193 3188
f 3195 3194 3188
f 3191 3186 3067
f 3188 3186 3191
f 3192 3188 3191
f 3195 3188 3192
f 3196 3195 3192
f 3192 3182 3196
f 3185 3182 3192
f 3184 3185 3192
f 3197 3195 3196
f 3198 3182 3180
f 3196 3182 3198
f 3199 3200 3201
f 3202 3200 3199
f 3203 3202 3199
f 3204 3202 3203
f 3205 3204 3203
f 3197 3204 3205
f 3206 3197 3205
f 3195 3197 3206
f 3194 3195 3206
f 3201 3207 3208
f 3209 3207 3201
f 3200 3209 3201
f 3207 3210 3208
f 3211 3210 3207
f 3212 3211 3207
f 2873 3211 3212
f 2874 2873 3212
f 3198 3197 3196
f 3204 3197 3198
f 3213 3204 3198
f 3202 3204 3213
f 3214 3202 3213
f 3200 3202 3214
f 3215 3200 3214
f 3209 3200 3215
f 3216 3209 3215
f 3207 3209 3216
f 3217 3207 3216
f 3212 3207 3217
f 3218 3212 3217
f 2874 3212 3218
f 2875 2874 3218
f 3175 3198 3180
f 3213 3198 3175
f 3174 3213 3175
f 3214 3213 3174
f 3176 3214 3174
f 3215 3214 3176
f 3177 3215 3176
f 3216 3215 3177
f 3178 3216 3177
f 3217 3216 3178
f 3179 3217 3178
f 3218 3217 3179
f 3171 3218 3179
f 2875 3218 3171
f 2869 2875 3171
f 3219 3199 3201
f 3203 3199 3219
f 3220 3203 3219
f 3205 3203 3220
f 3221 3205 3220
f 3206 3205 3221
f 3194 3206 3221
f 3211 3222 3223
f 3224 3222 3211
f 2873 3224 3211
f 3225 3224 2873
f 2872 3225 2873
f 3201 3226 3219
f 3227 3226 3201
f 3208 3227 3201
f 3223 3227 3208
f 3210 3223 3208
f 3211 3223 3210
f 2872 3228 3225
f 3229 3228 2872
f 2846 3229 2872
f 3230 3229 2846
f 2841 3230 2846
f 3231 3230 2841
f 3232 2842 3233
f 2841 2842 3232
f 3234 2841 3232
f 3231 2841 3234
f 3145 3235 3130
f 3236 3235 3145
f 3141 3236 3145
f 3138 3072 3190
f 3140 3236 3141
f 3237 3236 3140
f 3138 3237 3140
f 3238 3237 3138
f 3190 3238 3138
f 3194 3221 3239
f 3239 3193 3194
f 3189 3193 3239
f 3238 3189 3239
f 3187 3189 3238
f 3190 3187 3238
f 3123 3240 3241
f 3103 3242 3243
f 3242 3107 3244
f 3104 3107 3242
f 3103 3104 3242
f 3245 3108 3110
f 3107 3108 3245
f 3246 3107 3245
f 3244 3107 3246
f 3123 3245 3110
f 3247 3245 3123
f 3241 3247 3123
f 3128 3130 3235
f 3248 3128 3235
f 3126 3128 3248
f 3240 3126 3248
f 3124 3126 3240
f 3123 3124 3240
f 3249 3103 3243
f 3099 3103 3249
f 3250 3099 3249
f 2863 3099 3250
f 3251 2863 3250
f 2859 2863 3251
f 3252 2859 3251
f 3253 2859 3252
f 2847 2859 3253
f 3254 2847 3253
f 2848 2847 3254
f 3255 2848 3254
f 3256 3257 3258
f 3256 3259 3260
f 3261 3259 3256
f 3258 3261 3256
f 3262 3261 3263
f 3259 3261 3262
f 3264 3259 3262
f 3265 3259 3264
f 3266 3265 3264
f 3267 3268 3269
f 3270 3268 3267
f 3271 3270 3267
f 3272 3273 3274
f 3275 3276 3277
f 3267 3262 3263
f 3278 3262 3267
f 3269 3278 3267
f 3278 3273 3272
f 3279 3273 3278
f 3280 3279 3278
f 3278 3281 3280
f 3282 3281 3278
f 3269 3282 3278
f 3275 3283 3276
f 3284 3283 3275
f 3272 3284 3275
f 3285 3284 3272
f 3274 3285 3272
f 3275 3286 3287
f 3288 3286 3275
f 3277 3288 3275
f 3289 3290 3291
f 3292 3293 3294
f 3295 3293 3292
f 3296 3295 3292
f 3297 3295 3296
f 3292 3298 3296
f 3291 3298 3292
f 3294 3291 3292
f 3289 3291 3294
f 3299 3300 3301
f 3301 3302 3299
f 3303 3302 3301
f 3291 3303 3301
f 3304 3303 3291
f 3290 3304 3291
f 3305 3306 3307
f 3278 3308 3262
f 3309 3308 3278
f 3307 3309 3278
f 3309 3310 3308
f 3311 3310 3309
f 3307 3311 3309
f 3312 3311 3307
f 3278 3305 3307
f 3313 3305 3278
f 3272 3313 3278
f 3314 3275 3315
f 3272 3275 3314
f 3316 3272 3314
f 3313 3272 3316
f 3317 3315 3275
f 3318 3315 3317
f 3319 3318 3317
f 3320 3318 3319
f 3321 3320 3319
f 3299 3322 3323
f 3324 3322 3299
f 3325 3324 3299
f 3326 3324 3325
f 3327 3326 3325
f 3328 3326 3327
f 3329 3328 3327
f 3323 3300 3299
f 3330 3300 3323
f 3331 3330 3323
f 3332 3330 3331
f 3333 3332 3331
f 3334 3332 3333
f 3335 3334 3333
f 3336 3334 3335
f 3337 3336 3335
f 3275 3338 3317
f 3339 3338 3275
f 3287 3339 3275
f 3340 3339 3287
f 3341 3340 3287
f 3342 3340 3341
f 3343 3342 3341
f 3344 3342 3343
f 3345 3344 3343
f 3337 3344 3345
f 3346 3337 3345
f 3336 3337 3346
f 3347 3348 3349
f 3350 3348 3347
f 3351 3350 3347
f 3352 3353 3354
f 3354 3355 3352
f 3356 3355 3354
f 3350 3356 3354
f 3357 3356 3350
f 3351 3357 3350
f 3358 2122 2134
f 3359 3354 3353
f 3360 3354 3359
f 3361 3360 3359
f 2134 3360 3361
f 3362 2134 3361
f 3358 2134 3362
f 3363 3291 3301
f 3364 3349 3348
f 3363 3330 3365
f 3300 3330 3363
f 3301 3300 3363
f 3363 3298 3291
f 3348 3298 3363
f 3366 3348 3363
f 3364 3348 3366
f 3367 3286 3288
f 3368 3363 3365
f 3369 3363 3368
f 3363 3370 3371
f 3372 3363 3371
f 3363 3373 3370
f 3374 3373 3363
f 3369 3374 3363
f 3288 3375 3367
f 3376 3375 3288
f 3377 3376 3288
f 3378 3376 3377
f 3379 3378 3377
f 3380 3378 3379
f 3381 3380 3379
f 3382 3380 3381
f 3383 3382 3381
f 3372 3384 3363
f 3385 3384 3372
f 3386 3385 3372
f 3372 3387 3386
f 3388 3387 3372
f 3382 3388 3372
f 3389 3388 3382
f 3383 3389 3382
f 3390 3286 3367
f 3367 3391 3390
f 3392 3391 3367
f 3375 3392 3367
f 3393 3392 3375
f 3376 3393 3375
f 3394 3393 3376
f 3378 3394 3376
f 3395 3394 3378
f 3380 3395 3378
f 3396 3395 3380
f 3382 3396 3380
f 3397 3396 3382
f 3372 3397 3382
f 3398 3397 3372
f 3371 3398 3372
f 3399 3398 3371
f 3370 3399 3371
f 3400 3399 3370
f 3373 3400 3370
f 3401 3400 3373
f 3374 3401 3373
f 3402 3401 3374
f 3369 3402 3374
f 3403 3402 3369
f 3368 3403 3369
f 3365 3403 3368
f 3404 3403 3365
f 3330 3404 3365
f 3332 3404 3330
f 3405 3404 3332
f 3334 3405 3332
f 3406 3405 3334
f 3336 3406 3334
f 3407 3406 3336
f 3346 3407 3336
f 3408 3407 3346
f 3345 3408 3346
f 3409 3408 3345
f 3343 3409 3345
f 3390 3409 3343
f 3341 3390 3343
f 3286 3390 3341
f 3287 3286 3341
f 3410 3411 3412
f 3413 3411 3410
f 3414 3413 3410
f 3415 3413 3414
f 3416 3417 3418
f 3418 3415 3414
f 3419 3415 3418
f 3417 3419 3418
f 3420 1948 1961
f 3418 1948 3420
f 3271 3418 3420
f 3416 3418 3271
f 3421 3416 3271
f 3271 3422 3421
f 3423 3422 3271
f 3424 3423 3271
f 3271 3425 3424
f 3426 3425 3271
f 3427 3426 3271
f 3271 3428 3427
f 3429 3428 3271
f 3430 3429 3271
f 3271 3431 3430
f 3432 3431 3271
f 3267 3432 3271
f 2113 2114 3433
f 3434 3271 3420
f 3435 3433 3436
f 2113 3433 3435
f 3437 2113 3435
f 2115 2113 3437
f 3438 2115 3437
f 2116 2115 3438
f 3439 2116 3438
f 2117 2116 3439
f 3440 2117 3439
f 2118 2117 3440
f 3441 2118 3440
f 2119 2118 3441
f 3442 2119 3441
f 2120 2119 3442
f 3443 2120 3442
f 2121 2120 3443
f 3434 2121 3443
f 2112 2121 3434
f 3420 2112 3434
f 1961 2112 3420
f 3433 3358 3436
f 2122 3358 3433
f 2114 2122 3433
f 3444 3279 3280
f 3445 3446 3447
f 3448 3449 3450
f 3451 3452 3453
f 3454 3455 3456
f 3457 3458 3459
f 3271 3434 3460
f 3461 3462 3463
f 3281 3462 3280
f 3463 3462 3281
f 3282 3463 3281
f 3464 3459 3465
f 3464 3457 3459
f 3444 3457 3464
f 3466 3444 3464
f 3467 3455 3465
f 3456 3455 3467
f 3468 3456 3467
f 3469 3453 3381
f 3456 3470 3454
f 3471 3470 3456
f 3468 3471 3456
f 3472 3471 3468
f 3473 3474 3475
f 3476 3474 3473
f 3477 3476 3473
f 3455 3464 3465
f 3466 3464 3455
f 3454 3466 3455
f 3475 3466 3454
f 3470 3475 3454
f 3473 3475 3470
f 3471 3473 3470
f 3477 3473 3471
f 3472 3477 3471
f 3474 3478 3284
f 3479 3478 3474
f 3476 3479 3474
f 3451 3479 3476
f 3477 3451 3476
f 3452 3451 3477
f 3472 3452 3477
f 3466 3279 3444
f 3273 3279 3466
f 3475 3273 3466
f 3274 3273 3475
f 3474 3274 3475
f 3285 3274 3474
f 3284 3285 3474
f 3379 3469 3381
f 3480 3469 3379
f 3377 3480 3379
f 3435 3436 3481
f 3482 3481 3483
f 3484 3449 3485
f 3450 3449 3484
f 3486 3450 3484
f 3487 3485 3488
f 3484 3485 3487
f 3489 3484 3487
f 3486 3484 3489
f 3490 3486 3489
f 3491 3488 3483
f 3487 3488 3491
f 3492 3487 3491
f 3489 3487 3492
f 3493 3489 3492
f 3490 3489 3493
f 3494 3490 3493
f 3495 3494 3496
f 3490 3494 3495
f 3497 3490 3495
f 3486 3490 3497
f 3498 3486 3497
f 3450 3486 3498
f 3499 3450 3498
f 3448 3450 3499
f 3500 3448 3499
f 3482 3435 3481
f 3437 3435 3482
f 3501 3437 3482
f 3438 3437 3501
f 3502 3438 3501
f 3439 3438 3502
f 3503 3439 3502
f 3440 3439 3503
f 3504 3440 3503
f 3441 3440 3504
f 3505 3441 3504
f 3506 3496 3507
f 3495 3496 3506
f 3508 3495 3506
f 3497 3495 3508
f 3509 3497 3508
f 3498 3497 3509
f 3510 3498 3509
f 3499 3498 3510
f 3511 3499 3510
f 3500 3499 3511
f 3512 3500 3511
f 3488 3482 3483
f 3501 3482 3488
f 3485 3501 3488
f 3502 3501 3485
f 3449 3502 3485
f 3503 3502 3449
f 3448 3503 3449
f 3504 3503 3448
f 3500 3504 3448
f 3505 3504 3500
f 3512 3505 3500
f 3443 3513 3434
f 3514 3513 3443
f 3442 3514 3443
f 3505 3442 3441
f 3514 3442 3505
f 3512 3514 3505
f 3515 3514 3512
f 3511 3515 3512
f 3516 3515 3511
f 3510 3516 3511
f 3517 3516 3510
f 3509 3517 3510
f 3518 3517 3509
f 3508 3518 3509
f 3519 3518 3508
f 3506 3519 3508
f 3520 3519 3506
f 3507 3520 3506
f 3521 3520 3507
f 3522 3521 3507
f 3523 3521 3522
f 3524 3523 3522
f 3525 3523 3524
f 3526 3525 3524
f 3527 3525 3526
f 3528 3527 3526
f 3529 3527 3528
f 3530 3529 3528
f 3531 3529 3530
f 3532 3531 3530
f 3533 3531 3532
f 3534 3533 3532
f 3513 3460 3434
f 3535 3460 3513
f 3514 3535 3513
f 3536 3535 3514
f 3515 3536 3514
f 3537 3536 3515
f 3516 3537 3515
f 3538 3537 3516
f 3517 3538 3516
f 3539 3538 3517
f 3518 3539 3517
f 3540 3539 3518
f 3519 3540 3518
f 3541 3540 3519
f 3520 3541 3519
f 3542 3541 3520
f 3521 3542 3520
f 3543 3542 3521
f 3523 3543 3521
f 3544 3543 3523
f 3525 3544 3523
f 3545 3544 3525
f 3527 3545 3525
f 3546 3545 3527
f 3529 3546 3527
f 3547 3546 3529
f 3531 3547 3529
f 3548 3547 3531
f 3533 3548 3531
f 3549 3447 3446
f 3550 3447 3549
f 3551 3550 3549
f 3552 3550 3551
f 3553 3552 3551
f 3554 3552 3553
f 3555 3554 3553
f 3556 3554 3555
f 3557 3556 3555
f 3558 3556 3557
f 3559 3558 3557
f 3560 3558 3559
f 3561 3560 3559
f 3562 3560 3561
f 3563 3562 3561
f 3564 3562 3563
f 3565 3564 3563
f 3566 3564 3565
f 3567 3566 3565
f 3568 3566 3567
f 3569 3568 3567
f 3570 3269 3268
f 3571 3269 3570
f 3572 3571 3570
f 3573 3571 3572
f 3574 3573 3572
f 3575 3573 3574
f 3576 3575 3574
f 3577 3575 3576
f 3578 3577 3576
f 3579 3577 3578
f 3580 3579 3578
f 3581 3579 3580
f 3582 3581 3580
f 3583 3581 3582
f 3584 3583 3582
f 3585 3583 3584
f 3586 3585 3584
f 3587 3585 3586
f 3588 3587 3586
f 3589 3587 3588
f 3590 3589 3588
f 3591 3589 3590
f 3592 3591 3590
f 3593 3268 3270
f 3570 3268 3593
f 3445 3570 3593
f 3572 3570 3445
f 3447 3572 3445
f 3574 3572 3447
f 3550 3574 3447
f 3576 3574 3550
f 3552 3576 3550
f 3578 3576 3552
f 3554 3578 3552
f 3580 3578 3554
f 3556 3580 3554
f 3582 3580 3556
f 3558 3582 3556
f 3584 3582 3558
f 3560 3584 3558
f 3586 3584 3560
f 3562 3586 3560
f 3588 3586 3562
f 3564 3588 3562
f 3590 3588 3564
f 3566 3590 3564
f 3592 3590 3566
f 3568 3592 3566
f 3460 3270 3271
f 3593 3270 3460
f 3535 3593 3460
f 3445 3593 3535
f 3536 3445 3535
f 3446 3445 3536
f 3537 3446 3536
f 3549 3446 3537
f 3538 3549 3537
f 3551 3549 3538
f 3539 3551 3538
f 3553 3551 3539
f 3540 3553 3539
f 3555 3553 3540
f 3541 3555 3540
f 3557 3555 3541
f 3542 3557 3541
f 3559 3557 3542
f 3543 3559 3542
f 3561 3559 3543
f 3544 3561 3543
f 3563 3561 3544
f 3545 3563 3544
f 3565 3563 3545
f 3546 3565 3545
f 3567 3565 3546
f 3547 3567 3546
f 3569 3567 3547
f 3548 3569 3547
f 3478 3283 3284
f 3276 3283 3478
f 3277 3276 3478
f 3469 3451 3453
f 3479 3451 3469
f 3480 3479 3469
f 3478 3479 3480
f 3377 3478 3480
f 3277 3478 3377
f 3288 3277 3377
f 3462 3444 3280
f 3457 3444 3462
f 3461 3457 3462
f 3458 3457 3461
f 3594 3458 3461
f 3459 3458 3594
f 3595 3459 3594
f 3465 3459 3595
f 3596 3465 3595
f 3467 3465 3596
f 3597 3467 3596
f 3468 3467 3597
f 3598 3468 3597
f 3472 3468 3598
f 3599 3472 3598
f 3452 3472 3599
f 3600 3452 3599
f 3453 3452 3600
f 3601 3453 3600
f 3381 3453 3601
f 3383 3381 3601
f 3571 3282 3269
f 3463 3282 3571
f 3573 3463 3571
f 3461 3463 3573
f 3575 3461 3573
f 3594 3461 3575
f 3577 3594 3575
f 3595 3594 3577
f 3579 3595 3577
f 3596 3595 3579
f 3581 3596 3579
f 3597 3596 3581
f 3583 3597 3581
f 3598 3597 3583
f 3585 3598 3583
f 3599 3598 3585
f 3587 3599 3585
f 3600 3599 3587
f 3589 3600 3587
f 3601 3600 3589
f 3591 3601 3589
f 3383 3601 3591
f 3592 3383 3591
f 3389 3383 3592
f 3568 3389 3592
f 3388 3389 3568
f 3569 3388 3568
f 3387 3388 3569
f 3548 3387 3569
f 3386 3387 3548
f 3533 3386 3548
f 3385 3386 3533
f 3534 3385 3533
f 3384 3385 3534
f 3436 3358 3362
f 3353 3494 3359
f 3496 3494 3353
f 3352 3496 3353
f 3507 3496 3352
f 3355 3507 3352
f 3522 3507 3355
f 3356 3522 3355
f 3357 3522 3356
f 3524 3522 3357
f 3351 3524 3357
f 3526 3524 3351
f 3347 3526 3351
f 3528 3526 3347
f 3349 3528 3347
f 3530 3528 3349
f 3364 3530 3349
f 3532 3530 3364
f 3366 3532 3364
f 3366 3534 3532
f 3384 3534 3366
f 3363 3384 3366
f 3362 3481 3436
f 3483 3481 3362
f 3361 3483 3362
f 3361 3491 3483
f 3492 3491 3361
f 3359 3492 3361
f 3493 3492 3359
f 3494 3493 3359
f 3602 3603 3604
f 3605 3603 3602
f 3606 3607 3608
f 3604 3607 3606
f 3609 3604 3606
f 3602 3604 3609
f 3605 3610 3603
f 3611 3610 3605
f 3612 3611 3605
f 3613 3611 3612
f 3614 3613 3612
f 3262 3298 3615
f 3615 3616 3262
f 3617 3616 3615
f 3607 3617 3615
f 3618 3617 3607
f 3604 3618 3607

