mtllib material.mtl
usemtl mtl_femur
v 0.07226949 0.39199051 0.02750000
v 0.07798492 0.39016467 0.02750000
v 0.07226949 0.39199051 0.02650000
v 0.07798492 0.39016467 0.02650000
v 0.08932650 0.37943071 0.02650000
v 0.08932650 0.37943071 0.02750000
v 0.09050743 0.37301832 0.02650000
v 0.09038516 0.37511265 0.02750000
v 0.09050743 0.37301832 0.02750000
v 0.07985614 0.38944989 0.02650000
v 0.07985611 0.38944972 0.02750000
v 0.08247679 0.38800538 0.02750000
v 0.08522765 0.38575393 0.02650000
v 0.08522765 0.38575393 0.02750000
v 0.08860416 0.38107410 0.02750000
v 0.07555050 0.38254407 0.03450000
v 0.07555050 0.38254407 0.03250000
v 0.07054334 0.38282356 0.03250000
v 0.07054334 0.38282356 0.03450000
v 0.06603012 0.38063705 0.03250000
v 0.06603012 0.38063705 0.03450000
v 0.06314597 0.37653446 0.03250000
v 0.06314597 0.37653446 0.03450000
v 0.06298169 0.37606138 0.03250000
v 0.06261617 0.37154755 0.03450000
v 0.06261617 0.37154755 0.03250000
v 0.06457399 0.36693057 0.03250000
v 0.06457399 0.36693057 0.03450000
v 0.06852704 0.36384463 0.03250000
v 0.06852704 0.36384463 0.03450000
v 0.07043219 0.36323601 0.03450000
v 0.07043219 0.36323601 0.03250000
v 0.07511977 0.36336559 0.03250000
v 0.07511977 0.36336559 0.03450000
v 0.07923289 0.36561778 0.03250000
v 0.07923289 0.36561778 0.03450000
v 0.08186707 0.36949742 0.03250000
v 0.08186707 0.36949742 0.03450000
v 0.08244302 0.37415129 0.03250000
v 0.08244302 0.37415129 0.03450000
v 0.08083411 0.37855601 0.03250000
v 0.08083411 0.37855601 0.03450000
v 0.07739414 0.38174298 0.03250000
v 0.07739414 0.38174298 0.03450000
v 0.07226122 0.39199311 0.02751118
v 0.07071832 0.39206409 0.02650000
v 0.07105073 0.39211714 0.02906196
v 0.07073202 0.39206707 0.02944767
v 0.06977027 0.39167911 0.03057475
v 0.06933817 0.39135227 0.02650000
v 0.06937755 0.39138743 0.03102554
v 0.06895663 0.39093286 0.03151165
v 0.06849883 0.39004570 0.02650000
v 0.06849883 0.39004570 0.03208258
v 0.06652085 0.38385397 0.02650000
v 0.06652085 0.38385397 0.03250000
v 0.06789023 0.38814056 0.03250000
v 0.06841685 0.38978904 0.03219096
v 0.06618720 0.38314542 0.03250000
v 0.06618720 0.38314542 0.02650000
v 0.06568152 0.38254741 0.03250000
v 0.06568152 0.38254741 0.02650000
v 0.06479657 0.38174263 0.03250000
v 0.06371623 0.38076013 0.03244640
v 0.06048857 0.37782490 0.03156486
v 0.05898423 0.37645686 0.02650000
v 0.05898423 0.37645686 0.03059342
v 0.05674605 0.37297270 0.02650000
v 0.05674605 0.37297270 0.02750000
v 0.05763580 0.37486210 0.02650000
v 0.05675033 0.37298605 0.02751109
v 0.05716858 0.37402940 0.02839606
v 0.05812044 0.37553677 0.02973826
v 0.05851856 0.37599722 0.03016289
v 0.05365760 0.36330491 0.02650000
v 0.05365760 0.36330491 0.02750000
v 0.07708326 0.04188310 0.02100000
v 0.07679978 0.04188729 0.02162287
v 0.07698322 0.04114877 0.02100000
v 0.07595579 0.04189375 0.02335218
v 0.07470421 0.04114154 0.02544885
v 0.07507062 0.04189231 0.02499845
v 0.07478801 0.04189033 0.02549359
v 0.06395271 0.04151833 0.03850211
v 0.06398333 0.04151684 0.03847549
v 0.06398341 0.04151981 0.03847542
v 0.06504822 0.04146565 0.03752244
v 0.06505201 0.04157075 0.03752146
v 0.06617740 0.04141317 0.03645068
v 0.06951710 0.04127315 0.03285186
v 0.06994666 0.04177624 0.03240579
v 0.06618717 0.04162310 0.03645143
v 0.06990480 0.04125888 0.03238590
v 0.07141303 0.04120876 0.03045868
v 0.07147064 0.04182533 0.03048857
v 0.07413436 0.04188325 0.02658960
v 0.07315022 0.04186677 0.02812584
v 0.07212240 0.04184318 0.02960627
v 0.06391818 0.04152004 0.03853207
v 0.06391829 0.04151663 0.03853198
v 0.06175398 0.04163107 0.04029640
v 0.06176682 0.04140747 0.04029702
v 0.05775178 0.04184419 0.04302879
v 0.05206963 0.04212595 0.04591710
v 0.05218677 0.04151717 0.04608675
v 0.05910826 0.04126568 0.04222548
v 0.05781722 0.04119474 0.04307174
v 0.05224801 0.04087910 0.04613401
v 0.01790385 0.04151466 0.04925805
v 0.01790271 0.04155414 0.04924383
v 0.01786943 0.04155296 0.04923595
v 0.01768323 0.04176325 0.04910425
v 0.01801007 0.04228872 0.04888133
v 0.01724705 0.04228177 0.04869508
v 0.01862662 0.04074249 0.04959037
v 0.01868082 0.04155328 0.04943153
v 0.01878526 0.04229568 0.04905733
v 0.01650742 0.03701833 0.04557411
v 0.01650742 0.03701833 0.04672259
v 0.01650742 0.04671005 0.04557411
v 0.01650742 0.04490202 0.04672259
v 0.01767894 0.03701833 0.04910096
v 0.01677331 0.03701833 0.04795736
v 0.01881992 0.03701833 0.04964275
v 0.01881992 0.04054466 0.04964275
v 0.01675333 0.04321719 0.04791212
v 0.01657661 0.04395897 0.04736320
v 0.06951715 0.03701833 0.03285180
v 0.02490531 0.04046661 0.05069138
v 0.03123200 0.04044520 0.05099485
v 0.03276619 0.03701833 0.05094995
v 0.03276620 0.04044834 0.05094995
v 0.04793453 0.04068964 0.04793011
v 0.04654226 0.04064603 0.04841368
v 0.04654207 0.03701833 0.04841374
v 0.04191205 0.04053956 0.04970849
v 0.03564855 0.04046313 0.05074021
v 0.05910837 0.03701833 0.04222541
v 0.07698321 0.03701833 0.02100000
v 0.02493168 0.04145067 0.05052729
v 0.05149159 0.04214479 0.04615824
v 0.05017762 0.04218128 0.04667891
v 0.04787206 0.04148960 0.04783712
v 0.04870705 0.04221386 0.04721731
v 0.04773980 0.04223156 0.04754645
v 0.04707558 0.04224230 0.04776117
v 0.04599210 0.04225770 0.04809194
v 0.04397111 0.04228064 0.04864541
v 0.04186280 0.04146443 0.04956982
v 0.04178146 0.04229897 0.04915373
v 0.03562425 0.04144999 0.05057485
v 0.03122851 0.04144642 0.05082288
v 0.04175298 0.04229917 0.04915972
v 0.03556898 0.04232699 0.05009565
v 0.03122052 0.04233283 0.05032666
v 0.02499161 0.04232583 0.05005136
v 0.02051565 0.04230725 0.04940815
v 0.01616646 0.04930962 0.04395814
v 0.01590309 0.05010574 0.04346002
v 0.01530448 0.03701833 0.04271467
v 0.01527745 0.05131401 0.04268848
v 0.01397681 0.03701833 0.04185378
v 0.01449891 0.05215190 0.04210511
v 0.01397681 0.05244066 0.04185378
v 0.01619444 0.03701833 0.04402303
v -0.00734391 0.05482951 0.02433673
v -0.00734391 0.03701833 0.02433673
v -0.00501244 0.05650584 0.02762860
v -0.00151052 0.03701833 0.03162044
v -0.00379334 0.05724964 0.02912830
v 0.00569974 0.03701833 0.03754437
v 0.00580533 0.05606305 0.03761392
v 0.00451232 0.05670174 0.03673221
v 0.00360098 0.05713420 0.03606999
v 0.00287087 0.05745698 0.03551368
v 0.00149522 0.05796074 0.03439902
v -0.00063697 0.05825974 0.03248117
v -0.00142675 0.05816709 0.03170503
v 0.01328680 0.05270148 0.04157463
v 0.01130447 0.05349835 0.04069701
v 0.01052049 0.05383353 0.04031777
v 0.00883466 0.05459255 0.03943719
v 0.00880409 0.05460678 0.03942037
v 0.00610238 0.05591532 0.03780733
v -0.01070848 0.04921697 0.02250000
v -0.01070848 0.03701833 0.02250000
v -0.01037261 0.04986553 0.02251413
v -0.00879185 0.03701833 0.02298908
v -0.01006122 0.05045926 0.02255272
v -0.00779416 0.05434270 0.02376015
v -0.00858151 0.05313671 0.02311237
v -0.00881300 0.05274083 0.02297762
v -0.01335316 0.04449564 0.02250000
v -0.01335315 0.03701833 0.02250000
v -0.01114469 0.04838186 0.02250000
v -0.01595123 0.04096852 0.02100000
v -0.01595123 0.03701833 0.02100000
v -0.01539659 0.04182022 0.02169644
v -0.01485316 0.03701833 0.02209808
v -0.01503898 0.04222405 0.02198153
v -0.01484479 0.04243150 0.02210289
v -0.01453922 0.04278911 0.02225558
v -0.01588186 0.04134641 0.02100000
v -0.01548268 0.04223355 0.02100000
v -0.01530748 0.04222973 0.02139450
v -0.00174313 0.07759016 0.02100000
v -0.00126792 0.07996888 0.02350513
v -0.00073478 0.08572110 0.02100000
v -0.00049258 0.09060822 0.02670781
v -0.00049258 0.09211320 0.02100000
v -0.00352859 0.06952576 0.02100000
v -0.00126438 0.07978261 0.02419916
v -0.00049258 0.09036546 0.02750000
v 0.01209351 0.06413424 0.03680634
v 0.00835256 0.07634285 0.03358393
v 0.00818347 0.07604317 0.03362175
v 0.01562889 0.05259651 0.04207992
v 0.01520208 0.05252395 0.04204671
v 0.01180833 0.06395923 0.03683256
v 0.01060987 0.06323341 0.03688675
v 0.00939998 0.06252314 0.03684928
v 0.00888767 0.06223075 0.03680534
v 0.00771944 0.06158654 0.03664161
v 0.00657015 0.06098961 0.03639182
v 0.00544606 0.06044976 0.03605800
v 0.00435161 0.05997591 0.03564202
v 0.00355460 0.05966976 0.03527804
v 0.00255027 0.05934025 0.03473896
v 0.00159778 0.05909731 0.03413528
v 0.00069835 0.05894340 0.03347046
v -0.00014803 0.05887983 0.03274633
v -0.00055037 0.05888213 0.03236319
v -0.00108766 0.05892307 0.03180624
v -0.00182776 0.05906238 0.03093887
v -0.00250133 0.05929195 0.03002230
v -0.00310879 0.05960797 0.02905576
v -0.00364866 0.06000643 0.02803886
v -0.00955424 0.05169685 0.02233326
v -0.00392962 0.06027353 0.02742613
v -0.00436518 0.06080605 0.02630374
v -0.00471290 0.06139883 0.02515409
v -0.00497217 0.06204263 0.02398038
v -0.00993691 0.05193695 0.02100000
v -0.01131204 0.04921694 0.02100000
v -0.00514149 0.06272717 0.02278855
v -0.00924207 0.05341335 0.02100000
v -0.00803196 0.05617611 0.02100000
v -0.00517303 0.06292786 0.02244719
v -0.00778264 0.05677906 0.02100000
v -0.00522513 0.06365164 0.02123862
v -0.00481737 0.06508064 0.02100000
v -0.00168921 0.07715224 0.02355031
v -0.00371849 0.06883160 0.02100000
v -0.00173599 0.07677189 0.02376079
v -0.00442342 0.06637549 0.02100000
v -0.00185174 0.07551991 0.02447587
v -0.00049227 0.09007275 0.02755528
v 0.00746642 0.07481390 0.03374098
v 0.00673352 0.07362790 0.03379625
v 0.00642090 0.07314400 0.03379985
v 0.00570388 0.07208590 0.03376335
v 0.00499392 0.07111447 0.03366523
v 0.00429638 0.07024270 0.03350689
v 0.00361538 0.06948234 0.03328973
v 0.00311897 0.06899331 0.03308962
v 0.00249371 0.06846885 0.03278262
v 0.00190197 0.06808335 0.03242895
v 0.00134539 0.06783963 0.03203151
v 0.00082483 0.06773907 0.03159216
v 0.00057887 0.06774271 0.03135772
v 0.00025241 0.06780747 0.03101506
v -0.00019240 0.06802800 0.03047816
v -0.00059037 0.06839214 0.02990792
v -0.00094104 0.06889483 0.02930479
v -0.00124272 0.06953118 0.02866950
v -0.00139422 0.06995939 0.02828681
v -0.00161726 0.07081736 0.02758688
v -0.00177749 0.07177954 0.02687245
v -0.00187419 0.07283390 0.02614702
v -0.00190635 0.07396700 0.02541587
v -0.00190361 0.07430179 0.02520769
v -0.00048999 0.08951657 0.02766079
v -0.00046643 0.08769781 0.02801075
v -0.00041852 0.08594435 0.02835741
v -0.00040068 0.08546501 0.02845422
v -0.00032360 0.08385022 0.02878892
v -0.00022487 0.08235747 0.02911415
v -0.00010537 0.08100282 0.02942929
v 0.00003447 0.07980055 0.02973445
v 0.00012122 0.07920237 0.02990027
v 0.00028298 0.07831565 0.03017472
v 0.00045966 0.07761696 0.03043525
v 0.00065116 0.07711182 0.03068266
v 0.00085793 0.07680625 0.03091778
v 0.00100633 0.07671659 0.03106964
v 0.00111675 0.07671154 0.03117470
v 0.00134762 0.07685079 0.03137501
v 0.00159155 0.07718855 0.03156174
v 0.00184911 0.07772348 0.03173478
v 0.00212058 0.07845271 0.03189352
v 0.00233640 0.07913422 0.03200407
v 0.00263388 0.08019697 0.03213572
v 0.00294147 0.08142039 0.03224845
v 0.00325884 0.08279029 0.03234160
v 0.00358524 0.08429102 0.03241422
v 0.00372979 0.08498055 0.03243916
v 0.00407513 0.08667970 0.03248128
v 0.00442350 0.08845579 0.03249929
v 0.00450742 0.08889150 0.03250000
v -0.00025545 0.19453986 0.02750000
v -0.00049258 0.19301833 0.02750000
v 0.00025020 0.19437833 0.02974199
v 0.00003825 0.19301833 0.02974199
v 0.00038265 0.19433601 0.03000000
v 0.00017728 0.19301833 0.03000000
v 0.00173399 0.19390433 0.03156486
v 0.00159591 0.19301833 0.03156486
v 0.00212598 0.19377910 0.03183013
v 0.00450742 0.19301833 0.03250000
v 0.00381190 0.19324052 0.03244640
v 0.00377727 0.19301833 0.03244640
v 0.00200741 0.19301833 0.03183013
v 0.00301597 0.15028800 0.03227238
v 0.00377726 0.15059479 0.03244640
v 0.00450742 0.15068500 0.03250000
v 0.00159591 0.10162840 0.03156486
v 0.00150742 0.10235129 0.03150000
v 0.00109346 0.07715018 0.03115307
v 0.00076052 0.07819546 0.03081071
v 0.00150742 0.14768462 0.03150000
v 0.00159590 0.14840825 0.03156486
v 0.00211723 0.14949800 0.03189170
v 0.00268267 0.14530376 0.03215514
v 0.00211723 0.10416467 0.03189170
v 0.00301597 0.10495466 0.03227238
v 0.00377727 0.14477521 0.03244640
v 0.00159591 0.10307492 0.03156486
v 0.00159591 0.14696173 0.03156486
v 0.00189845 0.14620402 0.03176536
v 0.00377727 0.10526145 0.03244640
v 0.00450742 0.10535166 0.03250000
v 0.00450742 0.14468500 0.03250000
v 0.00268267 0.09997042 0.03215514
v 0.00189845 0.10087069 0.03176536
v 0.00377727 0.09944187 0.03244640
v 0.00450742 0.09935167 0.03250000
v -0.00049258 0.19301833 0.02100000
v -0.00025545 0.19453986 0.02100000
v 0.00437061 0.20902094 0.02100000
v 0.00485565 0.21053922 0.02471778
v 0.00574916 0.21333621 0.02750000
v 0.05364911 0.36320770 0.02796300
v 0.05362760 0.36296192 0.02836725
v 0.05356644 0.36226267 0.02900000
v 0.00664199 0.21571371 0.02861974
v 0.00757158 0.21828413 0.02900000
v 0.07646339 0.38540179 0.03250000
v 0.07699002 0.38705030 0.03219096
v 0.07753928 0.38876966 0.03103553
v 0.07789090 0.38987029 0.02923059
v 0.08957230 0.37301832 0.03041151
v 0.09015636 0.37301832 0.02934047
v 0.09003610 0.37507173 0.02934047
v 0.09045382 0.37301832 0.02823015
v 0.08774941 0.37301832 0.03196917
v 0.08904297 0.37301832 0.03103553
v 0.08893029 0.37494218 0.03103553
v 0.07982121 0.38934052 0.02856034
v 0.07974847 0.38911286 0.02934082
v 0.08228230 0.38771302 0.02934047
v 0.07962929 0.38873973 0.03011826
v 0.07928758 0.38767010 0.03138714
v 0.08166565 0.38678598 0.03103553
v 0.07883330 0.38624805 0.03221475
v 0.07832155 0.38464609 0.03250000
v 0.08072683 0.38537467 0.03214894
v 0.08100209 0.38285881 0.03250000
v 0.08273455 0.38377169 0.03214894
v 0.08146621 0.38243809 0.03250000
v 0.08579767 0.38285667 0.03103553
v 0.08443529 0.38184816 0.03214894
v 0.08729419 0.38041845 0.03103553
v 0.08577839 0.37965986 0.03214894
v 0.08835098 0.37775165 0.03103553
v 0.08672684 0.37726644 0.03214894
v 0.08941780 0.37807035 0.02934047
v 0.08828983 0.38091674 0.02934047
v 0.08669256 0.38351914 0.02934047
v 0.08390269 0.38499993 0.03103553
v 0.08466996 0.38580668 0.02934047
v 0.08420236 0.37869459 0.03250000
v 0.08541884 0.37453085 0.03250000
v 0.08724678 0.37474498 0.03214894
v 0.08550742 0.37301832 0.03250000
v 0.09050743 0.35182422 0.02100000
v 0.09050743 0.35382423 0.02100000
v 0.09050743 0.35182422 0.02750000
v 0.09050743 0.35382423 0.02350000
v 0.09050743 0.35422617 0.02500000
v 0.09050741 0.35682425 0.02650000
v 0.09050742 0.35532424 0.02609808
v 0.08550742 0.35182422 0.03250000
v 0.08774941 0.35182425 0.03196917
v 0.09045382 0.35182422 0.02823015
v 0.08957229 0.35182422 0.03041151
v 0.08478365 0.06402472 0.02399464
v 0.08323455 0.05970072 0.02100000
v 0.08482410 0.06412473 0.02365831
v 0.08343332 0.06028136 0.02100000
v 0.08511293 0.06485087 0.02100000
v 0.08747416 0.07182424 0.02100000
v 0.08747416 0.07182423 0.02541624
v 0.08581524 0.06671210 0.02450477
v 0.08144533 0.05860941 0.02672543
v 0.08183063 0.05893524 0.02630004
v 0.08528758 0.06690366 0.02744777
v 0.08590741 0.07182423 0.02973439
v 0.08523501 0.07199629 0.03050254
v 0.08361403 0.06751116 0.03015825
v 0.08484121 0.07231693 0.03093188
v 0.08460408 0.07271305 0.03121224
v 0.08106621 0.06843604 0.03193864
v 0.08451085 0.07312637 0.03137797
v 0.08450741 0.07322423 0.03140409
v 0.08450742 0.07443761 0.03167398
v 0.08450741 0.07695793 0.03208731
v 0.08629509 0.07182423 0.02922084
v 0.08695460 0.07182424 0.02800970
v 0.08728004 0.07182424 0.02702373
v 0.08218940 0.05932783 0.02594809
v 0.08251473 0.05974440 0.02565558
v 0.08309735 0.06061583 0.02517751
v 0.08416119 0.06260128 0.02440526
v 0.08353207 0.06136470 0.02484917
v 0.08026967 0.05910224 0.02883364
v 0.08039320 0.05878583 0.02847115
v 0.08058360 0.05852711 0.02803116
v 0.08082222 0.05840867 0.02759100
v 0.08110997 0.05843548 0.02715457
v 0.08030066 0.06712288 0.03194895
v 0.08015711 0.06519040 0.03156484
v 0.08009870 0.06414904 0.03129702
v 0.08003836 0.06243895 0.03074046
v 0.08003595 0.06126920 0.03024805
v 0.08006573 0.06048509 0.02984264
v 0.08017669 0.05949667 0.02918381
v 0.08212132 0.07701827 0.03250000
v 0.08141591 0.07537522 0.03250000
v 0.08114344 0.07382397 0.03248772
v 0.08077419 0.07139819 0.03240264
v 0.08050249 0.06919368 0.03222706
v 0.06597417 0.05787976 0.03597901
v 0.06086571 0.05209189 0.03877364
v 0.06163782 0.05176100 0.03863836
v 0.07893783 0.04783517 0.02100000
v 0.08052689 0.05393943 0.02318007
v 0.08016758 0.05365052 0.02381350
v 0.07102663 0.06360419 0.03405571
v 0.07122368 0.06272989 0.03414086
v 0.07856036 0.04766703 0.02181530
v 0.07777467 0.04425696 0.02100000
v 0.07802141 0.04752715 0.02294877
v 0.07735115 0.04741082 0.02424825
v 0.07665780 0.04734854 0.02549011
v 0.07593659 0.04733852 0.02669087
v 0.07519194 0.04737978 0.02784683
v 0.07442699 0.04747002 0.02895504
v 0.07377748 0.04757987 0.02983775
v 0.07312905 0.04771593 0.03066855
v 0.07183323 0.04805241 0.03218581
v 0.07096744 0.04831455 0.03309857
v 0.06981233 0.04869714 0.03419730
v 0.06829466 0.04923644 0.03544614
v 0.06743556 0.04955211 0.03606079
v 0.06593959 0.05011030 0.03698167
v 0.06446027 0.05066657 0.03771499
v 0.06302668 0.05121136 0.03826313
v 0.07167190 0.06133451 0.03415743
v 0.07222133 0.06002557 0.03401215
v 0.07285131 0.05875525 0.03369810
v 0.07353558 0.05753380 0.03321089
v 0.07394584 0.05686187 0.03285258
v 0.07469776 0.05573913 0.03207625
v 0.07529402 0.05495850 0.03136038
v 0.07575649 0.05442999 0.03075214
v 0.07647926 0.05375817 0.02972680
v 0.07685764 0.05348841 0.02916205
v 0.07724994 0.05327133 0.02856178
v 0.07773136 0.05309339 0.02780989
v 0.07822268 0.05301190 0.02702968
v 0.07872221 0.05303079 0.02622537
v 0.07922640 0.05315168 0.02540138
v 0.07973787 0.05337799 0.02454871
v 0.08111104 0.05454252 0.02209659
v 0.08150314 0.05505895 0.02131383
v 0.08186827 0.05586888 0.02100000
v 0.08196727 0.05613767 0.02100000
v 0.07949735 0.04943500 0.02100000
v 0.08014131 0.05121549 0.02100000
v 0.08083748 0.05309703 0.02100000
v 0.01786467 0.05282802 0.04228461
v 0.05785811 0.04992395 0.04039587
v 0.05602000 0.05053652 0.04069719
v 0.05399533 0.05109534 0.04100927
v 0.05178338 0.05159738 0.04132516
v 0.05033171 0.05187662 0.04151761
v 0.04765844 0.05230529 0.04183989
v 0.04480498 0.05266159 0.04213615
v 0.04177989 0.05294616 0.04239428
v 0.03859744 0.05315914 0.04260172
v 0.03527818 0.05329999 0.04274636
v 0.03192287 0.05336658 0.04281696
v 0.02828877 0.05335729 0.04280702
v 0.02470152 0.05326437 0.04270919
v 0.02121649 0.05308830 0.04253128
v 0.06604099 0.07132258 0.03346080
v 0.07027743 0.08071481 0.03252792
v 0.06254322 0.07297722 0.03349707
v 0.06923058 0.08315048 0.03250146
v 0.07980864 0.07674126 0.03250000
v 0.07946750 0.07701833 0.03250000
v 0.07226925 0.06753027 0.03339048
v 0.07701306 0.07702583 0.03251410
v 0.06928545 0.06950290 0.03342500
v 0.07439925 0.07747243 0.03254449
v 0.07206663 0.07874915 0.03255193
v 0.01173795 0.07714022 0.03360753
v 0.00849632 0.09000373 0.03250000
v 0.01676344 0.07804662 0.03363599
v 0.01440385 0.09127162 0.03250000
v 0.02194090 0.07866641 0.03365654
v 0.02047652 0.09214099 0.03250000
v 0.02723846 0.07899588 0.03366784
v 0.02668098 0.09260398 0.03250000
v 0.03259265 0.07902891 0.03366899
v 0.03294817 0.09265044 0.03250000
v 0.03754283 0.07879251 0.03366083
v 0.03874438 0.09231813 0.03250000
v 0.04246269 0.07829529 0.03364412
v 0.04451170 0.09162018 0.03250000
v 0.04721587 0.07755025 0.03362018
v 0.05009393 0.09057680 0.03250000
v 0.05177967 0.07656619 0.03359041
v 0.05546667 0.08920275 0.03250000
v 0.05613626 0.07535012 0.03355628
v 0.06060988 0.08751053 0.03250000
v 0.06027223 0.07390709 0.03351920
v 0.06550758 0.08550984 0.03250000
v 0.06820358 0.08422435 0.03250000
v 0.06910677 0.08376142 0.03250000
v 0.01488982 0.06463289 0.03689945
v 0.01905603 0.06519721 0.03701171
v 0.02336294 0.06558143 0.03709272
v 0.02777966 0.06578508 0.03713728
v 0.03224752 0.06580548 0.03714181
v 0.03637614 0.06565942 0.03710965
v 0.04047230 0.06535153 0.03704378
v 0.04441841 0.06488851 0.03694935
v 0.04819318 0.06427411 0.03683192
v 0.05178078 0.06351083 0.03669722
v 0.05517027 0.06259999 0.03655081
v 0.05702397 0.06201044 0.03646344
v 0.05986806 0.06095691 0.03632012
v 0.06249381 0.05979250 0.03617863
v 0.06489771 0.05852434 0.03604212
v 0.08050741 0.32682422 0.03250000
v 0.08450741 0.32682425 0.03250000
v 0.08450741 0.35182422 0.03250000
v 0.07800742 0.31749409 0.03250000
v 0.07617730 0.31932425 0.03250000
v 0.08050743 0.31682426 0.03250000
v 0.00580907 0.15038790 0.03250000
v 0.06930666 0.08718588 0.03250000
v 0.07550741 0.32182422 0.03250000
v 0.07617729 0.32432422 0.03250000
v 0.07800741 0.32615435 0.03250000
v 0.06861888 0.36011475 0.03250000
v 0.06819495 0.36025017 0.03250000
v 0.06787176 0.36055613 0.03250000
v 0.06771333 0.36097202 0.03250000
v 0.06775101 0.36141545 0.03250000
v 0.08450743 0.31682426 0.03250000
v 0.00685291 0.14955546 0.03250000
v 0.08450742 0.09301833 0.03250000
v 0.00743220 0.14835256 0.03250000
v 0.00743220 0.14701743 0.03250000
v 0.00580907 0.09964875 0.03250000
v 0.00685291 0.10048119 0.03250000
v 0.06905960 0.36017665 0.03250000
v 0.06942979 0.36042365 0.03250000
v 0.00580907 0.10505456 0.03250000
v 0.00685291 0.10422213 0.03250000
v 0.07365689 0.09228290 0.03250000
v 0.00743220 0.10301923 0.03250000
v 0.00743220 0.10168410 0.03250000
v 0.06965617 0.36080685 0.03250000
v 0.00580907 0.14498208 0.03250000
v 0.00685291 0.14581452 0.03250000
v 0.07700742 0.09301833 0.03250000
v 0.07092238 0.09021182 0.03250000
v 0.08550742 0.35152423 0.03250000
v 0.08450743 0.35152423 0.03250000
v 0.08550742 0.09339482 0.03250000
v 0.08450742 0.08456548 0.03250000
v 0.08515863 0.08821534 0.03250000
v 0.08515839 0.08821352 -0.03250000
v 0.08450742 0.08456539 -0.03250000
v 0.08550742 0.09339482 -0.03250000
v 0.08450743 0.35152423 -0.03250000
v 0.08550742 0.35152423 -0.03250000
v 0.08904295 0.09339482 -0.03103553
v 0.08787615 0.09339483 -0.03190331
v 0.08787615 0.35152423 -0.03190331
v 0.08964910 0.09339483 -0.03030116
v 0.08964910 0.35152423 -0.03030116
v 0.09015636 0.09339482 -0.02934047
v 0.09046979 0.35152423 -0.02811227
v 0.09046979 0.09339483 -0.02811227
v 0.09050742 0.35152423 -0.02750000
v 0.09050742 0.09339483 -0.02750000
v 0.08450742 0.07352424 -0.03147563
v 0.08450741 0.07695793 -0.03208731
v 0.08485090 0.07770449 -0.03205786
v 0.08450742 0.07751833 -0.03215581
v 0.08450742 0.07907168 -0.03230747
v 0.08620626 0.08282946 -0.03210557
v 0.08460953 0.07299935 -0.03128481
v 0.08451181 0.07341349 -0.03144706
v 0.08485127 0.07260524 -0.03101162
v 0.08693752 0.07725304 -0.03065559
v 0.08524986 0.07228827 -0.03059350
v 0.08708126 0.07212424 -0.02795179
v 0.08609867 0.07212424 -0.02964058
v 0.08590742 0.07212424 -0.02987115
v 0.08541761 0.07221272 -0.03041525
v 0.08874027 0.07686301 -0.02620277
v 0.08755959 0.07212426 -0.02546657
v 0.08830812 0.07695651 -0.02852075
v 0.08727998 0.07212424 -0.02738281
v 0.09031034 0.08784700 -0.02733528
v 0.08994862 0.08787274 -0.02923639
v 0.08880137 0.08795436 -0.03098729
v 0.08932994 0.08238294 -0.02895014
v 0.08972040 0.08232713 -0.02688230
v 0.08705480 0.08807861 -0.03213738
v 0.08809157 0.08255997 -0.03085461
v 0.08972095 0.08233101 0.02688270
v 0.09031048 0.08784896 0.02733540
v 0.09050742 0.09339483 0.02750000
v 0.08755958 0.07212421 0.02546656
v 0.08874151 0.07686877 0.02620359
v 0.09050743 0.32282424 -0.00519615
v 0.09050742 0.32062808 -0.00300000
v 0.09050740 0.31982425 0.00000000
v 0.09050742 0.32582423 -0.00600000
v 0.09050742 0.35152423 -0.00600000
v 0.09050742 0.32062808 0.00300000
v 0.09050743 0.32282424 0.00519615
v 0.09050742 0.35152423 0.02750000
v 0.09050742 0.32582423 0.00600000
v 0.09050742 0.35152423 0.00600000
v 0.09016944 0.09339482 0.02930706
v 0.09046979 0.09339483 0.02811227
v 0.09046979 0.35152423 0.02811227
v 0.08964910 0.09339483 0.03030116
v 0.08964910 0.35152423 0.03030116
v 0.08906056 0.09339482 0.03101783
v 0.08787615 0.35152423 0.03190331
v 0.08787615 0.09339483 0.03190331
v 0.08881969 0.08795498 0.03096904
v 0.08996225 0.08787373 0.02920194
v 0.08637089 0.07212424 0.02927318
v 0.08706370 0.07212424 0.02799515
v 0.08832553 0.07695874 0.02847918
v 0.08724394 0.07212424 0.02749937
v 0.08934508 0.08238472 0.02891286
v 0.08512313 0.07236454 0.03072649
v 0.08543915 0.07220487 0.03039211
v 0.08696064 0.07725392 0.03063353
v 0.08567542 0.07214359 0.03013390
v 0.08590742 0.07212424 0.02987115
v 0.08450741 0.07439236 0.03166482
v 0.08450742 0.07352424 0.03147563
v 0.08457737 0.07308726 0.03132756
v 0.08476101 0.07272065 0.03110887
v 0.08486628 0.07770687 0.03205235
v 0.08621942 0.08283136 0.03210063
v 0.08450742 0.07751833 0.03215581
v 0.08450742 0.08300523 0.03248791
v 0.08706647 0.08807967 0.03213282
v 0.08811182 0.08256095 0.03083484
v 0.06852704 0.36384463 -0.03450000
v 0.06852704 0.36384463 -0.03250000
v 0.06457399 0.36693057 -0.03250000
v 0.06457399 0.36693057 -0.03450000
v 0.06261617 0.37154755 -0.03250000
v 0.06261617 0.37154755 -0.03450000
v 0.06298169 0.37606138 -0.03250000
v 0.06314597 0.37653446 -0.03450000
v 0.06314597 0.37653446 -0.03250000
v 0.06603012 0.38063705 -0.03250000
v 0.06603012 0.38063705 -0.03450000
v 0.07054334 0.38282356 -0.03250000
v 0.07054334 0.38282356 -0.03450000
v 0.07555050 0.38254407 -0.03250000
v 0.07555050 0.38254407 -0.03450000
v 0.07739414 0.38174298 -0.03450000
v 0.07739414 0.38174298 -0.03250000
v 0.08083411 0.37855601 -0.03250000
v 0.08083411 0.37855601 -0.03450000
v 0.08244302 0.37415129 -0.03250000
v 0.08244302 0.37415129 -0.03450000
v 0.08186707 0.36949742 -0.03250000
v 0.08186707 0.36949742 -0.03450000
v 0.07923289 0.36561778 -0.03250000
v 0.07923289 0.36561778 -0.03450000
v 0.07511977 0.36336559 -0.03250000
v 0.07511977 0.36336559 -0.03450000
v 0.07043219 0.36323601 -0.03250000
v 0.07043219 0.36323601 -0.03450000
v 0.09050743 0.35382423 -0.00600000
v 0.09050743 0.35182422 -0.00600000
v 0.09050743 0.35382423 -0.02350000
v 0.09050743 0.35182422 -0.02750000
v 0.09050743 0.35422617 -0.02500000
v 0.09050742 0.35532424 -0.02609808
v 0.09050741 0.35682425 -0.02650000
v 0.09050743 0.37301832 -0.02750000
v 0.09050743 0.37301832 -0.02650000
v 0.09041085 0.37488034 -0.02750000
v 0.08932650 0.37943071 -0.02650000
v 0.08932650 0.37943071 -0.02750000
v 0.08867238 0.38093626 -0.02750000
v 0.08522765 0.38575393 -0.02650000
v 0.08522765 0.38575393 -0.02750000
v 0.07985614 0.38944989 -0.02650000
v 0.08250940 0.38798362 -0.02750000
v 0.07985611 0.38944972 -0.02750000
v 0.07226949 0.39199051 -0.02650000
v 0.07798492 0.39016467 -0.02650000
v 0.07226949 0.39199051 -0.02750000
v 0.07798492 0.39016467 -0.02750000
v 0.07105073 0.39211714 -0.02906196
v 0.07073202 0.39206707 -0.02944767
v 0.07071832 0.39206409 -0.02650000
v 0.06933817 0.39135227 -0.02650000
v 0.06977027 0.39167911 -0.03057475
v 0.06937755 0.39138743 -0.03102554
v 0.06849883 0.39004570 -0.02650000
v 0.06895663 0.39093286 -0.03151165
v 0.06849883 0.39004570 -0.03208258
v 0.07226122 0.39199311 -0.02751118
v 0.06652085 0.38385397 -0.03250000
v 0.06652085 0.38385397 -0.02650000
v 0.06789023 0.38814056 -0.03250000
v 0.06841685 0.38978904 -0.03219096
v 0.06618720 0.38314542 -0.02650000
v 0.06618720 0.38314542 -0.03250000
v 0.06568152 0.38254741 -0.02650000
v 0.06568152 0.38254741 -0.03250000
v 0.05674605 0.37297270 -0.02750000
v 0.05674605 0.37297270 -0.02650000
v 0.05675033 0.37298605 -0.02751109
v 0.05763580 0.37486210 -0.02650000
v 0.05716858 0.37402940 -0.02839606
v 0.05744532 0.37455013 -0.02885136
v 0.05813847 0.37555921 -0.02975882
v 0.05898423 0.37645686 -0.02650000
v 0.05898423 0.37645686 -0.03059342
v 0.06479657 0.38174263 -0.03250000
v 0.06052200 0.37785530 -0.03158095
v 0.06375212 0.38079280 -0.03244992
v 0.05365760 0.36330491 -0.02750000
v 0.05365760 0.36330491 -0.02650000
v 0.07646339 0.38540179 -0.03250000
v 0.07699002 0.38705030 -0.03219096
v 0.07789090 0.38987029 -0.02923059
v 0.07753928 0.38876966 -0.03103553
v 0.08169562 0.38676602 -0.03103553
v 0.07952424 0.38841090 -0.03060779
v 0.07977061 0.38918209 -0.02914674
v 0.07867096 0.38573983 -0.03236916
v 0.07888703 0.38641626 -0.03214927
v 0.08075373 0.38535675 -0.03214894
v 0.07914420 0.38722125 -0.03172273
v 0.09045733 0.37301832 -0.02820588
v 0.09006134 0.37484396 -0.02934047
v 0.08947116 0.37788802 -0.02934047
v 0.08835675 0.38078159 -0.02934047
v 0.08840098 0.37758082 -0.03103553
v 0.08677174 0.37711310 -0.03214894
v 0.08735687 0.38029182 -0.03103553
v 0.08583465 0.37954623 -0.03214894
v 0.08586086 0.38277075 -0.03103553
v 0.08449200 0.38177103 -0.03214894
v 0.08395477 0.38495016 -0.03103553
v 0.07832155 0.38464609 -0.03250000
v 0.08278129 0.38372704 -0.03214894
v 0.08675998 0.38342741 -0.02934047
v 0.08472554 0.38575357 -0.02934047
v 0.08231428 0.38769171 -0.02934047
v 0.08550742 0.37301832 -0.03250000
v 0.08543742 0.37436306 -0.03250000
v 0.08777571 0.37301832 -0.03195588
v 0.08726798 0.37455344 -0.03214894
v 0.08904297 0.37301832 -0.03103553
v 0.08895393 0.37472877 -0.03103553
v 0.08958838 0.37301832 -0.03038891
v 0.09015636 0.37301832 -0.02934047
v 0.08416963 0.37876150 -0.03250000
v 0.08150714 0.38239896 -0.03250000
v 0.08116996 0.38271129 -0.03250000
v 0.09045735 0.35182422 -0.02820588
v 0.08550742 0.35182422 -0.03250000
v 0.08777571 0.35182422 -0.03195588
v 0.08958837 0.35182425 -0.03038891
v 0.01650742 0.04671005 -0.04557411
v 0.01650742 0.03701833 -0.04557411
v 0.01637434 0.04835786 -0.04455094
v 0.01619444 0.03701833 -0.04402303
v 0.01632263 0.04864480 -0.04437237
v 0.01530448 0.03701833 -0.04271467
v 0.01552884 0.05090612 -0.04295285
v 0.01470392 0.05198329 -0.04223115
v 0.01397681 0.03701833 -0.04185378
v 0.01397681 0.05244066 -0.04185378
v 0.01650742 0.03701833 -0.04672259
v 0.01650742 0.04490202 -0.04672259
v 0.01881992 0.04054466 -0.04964275
v 0.01881992 0.03701833 -0.04964275
v 0.01862662 0.04074249 -0.04959037
v 0.01767894 0.03701833 -0.04910096
v 0.01788737 0.04153298 -0.04924755
v 0.01747369 0.04200707 -0.04892802
v 0.01724632 0.04228267 -0.04869425
v 0.01677331 0.03701833 -0.04795736
v 0.01681517 0.04304610 -0.04804614
v 0.01800926 0.04228871 -0.04888114
v 0.01790190 0.04155414 -0.04924363
v 0.01878526 0.04229568 -0.04905733
v 0.01868082 0.04155328 -0.04943153
v 0.01867229 0.04146601 -0.04945986
v 0.05083420 0.04216405 -0.04642347
v 0.05206963 0.04212595 -0.04591710
v 0.05218677 0.04151717 -0.04608675
v 0.02923021 0.04233257 -0.05031634
v 0.02943257 0.04233268 -0.05032071
v 0.02942055 0.04144651 -0.05081650
v 0.02313939 0.04231982 -0.04983093
v 0.02306131 0.04145407 -0.05029060
v 0.02393959 0.04232268 -0.04993403
v 0.02671109 0.04232965 -0.05019885
v 0.02302680 0.04048411 -0.05044839
v 0.03587057 0.04046477 -0.05071722
v 0.03231199 0.04044707 -0.05096806
v 0.02941528 0.04044566 -0.05098831
v 0.04004601 0.04145906 -0.04994331
v 0.03584526 0.04145031 -0.05055246
v 0.03994970 0.04231033 -0.04950751
v 0.03578775 0.04232644 -0.05007480
v 0.04049905 0.04230725 -0.04940818
v 0.04171031 0.04229947 -0.04916868
v 0.04622823 0.04148149 -0.04838946
v 0.04008885 0.04051040 -0.05009188
v 0.04628855 0.04063876 -0.04849697
v 0.04632560 0.04063981 -0.04848490
v 0.04395524 0.04228080 -0.04864943
v 0.04609795 0.04225630 -0.04806068
v 0.04783547 0.04222993 -0.04751477
v 0.04949116 0.04219744 -0.04693600
v 0.05224801 0.04087910 -0.04613401
v 0.05782065 0.04184054 -0.04298704
v 0.06395271 0.04151833 -0.03850211
v 0.06391829 0.04151663 -0.03853198
v 0.06391818 0.04152004 -0.03853207
v 0.06176682 0.04140747 -0.04029702
v 0.06175398 0.04163107 -0.04029640
v 0.05788493 0.04119850 -0.04302873
v 0.05910730 0.04126563 -0.04222614
v 0.06806758 0.04170435 -0.03453416
v 0.06966200 0.04126776 -0.03267902
v 0.06700557 0.04165941 -0.03564054
v 0.06617745 0.04141317 -0.03645064
v 0.06618721 0.04162310 -0.03645138
v 0.06504823 0.04146565 -0.03752242
v 0.06505203 0.04157075 -0.03752143
v 0.06398333 0.04151684 -0.03847549
v 0.06398341 0.04151981 -0.03847542
v 0.07137923 0.04120978 -0.03050402
v 0.07318345 0.04186743 -0.02807601
v 0.07471377 0.04114146 -0.02543224
v 0.07412753 0.04188316 -0.02660072
v 0.07479761 0.04189041 -0.02547700
v 0.06912056 0.04174599 -0.03337051
v 0.06996115 0.04177675 -0.03238843
v 0.06991914 0.04125836 -0.03236844
v 0.07143650 0.04182434 -0.03053369
v 0.07220711 0.04184535 -0.02948855
v 0.07503477 0.04189210 -0.02506200
v 0.07588565 0.04189393 -0.02348841
v 0.07697310 0.04114860 -0.02102240
v 0.07716761 0.04115218 -0.02058704
v 0.07805263 0.04185934 -0.01866968
v 0.07913826 0.04122835 -0.01536363
v 0.07864770 0.04183580 -0.01704439
v 0.07918879 0.04180646 -0.01539042
v 0.07667139 0.04188883 -0.02189752
v 0.07705439 0.04188358 -0.02106450
v 0.07739316 0.04187719 -0.02029108
v 0.07963751 0.04177455 -0.01384759
v 0.08004247 0.04173772 -0.01227119
v 0.08062556 0.04137430 -0.00944311
v 0.08062099 0.04166482 -0.00954438
v 0.08063774 0.04166220 -0.00945329
v 0.08097646 0.04142740 0.00733999
v 0.08087613 0.04162590 0.00804835
v 0.08062554 0.04137430 0.00944320
v 0.08066236 0.04165842 0.00931775
v 0.08063772 0.04166220 0.00945342
v 0.08131764 0.04147734 0.00439561
v 0.08121794 0.04157479 0.00544582
v 0.08106215 0.04159794 0.00675622
v 0.08141009 0.04154662 0.00315780
v 0.08134187 0.04155657 0.00411783
v 0.08131869 0.04155997 0.00439667
v 0.08147578 0.04153708 0.00180264
v 0.08149435 0.04150259 0.00115441
v 0.08149452 0.04153438 0.00115451
v 0.08147328 0.04149960 -0.00186556
v 0.08147351 0.04153741 -0.00186575
v 0.08126803 0.04147018 -0.00493558
v 0.08134776 0.04155571 -0.00404401
v 0.08143680 0.04154273 -0.00269044
v 0.08145887 0.04153953 -0.00223132
v 0.08103957 0.04143676 -0.00689216
v 0.08122553 0.04157368 -0.00537391
v 0.08126947 0.04156720 -0.00493701
v 0.08066668 0.04165777 -0.00929382
v 0.08088047 0.04162524 -0.00802059
v 0.08107125 0.04159658 -0.00668663
v 0.07938506 0.04179348 0.01473779
v 0.07918999 0.04180638 0.01538653
v 0.07913949 0.04122843 0.01535975
v 0.08061071 0.04166641 0.00959993
v 0.08056171 0.04167382 0.00985999
v 0.08013038 0.04172844 0.01189915
v 0.07991552 0.04175025 0.01278811
v 0.07878789 0.04182901 0.01663405
v 0.07841095 0.04184613 0.01771226
v 0.07775608 0.04186833 0.01941938
v 0.08097649 0.03701833 0.00733979
v 0.08103959 0.03701833 -0.00689199
v 0.07716759 0.03701833 -0.02058707
v 0.06966204 0.03701833 -0.03267898
v 0.05910740 0.03701833 -0.04222607
v 0.04632559 0.03701833 -0.04848490
v 0.03231197 0.03701833 -0.05096807
v -0.01609444 0.04065783 0.02071875
v -0.01609444 0.03701833 0.02071875
v -0.01609117 0.04066576 0.02072609
v -0.01678031 0.04147578 0.01877029
v -0.01688929 0.04062517 0.01882955
v -0.01645138 0.04225656 0.01862496
v -0.01654460 0.04225896 0.01837599
v -0.01735799 0.04228147 0.01600043
v -0.01805323 0.04230358 0.01356735
v -0.01874197 0.04146068 0.01264008
v -0.01822106 0.04230945 0.01289724
v -0.01831297 0.04231277 0.01251214
v -0.01888678 0.04051080 0.01269698
v -0.01870094 0.04232407 -0.01073306
v -0.01831297 0.04231277 -0.01251214
v -0.01874197 0.04146068 -0.01264008
v -0.01874583 0.04232530 0.01050702
v -0.01920677 0.04145383 0.01062010
v -0.01960374 0.04234603 0.00424391
v -0.02012790 0.04144027 0.00429399
v -0.01976967 0.04234948 0.00004952
v -0.02030604 0.04143765 0.00005011
v -0.01940946 0.04234178 -0.00624809
v -0.01991931 0.04144334 -0.00632037
v -0.01999751 0.04043017 -0.00708891
v -0.02009548 0.04042338 -0.00635188
v -0.02049256 0.04039633 0.00005037
v -0.02030965 0.04040870 0.00431576
v -0.01999750 0.04043017 0.00708894
v -0.01936394 0.04047530 0.01066996
v -0.01888678 0.04051080 -0.01269698
v -0.01511112 0.04222555 -0.02182581
v -0.01503898 0.04222405 -0.02198153
v -0.01565984 0.04146250 -0.02141813
v -0.01609444 0.04065783 -0.02071875
v -0.01783398 0.04057847 -0.01625143
v -0.01609117 0.04066576 -0.02072609
v -0.01771077 0.04147002 -0.01619244
v -0.01825359 0.04231062 -0.01276249
v -0.01734165 0.04228099 -0.01605238
v -0.01692039 0.04226898 -0.01732763
v -0.01606471 0.04224698 -0.01961626
v -0.01999751 0.03701833 -0.00708886
v -0.01609444 0.03701833 -0.02071875
v -0.01999751 0.03701833 0.00708886
v -0.01447747 0.03701833 -0.02228135
v -0.01543790 0.03701833 -0.02165728
v -0.01441189 0.04294861 -0.02230697
v -0.01335315 0.03701833 -0.02250000
v -0.01355788 0.04416624 -0.02249301
v -0.01335316 0.04449564 -0.02250000
v -0.01070848 0.03701833 -0.02250000
v -0.01070848 0.04921697 -0.02250000
v -0.00773343 0.05442120 -0.02382622
v -0.00734391 0.05482951 -0.02433673
v -0.00734391 0.03701833 -0.02433673
v -0.00879185 0.03701833 -0.02298908
v -0.00930380 0.05186726 -0.02275475
v -0.00881750 0.05273301 -0.02297520
v -0.00828409 0.05362359 -0.02331843
v 0.01009317 0.05402105 -0.04010310
v 0.01049166 0.05384608 -0.04030346
v 0.00569974 0.03701833 -0.03754437
v 0.00680760 0.05556609 -0.03825334
v 0.00761022 0.05517397 -0.03873910
v 0.00837426 0.05480846 -0.03918065
v 0.01270614 0.05292749 -0.04132934
v 0.01245131 0.05302859 -0.04121865
v 0.00168774 0.05790126 -0.03456047
v 0.00270959 0.05752416 -0.03538758
v -0.00151052 0.03701833 -0.03162044
v -0.00168747 0.05811084 -0.03144025
v -0.00085611 0.05824585 -0.03226963
v -0.00059204 0.05826147 -0.03252420
v -0.00015710 0.05825883 -0.03293459
v 0.00032896 0.05821575 -0.03338054
v 0.00105912 0.05807867 -0.03402643
v 0.00385470 0.05701637 -0.03625786
v 0.00404428 0.05692688 -0.03639646
v 0.00537199 0.05627849 -0.03732573
v -0.00708054 0.05502918 -0.02474158
v -0.00605830 0.05578311 -0.02622877
v -0.00527603 0.05632962 -0.02728634
v -0.00496278 0.05653852 -0.02769233
v -0.00263968 0.05780400 -0.03043468
v -0.00178905 0.05808557 -0.03133589
v -0.00513827 0.06471903 -0.01950076
v -0.00166256 0.07735192 -0.02344102
v -0.00168004 0.07722214 -0.02351196
v -0.00991811 0.05191844 -0.02107924
v -0.00491341 0.06187106 -0.02428726
v -0.00463079 0.06123911 -0.02545607
v -0.00425908 0.06065970 -0.02660183
v -0.00391260 0.06025591 -0.02746530
v -0.00340872 0.05981306 -0.02851318
v -0.00283526 0.05945087 -0.02951039
v -0.00219630 0.05917421 -0.03045471
v -0.00149455 0.05898663 -0.03134525
v -0.00073159 0.05889085 -0.03218144
v -0.00048162 0.05888011 -0.03243060
v -0.00006239 0.05888221 -0.03282446
v 0.00081231 0.05895833 -0.03356030
v 0.00173570 0.05912776 -0.03422873
v 0.00270872 0.05938760 -0.03483034
v 0.00373256 0.05973495 -0.03536401
v 0.00396865 0.05982431 -0.03547384
v 0.00508454 0.06028704 -0.03593087
v 0.00623011 0.06082127 -0.03630042
v 0.00740480 0.06141914 -0.03658213
v 0.00860344 0.06207098 -0.03677369
v 0.00886766 0.06221944 -0.03680329
v 0.01009287 0.06292679 -0.03688209
v 0.01131149 0.06365602 -0.03686606
v 0.01446337 0.05239656 -0.04197494
v 0.01488476 0.05246938 -0.04201816
v 0.01562858 0.05259754 -0.04207934
v -0.01080319 0.05280603 -0.01597635
v -0.01059543 0.05249962 -0.01777794
v -0.01032201 0.05222457 -0.01935044
v 0.01209329 0.06413498 -0.03680608
v 0.01159540 0.06382891 -0.03684884
v 0.00835244 0.07634323 -0.03358386
v -0.01081805 0.05283627 -0.01579447
v -0.00515046 0.06464432 -0.01962120
v -0.00522184 0.06390104 -0.02082870
v -0.00520798 0.06325183 -0.02190228
v -0.00510607 0.06254528 -0.02310078
v -0.00181930 0.07594392 -0.02422974
v -0.00188833 0.07484487 -0.02487667
v -0.00190423 0.07366463 -0.02560680
v -0.00185524 0.07255191 -0.02633623
v -0.00174183 0.07151950 -0.02705980
v -0.00156465 0.07058100 -0.02777258
v -0.00138518 0.06993110 -0.02831127
v -0.00111010 0.06922200 -0.02896584
v -0.00078433 0.06864470 -0.02958863
v -0.00041113 0.06820527 -0.03017722
v 0.00000705 0.06790806 -0.03073012
v 0.00046849 0.06775650 -0.03124612
v 0.00062082 0.06773952 -0.03139905
v 0.00087732 0.06774284 -0.03163982
v 0.00141576 0.06786325 -0.03208560
v 0.00198753 0.06813161 -0.03248423
v 0.00259229 0.06854410 -0.03283535
v 0.00322982 0.06909730 -0.03313752
v 0.00337687 0.06923998 -0.03319817
v 0.00407157 0.06998111 -0.03344224
v 0.00478318 0.07084198 -0.03362399
v 0.00550991 0.07181264 -0.03374272
v 0.00624696 0.07288057 -0.03379672
v 0.00640867 0.07312533 -0.03379975
v 0.00715424 0.07430000 -0.03377261
v 0.00788742 0.07552734 -0.03367897
v 0.00805682 0.07582104 -0.03364763
v 0.00450742 0.08889150 -0.03250000
v 0.00436111 0.08813366 -0.03249786
v 0.00427825 0.08770854 -0.03249475
v 0.00392684 0.08594179 -0.03246618
v 0.00357962 0.08426446 -0.03241316
v 0.00350543 0.08391652 -0.03239857
v 0.00317162 0.08240420 -0.03231826
v 0.00284816 0.08103739 -0.03221666
v 0.00253543 0.07983090 -0.03209470
v 0.00223264 0.07879627 -0.03195257
v 0.00216873 0.07859750 -0.03191934
v 0.00189193 0.07782800 -0.03176136
v 0.00162888 0.07725547 -0.03158827
v 0.00137859 0.07688351 -0.03140005
v 0.00114019 0.07671676 -0.03119619
v 0.00102523 0.07671215 -0.03108809
v 0.00095640 0.07673568 -0.03101999
v 0.00074464 0.07694558 -0.03079265
v 0.00054686 0.07735763 -0.03055189
v 0.00036311 0.07796782 -0.03029727
v 0.00019380 0.07877122 -0.03002837
v 0.00003979 0.07976100 -0.02974506
v -0.00007054 0.08067108 -0.02951054
v -0.00019571 0.08199068 -0.02919722
v -0.00029999 0.08345009 -0.02887435
v -0.00038272 0.08503297 -0.02854239
v -0.00044307 0.08672426 -0.02820189
v -0.00047722 0.08831178 -0.02789168
v -0.00049246 0.09017516 -0.02753592
v -0.00049258 0.09036546 -0.02750000
v -0.01126423 0.04930741 0.02100000
v -0.00890259 0.05416256 0.02100000
v -0.00893897 0.05418593 0.02085351
v -0.00513774 0.06472044 0.01950120
v -0.00946912 0.05513475 0.01678902
v -0.00944168 0.05503101 0.01724238
v -0.00471701 0.06540550 0.02100000
v -0.00927303 0.05464319 0.01891131
v -0.00770259 0.05697529 0.02100000
v -0.00805604 0.05611853 0.02100000
v -0.00877834 0.05444161 0.02100000
v -0.00899662 0.05425203 0.02057299
v -0.00948132 0.05519367 0.01652976
v -0.01081688 0.05283824 0.01579509
v -0.01104372 0.05307467 -0.01350297
v -0.00516974 0.06488332 0.01865634
v -0.01088711 0.05291321 0.01512058
v -0.01118970 0.05321843 0.01180737
v -0.01143009 0.05344190 0.00832101
v -0.01159309 0.05358463 0.00469032
v -0.01166415 0.05364476 0.00121918
v -0.01164579 0.05362934 -0.00260412
v -0.01152899 0.05352931 -0.00636751
v -0.01132368 0.05334494 -0.01001146
v -0.00170555 0.07869156 0.01742727
v -0.00172551 0.07769268 0.02100000
v -0.00071938 0.08592775 0.02100000
v -0.00168865 0.07818224 -0.01997267
v -0.00049258 0.09152819 -0.02341164
v -0.00172106 0.07914317 -0.01474763
v -0.00049258 0.09287954 -0.01726942
v -0.00174485 0.07980750 -0.00935178
v -0.00049258 0.09381691 -0.01094275
v -0.00175839 0.08017128 -0.00381810
v -0.00049258 0.09433136 -0.00446576
v -0.00176052 0.08022757 0.00178707
v -0.00049258 0.09441104 0.00209007
v -0.00175228 0.08000837 0.00688211
v -0.00049258 0.09410087 0.00805106
v -0.00173339 0.07949157 0.01223844
v -0.00049258 0.09337080 0.01432564
v -0.00049258 0.09224383 0.02041718
v -0.00524111 0.06523535 -0.01663652
v -0.00536877 0.06582866 -0.01230328
v -0.00546245 0.06623668 -0.00781062
v -0.00551576 0.06645931 -0.00319094
v -0.00552415 0.06649370 0.00149367
v -0.00549170 0.06635968 0.00574998
v -0.00541732 0.06604288 0.01021598
v -0.00530766 0.06555027 0.01452803
v -0.00025545 0.19453986 -0.02750000
v -0.00049258 0.19301833 -0.02750000
v 0.00469340 0.21003136 -0.02386424
v 0.00574916 0.21333621 -0.02750000
v 0.00430913 0.20882848 -0.01900000
v 0.00430913 0.20882848 0.01900000
v 0.00005154 0.19301833 -0.02976830
v 0.00026286 0.19437429 -0.02976830
v 0.00017728 0.19301833 -0.03000000
v 0.00038265 0.19433601 -0.03000000
v 0.00161850 0.19301833 -0.03158095
v 0.00175551 0.19389744 -0.03158095
v 0.00200741 0.19301833 -0.03183013
v 0.00212598 0.19377910 -0.03183013
v 0.00380154 0.19301833 -0.03244992
v 0.00383502 0.19323313 -0.03244992
v 0.00450742 0.19301833 -0.03250000
v 0.00093687 0.07761164 -0.03100017
v 0.05356644 0.36226267 -0.02900000
v 0.00757158 0.21828413 -0.02900000
v 0.00663659 0.21569997 -0.02861555
v 0.05362765 0.36296257 -0.02836644
v 0.05364906 0.36320731 -0.02796383
v 0.01027782 0.09043211 -0.03250000
v 0.06965617 0.36080685 -0.03250000
v 0.08450741 0.35182422 -0.03250000
v 0.06905960 0.36017665 -0.03250000
v 0.06942979 0.36042365 -0.03250000
v 0.06930666 0.08718588 -0.03250000
v 0.06910677 0.08376142 -0.03250000
v 0.06551265 0.08550755 -0.03250000
v 0.07617729 0.32432422 -0.03250000
v 0.07800741 0.32615435 -0.03250000
v 0.07550741 0.32182422 -0.03250000
v 0.06057226 0.08752436 -0.03250000
v 0.05530117 0.08925086 -0.03250000
v 0.05251852 0.09000373 -0.03250000
v 0.08050743 0.31682426 -0.03250000
v 0.08450743 0.31682426 -0.03250000
v 0.08450742 0.09301833 -0.03250000
v 0.07617730 0.31932425 -0.03250000
v 0.07800742 0.31749409 -0.03250000
v 0.07365689 0.09228290 -0.03250000
v 0.07700742 0.09301833 -0.03250000
v 0.04652672 0.09128661 -0.03250000
v 0.07092238 0.09021182 -0.03250000
v 0.06775101 0.36141545 -0.03250000
v 0.08450741 0.32682425 -0.03250000
v 0.06819495 0.36025017 -0.03250000
v 0.06861888 0.36011475 -0.03250000
v 0.04037547 0.09215855 -0.03250000
v 0.03409000 0.09261365 -0.03250000
v 0.02774236 0.09264141 -0.03250000
v 0.06771333 0.36097202 -0.03250000
v 0.06787176 0.36055613 -0.03250000
v 0.08050741 0.32682422 -0.03250000
v 0.02227045 0.09231812 -0.03250000
v 0.01618446 0.09157059 -0.03250000
v 0.06597463 0.05788029 -0.03597880
v 0.06086571 0.05209189 -0.03877364
v 0.05693484 0.05024688 -0.04054891
v 0.01887048 0.05291746 -0.04236572
v 0.02223464 0.05315016 -0.04259102
v 0.02573656 0.05330108 -0.04274574
v 0.02890391 0.05336588 -0.04281440
v 0.03258479 0.05336032 -0.04280846
v 0.03621955 0.05326900 -0.04271224
v 0.03975042 0.05309243 -0.04253368
v 0.04315044 0.05282906 -0.04228402
v 0.04471273 0.05267265 -0.04214433
v 0.04763810 0.05230922 -0.04184166
v 0.05033488 0.05187708 -0.04151671
v 0.05280869 0.05137815 -0.04118162
v 0.05507017 0.05081304 -0.04084583
v 0.07701306 0.07702583 -0.03251410
v 0.07946751 0.07701832 -0.03250000
v 0.07076504 0.06856527 -0.03340801
v 0.08141591 0.07537522 -0.03250000
v 0.06415813 0.07224948 -0.03348058
v 0.07163430 0.07911452 -0.03254899
v 0.06775738 0.07039822 -0.03344205
v 0.07390474 0.07766304 -0.03254864
v 0.07652470 0.07704224 -0.03251983
v 0.01325199 0.07744718 -0.03361689
v 0.01828046 0.07826032 -0.03364289
v 0.02347198 0.07879292 -0.03366076
v 0.02814512 0.07902291 -0.03366870
v 0.03356810 0.07900317 -0.03366801
v 0.03893502 0.07867932 -0.03365689
v 0.04417970 0.07805772 -0.03363627
v 0.04927699 0.07714061 -0.03360746
v 0.05163939 0.07660108 -0.03359135
v 0.05610457 0.07536044 -0.03355648
v 0.06027666 0.07390580 -0.03351909
v 0.06997247 0.08122935 -0.03252060
v 0.07102663 0.06360419 -0.03405571
v 0.06368741 0.05919080 -0.03611144
v 0.06125889 0.06036653 -0.03624600
v 0.05833896 0.06154818 -0.03639830
v 0.05517407 0.06259962 -0.03655041
v 0.05175490 0.06351780 -0.03669802
v 0.04807751 0.06429644 -0.03683563
v 0.04612521 0.06463363 -0.03689918
v 0.04189933 0.06520462 -0.03701280
v 0.03753622 0.06558994 -0.03709411
v 0.03306143 0.06579012 -0.03713794
v 0.02853611 0.06580231 -0.03714065
v 0.02463863 0.06566021 -0.03710937
v 0.02031658 0.06533037 -0.03703891
v 0.01614312 0.06482481 -0.03693635
v 0.07138816 0.06215877 -0.03416700
v 0.08478367 0.06402475 -0.02399465
v 0.08158937 0.05304840 -0.01657295
v 0.08199085 0.05550077 -0.01928578
v 0.08090334 0.04984472 -0.01585353
v 0.08059882 0.04878907 -0.01612664
v 0.08476303 0.06397396 -0.02400788
v 0.08198231 0.05585759 -0.02025799
v 0.08412699 0.06252914 -0.02442860
v 0.08168083 0.05533005 -0.02093791
v 0.08374324 0.06175902 -0.02469650
v 0.08134167 0.05483373 -0.02164306
v 0.08334822 0.06103778 -0.02498555
v 0.08096553 0.05437533 -0.02237422
v 0.08294550 0.06037397 -0.02529738
v 0.08055401 0.05396362 -0.02313139
v 0.08254025 0.05977931 -0.02563350
v 0.08011596 0.05361368 -0.02390298
v 0.08214458 0.05927474 -0.02599021
v 0.07965805 0.05333575 -0.02468316
v 0.08176752 0.05887441 -0.02636588
v 0.07918527 0.05313802 -0.02546913
v 0.08141631 0.05858975 -0.02676004
v 0.07870245 0.05302813 -0.02625740
v 0.08109774 0.05843165 -0.02717162
v 0.07821915 0.05301213 -0.02703531
v 0.08082035 0.05840900 -0.02759412
v 0.07774743 0.05308913 -0.02778454
v 0.08059070 0.05852092 -0.02801660
v 0.07728854 0.05325346 -0.02850205
v 0.08040688 0.05875982 -0.02843563
v 0.07684214 0.05349830 -0.02918548
v 0.08026537 0.05911668 -0.02884798
v 0.07640820 0.05381529 -0.02983099
v 0.08016200 0.05958037 -0.02924939
v 0.07599115 0.05419029 -0.03042821
v 0.08009268 0.06013140 -0.02963124
v 0.07558886 0.05461320 -0.03097746
v 0.08005148 0.06075623 -0.02999151
v 0.07519855 0.05507632 -0.03148045
v 0.08003338 0.06144483 -0.03032944
v 0.07444551 0.05609958 -0.03235323
v 0.08005181 0.06298419 -0.03093598
v 0.07372794 0.05721348 -0.03304884
v 0.08012738 0.06469218 -0.03144262
v 0.07305545 0.05837642 -0.03356780
v 0.08025103 0.06651772 -0.03184292
v 0.07243047 0.05958390 -0.03392348
v 0.08042586 0.06846621 -0.03214327
v 0.07186641 0.06083955 -0.03412226
v 0.08066326 0.07055607 -0.03234834
v 0.08098217 0.07282255 -0.03246395
v 0.06218547 0.05153964 -0.03850952
v 0.06355628 0.05100881 -0.03807921
v 0.06496575 0.05047616 -0.03748373
v 0.06639557 0.04993948 -0.03672054
v 0.06784140 0.04940233 -0.03577846
v 0.06931087 0.04887178 -0.03463370
v 0.07593139 0.04733864 -0.02669924
v 0.07521687 0.04737762 -0.02780939
v 0.07448962 0.04746096 -0.02886715
v 0.07375135 0.04758487 -0.02987219
v 0.07300492 0.04774468 -0.03082203
v 0.07226188 0.04793276 -0.03170442
v 0.07152259 0.04814355 -0.03252237
v 0.07078538 0.04837265 -0.03328062
v 0.07662994 0.04734717 -0.02553813
v 0.07729584 0.04740379 -0.02435085
v 0.07791893 0.04750545 -0.02315471
v 0.07849673 0.04764813 -0.02195393
v 0.07902696 0.04782746 -0.02075202
v 0.07950538 0.04803790 -0.01955750
v 0.07992560 0.04827140 -0.01838855
v 0.08028936 0.04852307 -0.01724534
v 0.08590741 0.07182423 -0.02973439
v 0.08699286 0.07182424 -0.02791635
v 0.08528777 0.06690419 -0.02744784
v 0.08212135 0.07701833 -0.03250000
v 0.08361425 0.06751168 -0.03015828
v 0.08106645 0.06843652 -0.03193865
v 0.08747416 0.07182424 -0.02541629
v 0.08581544 0.06671264 -0.02450487
v 0.08568382 0.07184221 -0.02999854
v 0.08450741 0.07322423 -0.03140409
v 0.08457713 0.07278797 -0.03124983
v 0.08475911 0.07242337 -0.03102404
v 0.08512317 0.07206451 -0.03062442
v 0.07945114 0.04930501 0.02100000
v 0.08031946 0.04973514 0.01856170
v 0.08071768 0.05011922 0.01727981
v 0.08087461 0.05030372 0.01670333
v 0.08117611 0.05074486 0.01540176
v 0.08119987 0.05088703 0.01546832
v 0.08158933 0.05304834 0.01657325
v 0.07986103 0.04939426 0.01983126
v 0.07956967 0.04921799 0.02056175
v 0.07964665 0.04985266 0.02100000
v 0.08004820 0.05096108 0.02100000
v 0.08080756 0.05301668 0.02100000
v 0.08165784 0.05530003 0.02100000
v 0.08206586 0.05640623 0.02100000
v 0.08303725 0.05912518 0.02100000
v 0.08316337 0.05949192 0.02100000
v 0.08162896 0.05310367 -0.01629935
v 0.08191627 0.05350662 -0.01410404
v 0.08216541 0.05385855 -0.01178708
v 0.08236225 0.05413824 -0.00949362
v 0.08251584 0.05435745 -0.00715376
v 0.08262625 0.05451559 -0.00476362
v 0.08265344 0.05455460 -0.00395185
v 0.08270365 0.05462670 -0.00157712
v 0.08271067 0.05463678 0.00080384
v 0.08267421 0.05458442 0.00319294
v 0.08259328 0.05446832 0.00558933
v 0.08250845 0.05434690 0.00728466
v 0.08235283 0.05412483 0.00961729
v 0.08215384 0.05384217 0.01190643
v 0.08191068 0.05349876 0.01415081
v 0.08162309 0.05309548 0.01634024
v 0.08483109 0.06414206 -0.02359922
v 0.08516893 0.06499415 -0.02042484
v 0.08545431 0.06573763 -0.01707131
v 0.08567477 0.06632798 -0.01375018
v 0.08584365 0.06679030 -0.01036122
v 0.08596336 0.06712361 -0.00689932
v 0.08599261 0.06720579 -0.00572358
v 0.08604641 0.06735768 -0.00228415
v 0.08605390 0.06737892 0.00116420
v 0.08601491 0.06726862 0.00462440
v 0.08592776 0.06702400 0.00809528
v 0.08583560 0.06676805 0.01055081
v 0.08566433 0.06629968 0.01392929
v 0.08544122 0.06570303 0.01724412
v 0.08516245 0.06497754 0.02049252
v 0.01397681 0.03501833 -0.04185378
v 0.00768223 0.03501833 -0.03878158
v 0.00768223 0.03701833 -0.03878158
v 0.00194064 0.03501833 -0.03476980
v 0.00194064 0.03701833 -0.03476980
v -0.00310885 0.03501833 -0.02991566
v -0.00310885 0.03701833 -0.02991566
v -0.00734391 0.03501833 -0.02433673
v 0.01881992 0.03501833 -0.04964275
v 0.01762630 0.03501833 -0.04905955
v 0.01762630 0.03701833 -0.04905955
v 0.01680156 0.03501833 -0.04801809
v 0.01680156 0.03701833 -0.04801809
v 0.01650742 0.03501833 -0.04672259
v 0.01650742 0.03501833 -0.04557411
v 0.01619444 0.03501833 -0.04402303
v 0.01530448 0.03501833 -0.04271467
v 0.08150742 0.03701833 0.00000000
v 0.08150742 0.03501833 0.00000000
v 0.08101823 0.03501833 -0.00704684
v 0.08101823 0.03701833 -0.00704684
v 0.07956005 0.03501833 -0.01395849
v 0.07956005 0.03701833 -0.01395849
v 0.07716085 0.03501833 -0.02060236
v 0.07716085 0.03701833 -0.02060236
v 0.07386666 0.03501833 -0.02685100
v 0.07386666 0.03701833 -0.02685100
v 0.06974067 0.03501833 -0.03258454
v 0.06974067 0.03701833 -0.03258454
v 0.06486204 0.03501833 -0.03769298
v 0.06486204 0.03701833 -0.03769298
v 0.05932435 0.03501833 -0.04207832
v 0.05932435 0.03701833 -0.04207832
v 0.05323384 0.03501833 -0.04565644
v 0.05323384 0.03701833 -0.04565644
v 0.04670735 0.03501833 -0.04835868
v 0.04670735 0.03701833 -0.04835868
v 0.03987008 0.03501833 -0.05013323
v 0.03987008 0.03701833 -0.05013323
v 0.03285320 0.03501833 -0.05094602
v 0.03285320 0.03701833 -0.05094602
v 0.02579132 0.03501833 -0.05078148
v 0.02579132 0.03701833 -0.05078148
v -0.01335316 0.03501833 -0.02250000
v -0.01447747 0.03501833 -0.02228135
v -0.01543790 0.03501833 -0.02165728
v -0.01609444 0.03501833 -0.02071875
v -0.01070848 0.03501833 -0.02250000
v -0.00879185 0.03501833 -0.02298908
v -0.01852192 0.03501833 -0.01404010
v -0.01852192 0.03701833 -0.01404010
v -0.01999751 0.03501833 -0.00708886
v -0.02049258 0.03501833 0.00000000
v -0.02049258 0.03701833 0.00000000
v -0.01396044 -0.02323167 0.00690000
v -0.01396044 -0.01100000 0.00690000
v -0.03654182 -0.02323167 0.00690000
v -0.01449258 -0.01100000 0.00690000
v -0.01449258 0.00196565 0.00690000
v -0.01481972 0.00038133 0.00690000
v -0.01574762 -0.00094384 0.00690000
v -0.01712450 -0.00179312 0.00690000
v -0.03892303 -0.00972713 0.00690000
v -0.03966645 -0.02249112 0.00690000
v -0.04339825 -0.01747844 0.00690000
v -0.04212637 -0.02042701 0.00690000
v -0.04321154 -0.01427268 0.00690000
v -0.04160594 -0.01149171 0.00690000
v -0.01405080 -0.02323167 -0.00768866
v -0.01367841 -0.02323167 -0.00852128
v 0.02822821 -0.02323167 -0.04494224
v 0.04613616 -0.02323167 -0.04219884
v 0.05431080 -0.02323167 -0.03818899
v -0.01242885 -0.02323167 0.01347134
v 0.06151093 -0.02323167 -0.03261568
v -0.03654182 -0.02323167 -0.00690000
v -0.01564223 -0.02323167 -0.00690000
v -0.01475416 -0.02323167 -0.00710798
v 0.06744178 -0.02323167 -0.02570707
v 0.07186051 -0.02323167 -0.01774601
v -0.00883818 -0.02323167 0.02183859
v 0.07458626 -0.02323167 -0.00905843
v 0.07550742 -0.02323167 0.00000000
v 0.03732167 -0.02323167 -0.04448108
v 0.00296265 -0.02323167 -0.03558491
v 0.01068968 -0.02323167 -0.04040121
v -0.00363670 -0.02323167 -0.02931176
v -0.00883818 -0.02323167 -0.02183859
v -0.01242885 -0.02323167 -0.01347134
v 0.01922805 -0.02323167 -0.04356347
v 0.07186051 -0.02323167 0.01774601
v 0.06744178 -0.02323167 0.02570707
v 0.02822821 -0.02323167 0.04494224
v 0.06151093 -0.02323167 0.03261568
v 0.05431080 -0.02323167 0.03818899
v 0.04613616 -0.02323167 0.04219884
v 0.03732167 -0.02323167 0.04448108
v 0.01922805 -0.02323167 0.04356347
v 0.01068968 -0.02323167 0.04040121
v 0.00296265 -0.02323167 0.03558491
v 0.07458626 -0.02323167 0.00905843
v -0.00363670 -0.02323167 0.02931176
v -0.01489703 -0.00041285 -0.00704402
v -0.01449258 0.00011133 -0.00726345
v -0.01449258 -0.01100000 -0.00726345
v -0.01367841 -0.01100000 -0.00852128
v -0.01405080 -0.01100000 -0.00768866
v -0.01564223 -0.00108912 -0.00690000
v -0.01663625 -0.00161541 -0.00690000
v -0.04160594 -0.01149171 -0.00690000
v -0.03892303 -0.00972713 -0.00690000
v -0.03966645 -0.02249112 -0.00690000
v -0.04212637 -0.02042701 -0.00690000
v -0.04339825 -0.01747844 -0.00690000
v -0.04321154 -0.01427268 -0.00690000
v -0.01697095 -0.00173723 -0.00387618
v -0.01712450 -0.00179312 0.00000000
v -0.01574762 -0.00094384 0.00000000
v -0.01481972 0.00038133 0.00000000
v -0.01449258 0.00196565 0.00000000
v -0.01449258 0.00133362 -0.00219885
v -0.01467466 0.00043648 -0.00363117
v -0.01559824 -0.00088883 -0.00374274
v -0.01449258 0.00164168 -0.00110565
v -0.01449258 0.00195354 -0.00004066
v 0.00665793 0.00528412 -0.04300000
v 0.00370590 0.00764960 -0.04942265
v 0.00370590 0.00764960 -0.04300000
v 0.00001986 0.00849998 -0.04942265
v 0.00001986 0.00849998 -0.04300000
v -0.00367011 0.00766683 -0.04942265
v -0.00367011 0.00766683 -0.04300000
v -0.00663316 0.00531518 -0.04942265
v -0.00663316 0.00531518 -0.04300000
v -0.00828244 0.00191079 -0.04942265
v -0.00828244 0.00191079 -0.04300000
v -0.00829128 -0.00187206 -0.04942265
v -0.00829128 -0.00187206 -0.04300000
v -0.00665793 -0.00528412 -0.04942265
v -0.00665793 -0.00528412 -0.04300000
v -0.00370590 -0.00764960 -0.04942265
v -0.00370590 -0.00764960 -0.04300000
v -0.00001986 -0.00849998 -0.04942265
v -0.00001986 -0.00849998 -0.04300000
v 0.00367011 -0.00766683 -0.04942265
v 0.00367011 -0.00766683 -0.04300000
v 0.00663316 -0.00531518 -0.04942265
v 0.00663316 -0.00531518 -0.04300000
v 0.00828244 -0.00191079 -0.04942265
v 0.00828244 -0.00191079 -0.04300000
v 0.00829128 0.00187206 -0.04942265
v 0.00829128 0.00187206 -0.04300000
v 0.00665793 0.00528412 -0.04942265
v -0.00268289 -0.00963339 -0.04300000
v -0.00636919 -0.00770931 -0.04300000
v -0.00895420 -0.00445222 -0.04300000
v -0.00999095 -0.00042530 -0.04300000
v -0.00930017 0.00367515 -0.04300000
v -0.00700131 0.00714014 -0.04300000
v -0.00349186 0.00937053 -0.04300000
v 0.00062137 0.00998068 -0.04300000
v 0.00462715 0.00886507 -0.04300000
v 0.00783286 0.00621661 -0.04300000
v 0.00968420 0.00249324 -0.04300000
v 0.00986105 -0.00166123 -0.04300000
v 0.00833284 -0.00552846 -0.04300000
v 0.00536380 -0.00843977 -0.04300000
v 0.00146731 -0.00989176 -0.04300000
v 0.00783286 0.00621661 -0.04200000
v 0.00462715 0.00886507 -0.04200000
v 0.00062137 0.00998068 -0.04200000
v -0.00349186 0.00937053 -0.04200000
v -0.00700131 0.00714014 -0.04200000
v -0.00930017 0.00367515 -0.04200000
v -0.00999095 -0.00042530 -0.04200000
v -0.00895420 -0.00445222 -0.04200000
v -0.00636919 -0.00770931 -0.04200000
v -0.00268289 -0.00963339 -0.04200000
v 0.00146731 -0.00989176 -0.04200000
v 0.00536380 -0.00843977 -0.04200000
v 0.00833284 -0.00552846 -0.04200000
v 0.00986105 -0.00166123 -0.04200000
v 0.00968420 0.00249324 -0.04200000
v -0.01242885 0.01100000 -0.01347134
v -0.01449258 0.01100000 -0.03900000
v -0.01426170 0.01100000 -0.00455257
v -0.01449258 0.01100000 0.00000000
v -0.01149258 0.01100000 -0.04200000
v 0.01068968 0.01100000 -0.04040121
v 0.01344870 0.01100000 -0.04200000
v 0.01515457 0.01100000 -0.04230000
v -0.00883818 0.01100000 -0.02183859
v -0.00363670 0.01100000 -0.02931176
v 0.00296265 0.01100000 -0.03558491
v -0.01449258 -0.01100000 -0.03900000
v -0.01149258 -0.01100000 -0.04200000
v 0.01344870 -0.01100000 -0.04200000
v 0.01515457 -0.01100000 -0.04230000
v 0.01068968 -0.01100000 -0.04040121
v 0.00296265 -0.01100000 -0.03558491
v -0.00363670 -0.01100000 -0.02931176
v -0.00883818 -0.01100000 -0.02183859
v -0.01242885 -0.01100000 -0.01347134
v -0.01149258 0.01100000 0.04200000
v -0.01449258 0.01100000 0.03900000
v -0.01149258 -0.01100000 0.04200000
v -0.01449258 -0.01100000 0.03900000
v -0.00883818 -0.01100000 0.02183859
v -0.00363670 -0.01100000 0.02931176
v 0.00296265 -0.01100000 0.03558491
v 0.01068968 -0.01100000 0.04040121
v 0.01344870 -0.01100000 0.04200000
v 0.01515457 -0.01100000 0.04230000
v -0.01242885 -0.01100000 0.01347134
v -0.00783286 -0.00621661 0.04200000
v -0.00636919 -0.00770931 0.04200000
v -0.00636919 -0.00770931 0.04300000
v -0.00268289 -0.00963339 0.04200000
v -0.00268289 -0.00963339 0.04300000
v 0.00146731 -0.00989176 0.04200000
v 0.00146731 -0.00989176 0.04300000
v 0.00536380 -0.00843977 0.04200000
v 0.00536380 -0.00843977 0.04300000
v 0.00833284 -0.00552846 0.04200000
v 0.00833284 -0.00552846 0.04300000
v 0.00986105 -0.00166123 0.04200000
v 0.00986105 -0.00166123 0.04300000
v 0.00968420 0.00249324 0.04200000
v 0.00968420 0.00249324 0.04300000
v 0.00783286 0.00621661 0.04200000
v 0.00783286 0.00621661 0.04300000
v 0.00462715 0.00886507 0.04200000
v 0.00462715 0.00886507 0.04300000
v 0.00062137 0.00998068 0.04200000
v 0.00062137 0.00998068 0.04300000
v -0.00349186 0.00937053 0.04200000
v -0.00349186 0.00937053 0.04300000
v -0.00700131 0.00714014 0.04200000
v -0.00700131 0.00714014 0.04300000
v -0.00930017 0.00367515 0.04200000
v -0.00930017 0.00367515 0.04300000
v -0.00999095 -0.00042530 0.04200000
v -0.00999095 -0.00042530 0.04300000
v -0.00895420 -0.00445222 0.04200000
v -0.00895420 -0.00445222 0.04300000
v -0.00665793 -0.00528412 0.04300000
v -0.00370590 -0.00764960 0.04300000
v -0.00001986 -0.00849998 0.04300000
v 0.00367011 -0.00766683 0.04300000
v 0.00663316 -0.00531518 0.04300000
v 0.00828244 -0.00191079 0.04300000
v 0.00829128 0.00187206 0.04300000
v 0.00665793 0.00528412 0.04300000
v 0.00370590 0.00764960 0.04300000
v 0.00001986 0.00849998 0.04300000
v -0.00367011 0.00766683 0.04300000
v -0.00663316 0.00531518 0.04300000
v -0.00828244 0.00191079 0.04300000
v -0.00829128 -0.00187206 0.04300000
v 0.00829128 0.00187206 0.04900000
v 0.00828244 -0.00191079 0.04900000
v 0.00663316 -0.00531518 0.04900000
v 0.00367011 -0.00766683 0.04900000
v -0.00001986 -0.00849998 0.04900000
v -0.00370590 -0.00764960 0.04900000
v -0.00665793 -0.00528412 0.04900000
v -0.00829128 -0.00187206 0.04900000
v -0.00828244 0.00191079 0.04900000
v -0.00663316 0.00531518 0.04900000
v -0.00367011 0.00766683 0.04900000
v 0.00001986 0.00849998 0.04900000
v 0.00370590 0.00764960 0.04900000
v 0.00665793 0.00528412 0.04900000
v 0.01515457 0.01100000 0.04230000
v 0.01344870 0.01100000 0.04200000
v 0.01068968 0.01100000 0.04040121
v 0.00296265 0.01100000 0.03558491
v -0.00363670 0.01100000 0.02931176
v -0.00883818 0.01100000 0.02183859
v -0.01242885 0.01100000 0.01347134
v -0.01426170 0.01100000 0.00455257
v 0.01650742 0.03101833 -0.04557411
v 0.01619444 0.03101833 -0.04402303
v 0.01530448 0.03101833 -0.04271467
v 0.01397681 0.03101833 -0.04185378
v 0.01650742 0.03101833 -0.04672259
v 0.01881992 0.03101833 -0.04964275
v 0.01762630 0.03101833 -0.04905955
v 0.01680156 0.03101833 -0.04801809
v -0.00883818 0.03101833 0.02183859
v -0.00734391 0.03101833 0.02433673
v -0.00879185 0.03101833 0.02298908
v -0.01242885 0.03101833 0.01347134
v -0.01070848 0.03101833 0.02250000
v -0.01426170 0.03101833 0.00455257
v -0.00734391 0.03101833 -0.02433673
v -0.00883818 0.03101833 -0.02183859
v -0.00879185 0.03101833 -0.02298908
v -0.01242885 0.03101833 -0.01347134
v -0.01070848 0.03101833 -0.02250000
v -0.01335316 0.03101833 -0.02250000
v -0.01889437 0.03101833 -0.01266740
v -0.02031417 0.03101833 -0.00426216
v -0.01426170 0.03101833 -0.00455257
v -0.02031417 0.03101833 0.00426216
v -0.01889437 0.03101833 0.01266740
v -0.01609444 0.03101833 0.02071875
v -0.01447747 0.03101833 -0.02228135
v -0.01543790 0.03101833 -0.02165728
v -0.01609444 0.03101833 -0.02071875
v -0.01543790 0.03101833 0.02165728
v -0.01447747 0.03101833 0.02228135
v -0.01335316 0.03101833 0.02250000
v 0.01530448 0.03101833 0.04271467
v 0.01397681 0.03101833 0.04185378
v 0.01922806 0.03101833 0.04356347
v 0.08127821 0.03101833 -0.00482975
v 0.08127821 0.03101833 0.00482975
v 0.07550742 0.03101833 0.00000000
v 0.01650742 0.03101833 0.04672259
v 0.01650742 0.03101833 0.04557411
v 0.02822821 0.03101833 0.04494224
v 0.01619444 0.03101833 0.04402303
v 0.07458626 0.03101833 0.00905843
v 0.07945691 0.03101833 0.01431598
v 0.07186052 0.03101833 0.01774601
v 0.07587963 0.03101833 0.02328866
v 0.06744178 0.03101833 0.02570707
v 0.07067472 0.03101833 0.03142590
v 0.06151093 0.03101833 0.03261568
v 0.06402889 0.03101833 0.03843580
v 0.05431080 0.03101833 0.03818899
v 0.05618054 0.03101833 0.04406689
v 0.04613616 0.03101833 0.04219884
v 0.04741121 0.03101833 0.04811717
v 0.03732167 0.03101833 0.04448108
v 0.03803549 0.03101833 0.05044133
v 0.02838972 0.03101833 0.05095601
v 0.01881992 0.03101833 0.04964275
v 0.07945691 0.03101833 -0.01431598
v 0.07458626 0.03101833 -0.00905843
v 0.07587963 0.03101833 -0.02328866
v 0.07186052 0.03101833 -0.01774601
v 0.07067472 0.03101833 -0.03142590
v 0.06744178 0.03101833 -0.02570707
v 0.06402889 0.03101833 -0.03843580
v 0.06151093 0.03101833 -0.03261568
v 0.05618054 0.03101833 -0.04406689
v 0.05431080 0.03101833 -0.03818899
v 0.04741121 0.03101833 -0.04811717
v 0.04613616 0.03101833 -0.04219884
v 0.03803549 0.03101833 -0.05044133
v 0.03732167 0.03101833 -0.04448108
v 0.02838972 0.03101833 -0.05095601
v 0.02822821 0.03101833 -0.04494224
v 0.01922806 0.03101833 -0.04356347
v 0.01762630 0.03101833 0.04905955
v 0.01680156 0.03101833 0.04801809
v 0.01397681 0.03501833 0.04185378
v 0.01530448 0.03501833 0.04271467
v 0.01619444 0.03501833 0.04402303
v 0.01650742 0.03501833 0.04557411
v 0.01650742 0.03501833 0.04672259
v 0.01680156 0.03501833 0.04801809
v 0.01762630 0.03501833 0.04905955
v 0.01881992 0.03501833 0.04964275
v 0.02838972 0.03501833 -0.05095601
v 0.03803549 0.03501833 -0.05044133
v 0.04741121 0.03501833 -0.04811717
v 0.05618054 0.03501833 -0.04406689
v 0.06402889 0.03501833 -0.03843580
v 0.07067472 0.03501833 -0.03142590
v 0.07587964 0.03501833 -0.02328866
v 0.07945691 0.03501833 -0.01431598
v 0.08127821 0.03501833 -0.00482975
v 0.08127821 0.03501833 0.00482975
v 0.07945691 0.03501833 0.01431598
v 0.07587964 0.03501833 0.02328866
v 0.07067472 0.03501833 0.03142590
v 0.06402889 0.03501833 0.03843580
v 0.05618054 0.03501833 0.04406689
v 0.04741121 0.03501833 0.04811717
v 0.03803549 0.03501833 0.05044133
v 0.02838972 0.03501833 0.05095601
v 0.01068968 0.03501833 0.04040121
v -0.00363670 0.03501833 0.02931176
v -0.00734391 0.03501833 0.02433673
v 0.00296265 0.03501833 0.03558491
v 0.01068968 0.03501833 -0.04040121
v 0.00296265 0.03501833 -0.03558491
v -0.00363670 0.03501833 -0.02931176
v -0.01070848 0.03501833 0.02250000
v -0.00879185 0.03501833 0.02298908
v -0.01609444 0.03501833 0.02071875
v -0.01543790 0.03501833 0.02165728
v -0.01447747 0.03501833 0.02228135
v -0.01335316 0.03501833 0.02250000
v -0.01889437 0.03501833 0.01266740
v -0.02031417 0.03501833 0.00426216
v -0.02031417 0.03501833 -0.00426216
v -0.01889437 0.03501833 -0.01266740
v 0.01680156 0.03701833 0.04801809
v 0.01762630 0.03701833 0.04905955
v 0.02579132 0.03501833 0.05078148
v 0.02579132 0.03701833 0.05078148
v 0.03285320 0.03501833 0.05094602
v 0.03285320 0.03701833 0.05094602
v 0.03987008 0.03501833 0.05013323
v 0.03987008 0.03701833 0.05013323
v 0.04670735 0.03501833 0.04835868
v 0.04670735 0.03701833 0.04835868
v 0.05323384 0.03501833 0.04565644
v 0.05323384 0.03701833 0.04565644
v 0.05932435 0.03501833 0.04207832
v 0.05932435 0.03701833 0.04207832
v 0.06486204 0.03501833 0.03769298
v 0.06486204 0.03701833 0.03769298
v 0.06974067 0.03501833 0.03258454
v 0.06974067 0.03701833 0.03258454
v 0.07386666 0.03501833 0.02685100
v 0.07386666 0.03701833 0.02685100
v 0.07716085 0.03501833 0.02060236
v 0.07716085 0.03701833 0.02060236
v 0.07956005 0.03501833 0.01395849
v 0.07956005 0.03701833 0.01395849
v 0.08101823 0.03501833 0.00704684
v 0.08101823 0.03701833 0.00704684
v -0.00310885 0.03501833 0.02991566
v -0.00310885 0.03701833 0.02991566
v 0.00194064 0.03501833 0.03476980
v 0.00194064 0.03701833 0.03476980
v 0.00768223 0.03501833 0.03878158
v 0.00768223 0.03701833 0.03878158
v -0.01543790 0.03701833 0.02165728
v -0.01447747 0.03701833 0.02228135
v -0.01999751 0.03501833 0.00708886
v -0.01852192 0.03501833 0.01404010
v -0.01852192 0.03701833 0.01404010
v 0.09516343 0.34301502 -0.02550000
v 0.09050741 0.33328390 -0.02550000
v 0.09050743 0.35506883 -0.02550000
v 0.10450486 0.36618251 -0.02550000
v 0.10273726 0.36118513 -0.02550000
v 0.10036136 0.35501882 -0.02550000
v 0.09728435 0.34772211 -0.02550000
v 0.08450741 0.35506883 -0.02550000
v 0.08450741 0.35764790 -0.02550000
v 0.08708584 0.36006767 -0.02550000
v 0.08918489 0.36291328 -0.02550000
v 0.09073555 0.36609119 -0.02550000
v 0.10531917 0.36927682 -0.02550000
v 0.09168680 0.36949685 -0.02550000
v 0.10550440 0.37095147 -0.02550000
v 0.09200742 0.37301832 -0.02550000
v 0.10556988 0.37301832 -0.02550000
v 0.10486359 0.36730433 -0.02550000
v 0.09575742 0.37301832 0.00850000
v 0.09200742 0.37301832 0.00850000
v 0.09200742 0.37301832 0.02550000
v 0.11779469 0.37301835 0.01423356
v 0.10014585 0.37301832 0.00556775
v 0.11708549 0.37301832 0.01687500
v 0.09911617 0.37301832 0.00710876
v 0.09757516 0.37301832 0.00813843
v 0.11320429 0.37301832 -0.02275828
v 0.11245374 0.37301832 -0.02332916
v 0.09911617 0.37301832 -0.00710876
v 0.11220796 0.37301832 -0.02349679
v 0.10777269 0.37301832 -0.02529608
v 0.10881218 0.37301832 -0.02505368
v 0.10970939 0.37301832 -0.02476341
v 0.11655153 0.37301832 -0.01833767
v 0.11583848 0.37301832 -0.01970934
v 0.11112307 0.37301832 -0.02413776
v 0.11005684 0.37301832 -0.02462956
v 0.10729320 0.37301832 -0.02537561
v 0.10575010 0.37301832 -0.02549865
v 0.09757516 0.37301832 -0.00813843
v 0.09575742 0.37301832 -0.00850000
v 0.09200742 0.37301832 -0.00850000
v 0.11531919 0.37301832 -0.02049648
v 0.11433121 0.37301832 -0.02169996
v 0.11902429 0.37301832 -0.00759882
v 0.10014585 0.37301832 -0.00556775
v 0.11930874 0.37301832 -0.00487870
v 0.10050742 0.37301832 -0.00375000
v 0.11946915 0.37301832 -0.00214273
v 0.11861753 0.37301832 -0.01029536
v 0.11750744 0.37301832 -0.01536220
v 0.11708549 0.37301832 -0.01687500
v 0.11306620 0.37301832 0.02287045
v 0.11384508 0.37301832 0.02219027
v 0.11421639 0.37301832 0.02182092
v 0.11521439 0.37301832 0.02064025
v 0.11542007 0.37301832 0.02035373
v 0.11574529 0.37301832 0.01986090
v 0.10556988 0.37301832 0.02550000
v 0.10712367 0.37301832 0.02539898
v 0.10864052 0.37301832 0.02510048
v 0.10954195 0.37301832 0.02482355
v 0.11648145 0.37301832 0.01849377
v 0.11703352 0.37301832 0.01704756
v 0.11097471 0.37301832 0.02421390
v 0.11230726 0.37301832 0.02343014
v 0.11950441 0.37301832 0.00059995
v 0.10050742 0.37301832 0.00375000
v 0.11941379 0.37301832 0.00335068
v 0.11838567 0.37301832 0.01154775
v 0.11885364 0.37301835 0.00883328
v 0.11919746 0.37301832 0.00609086
v 0.10550440 0.37095147 0.02550000
v 0.09168680 0.36949685 0.02550000
v 0.10531917 0.36927682 0.02550000
v 0.09050741 0.33328390 0.02550000
v 0.09279156 0.33797306 0.02550000
v 0.09050743 0.35506883 0.02550000
v 0.09619021 0.34526682 0.02550000
v 0.08450741 0.35764790 0.02550000
v 0.08450741 0.35506883 0.02550000
v 0.08708584 0.36006767 0.02550000
v 0.08918489 0.36291328 0.02550000
v 0.09073555 0.36609119 0.02550000
v 0.10036136 0.35501882 0.02550000
v 0.10273726 0.36118513 0.02550000
v 0.10450486 0.36618251 0.02550000
v 0.10486359 0.36730433 0.02550000
v 0.09699835 0.33886814 0.02500385
v 0.09303085 0.33068535 0.02500385
v 0.09411040 0.33014888 0.02457486
v 0.10139510 0.33679655 0.02219027
v 0.10485895 0.34438980 0.02219027
v 0.10351760 0.34497991 0.02338062
v 0.09515963 0.31812289 0.01829193
v 0.09982517 0.32730886 0.01829193
v 0.09879393 0.32782134 0.02035373
v 0.09050742 0.32974783 0.02539602
v 0.09193765 0.33122861 0.02529770
v 0.09050743 0.33126980 0.02546654
v 0.09050741 0.31712145 0.02299667
v 0.09050741 0.31489626 0.02210132
v 0.09273788 0.31937560 0.02219027
v 0.09050741 0.31291074 0.02109355
v 0.09050741 0.31173500 0.02036760
v 0.09413682 0.31865197 0.02035373
v 0.09050741 0.30901912 0.01803071
v 0.09050742 0.30815873 0.01687500
v 0.09390368 0.31459537 0.01687500
v 0.09050741 0.31011239 0.01912598
v 0.09050743 0.31117314 0.01997511
v 0.09050742 0.31742343 0.02310297
v 0.09050742 0.32303241 0.02457618
v 0.09050743 0.32058775 0.02403962
v 0.09050741 0.32643619 0.02510097
v 0.09050743 0.32326102 0.02461913
v 0.10281984 0.33612525 0.02035373
v 0.09050741 0.32024810 0.02395314
v 0.09143627 0.32004893 0.02338062
v 0.09607115 0.32917446 0.02338062
v 0.09589408 0.33938846 0.02529770
v 0.09929276 0.34683856 0.02529770
v 0.11648007 0.37019512 0.01829193
v 0.11533128 0.37027428 0.02035373
v 0.11376004 0.37038255 0.02219027
v 0.09738348 0.32852229 0.02219027
v 0.10006945 0.33742115 0.02338062
v 0.09910356 0.33787623 0.02403701
v 0.10254028 0.34540987 0.02403701
v 0.10151350 0.34586158 0.02457486
v 0.10551670 0.35245010 0.02403701
v 0.10447693 0.35287097 0.02457486
v 0.10812617 0.35920256 0.02403701
v 0.10707343 0.35958987 0.02457486
v 0.10932263 0.36253744 0.02403701
v 0.10826380 0.36290777 0.02457486
v 0.11036820 0.36567020 0.02403701
v 0.10929286 0.36598942 0.02457486
v 0.11102994 0.36863643 0.02403701
v 0.10992017 0.36879960 0.02457486
v 0.11123290 0.37055671 0.02403701
v 0.11011381 0.37063384 0.02457486
v 0.09511495 0.32964966 0.02403701
v 0.09808882 0.33835435 0.02457486
v 0.10041010 0.34634700 0.02500385
v 0.10335953 0.35332325 0.02500385
v 0.10222799 0.35378125 0.02529770
v 0.10594212 0.36000609 0.02500385
v 0.10479648 0.36042756 0.02529770
v 0.10712592 0.36330575 0.02500385
v 0.10597365 0.36370876 0.02529770
v 0.10813726 0.36633250 0.02500385
v 0.10696701 0.36667988 0.02529770
v 0.10872756 0.36897495 0.02500385
v 0.10751988 0.36915255 0.02529770
v 0.10891121 0.37071672 0.02500385
v 0.10769338 0.37080064 0.02529770
v 0.09901797 0.32454708 0.01687500
v 0.10386153 0.33563447 0.01829193
v 0.10341585 0.33349666 0.01687500
v 0.10735461 0.34329191 0.01829193
v 0.10719581 0.34166506 0.01687500
v 0.11039210 0.35047671 0.01829193
v 0.11045785 0.34927592 0.01687500
v 0.11306230 0.35738656 0.01829193
v 0.10630059 0.34375560 0.02035373
v 0.10932471 0.35090876 0.02035373
v 0.11198162 0.35778415 0.02035373
v 0.11320040 0.36118117 0.02035373
v 0.10786480 0.35149968 0.02219027
v 0.11050352 0.35832796 0.02219027
v 0.11171374 0.36170113 0.02219027
v 0.11279662 0.36494932 0.02219027
v 0.10650642 0.35204950 0.02338062
v 0.10912824 0.35883391 0.02338062
v 0.11033049 0.36218494 0.02338062
v 0.11139181 0.36536634 0.02338062
v 0.11178084 0.36684236 0.02338062
v 0.11229810 0.37048331 0.02338062
v 0.11208629 0.36848110 0.02338062
v 0.11353605 0.36826792 0.02219027
v 0.11320977 0.36651748 0.02219027
v 0.11474552 0.36616829 0.02035373
v 0.11430646 0.36450106 0.02035373
v 0.11541037 0.36417338 0.01829193
v 0.11428733 0.36080098 0.01829193
v 0.11460073 0.36014220 0.01687500
v 0.11330295 0.35655534 0.01687500
v 0.11698409 0.37003687 0.01687500
v 0.11671113 0.36759251 0.01687500
v 0.11630804 0.36553523 0.01687500
v 0.11623347 0.36787128 0.01829193
v 0.11580503 0.36370295 0.01687500
v 0.11586835 0.36591300 0.01829193
v 0.11509424 0.36803880 0.02035373
v 0.09050742 0.32052645 0.02402424
v 0.11740494 0.37000638 -0.01536220
v 0.09050742 0.30575258 -0.01237575
v 0.09050742 0.30686805 -0.01464720
v 0.09427761 0.31439984 -0.01536220
v 0.09526134 0.31388542 -0.01029536
v 0.09050743 0.30481735 -0.01005997
v 0.09050741 0.30380523 -0.00666864
v 0.09050743 0.30406839 -0.00769882
v 0.09562179 0.31369695 -0.00759882
v 0.09587388 0.31356514 -0.00487870
v 0.09050743 0.30334353 -0.00429153
v 0.09601602 0.31349078 -0.00214273
v 0.09050743 0.30308276 -0.00191110
v 0.09604728 0.31347445 0.00059995
v 0.09050742 0.30302212 0.00046449
v 0.09050741 0.30337536 0.00449627
v 0.09050743 0.30316067 0.00284032
v 0.09596696 0.31351644 0.00335068
v 0.09577528 0.31361669 0.00609086
v 0.09050742 0.30387205 0.00694497
v 0.09547057 0.31377602 0.00883328
v 0.09050743 0.30457628 0.00936682
v 0.09505588 0.31399286 0.01154775
v 0.09050742 0.30548733 0.01176726
v 0.09050742 0.30767402 0.01607773
v 0.09050742 0.30636781 0.01367816
v 0.09453216 0.31426674 0.01423356
v 0.09965147 0.32422823 0.01423356
v 0.10405575 0.33319089 0.01423356
v 0.10784344 0.34137607 0.01423356
v 0.11111404 0.34900689 0.01423356
v 0.11396775 0.35630840 0.01423356
v 0.11526964 0.35990652 0.01423356
v 0.11648291 0.36349455 0.01423356
v 0.11699791 0.36537081 0.01423356
v 0.11741196 0.36748403 0.01423356
v 0.11769143 0.36998561 0.01423356
v 0.10017940 0.32396254 0.01154775
v 0.10458899 0.33293608 0.01154775
v 0.10838313 0.34113523 0.01154775
v 0.11166086 0.34878275 0.01154775
v 0.11452176 0.35610265 0.01154775
v 0.11582703 0.35971013 0.01154775
v 0.11704782 0.36332089 0.01154775
v 0.11757278 0.36523381 0.01154775
v 0.11799597 0.36739364 0.01154775
v 0.11828087 0.36994290 0.01154775
v 0.10059738 0.32375214 0.00883328
v 0.10501122 0.33273435 0.00883328
v 0.10881045 0.34094450 0.00883328
v 0.11209384 0.34860522 0.00883328
v 0.11496043 0.35593975 0.00883328
v 0.11626840 0.35955465 0.00883328
v 0.11749511 0.36318335 0.00883328
v 0.11802796 0.36512530 0.00883328
v 0.11845842 0.36732212 0.00883328
v 0.11874759 0.36990908 0.00883328
v 0.10090452 0.32359755 0.00609086
v 0.10532147 0.33258611 0.00609086
v 0.10912445 0.34080440 0.00609086
v 0.11241198 0.34847480 0.00609086
v 0.11528275 0.35582000 0.00609086
v 0.11659269 0.35944039 0.00609086
v 0.11782376 0.36308229 0.00609086
v 0.11836243 0.36504558 0.00609086
v 0.11879819 0.36726952 0.00609086
v 0.11909053 0.36988422 0.00609086
v 0.10109776 0.32350031 0.00335068
v 0.10551667 0.33249283 0.00335068
v 0.10932199 0.34071624 0.00335068
v 0.11261213 0.34839275 0.00335068
v 0.11548554 0.35574472 0.00335068
v 0.11679672 0.35936850 0.00335068
v 0.11803054 0.36301872 0.00335068
v 0.11857285 0.36499542 0.00335068
v 0.11901198 0.36723644 0.00335068
v 0.11930630 0.36986861 0.00335068
v 0.10117873 0.32345954 0.00059995
v 0.10559843 0.33245376 0.00059995
v 0.10940475 0.34067932 0.00059995
v 0.11269599 0.34835836 0.00059995
v 0.11557051 0.35571316 0.00059995
v 0.11688220 0.35933837 0.00059995
v 0.11811716 0.36299211 0.00059995
v 0.11866101 0.36497441 0.00059995
v 0.11910152 0.36722258 0.00059995
v 0.11939668 0.36986205 0.00059995
v 0.10114723 0.32347539 -0.00214273
v 0.10556662 0.33246899 -0.00214273
v 0.10937254 0.34069368 -0.00214273
v 0.11266335 0.34837174 -0.00214273
v 0.11553743 0.35572544 -0.00214273
v 0.11684892 0.35935009 -0.00214273
v 0.11808345 0.36300245 -0.00214273
v 0.11862671 0.36498260 -0.00214273
v 0.11906668 0.36722797 -0.00214273
v 0.11936152 0.36986461 -0.00214273
v 0.10100393 0.32354751 -0.00487870
v 0.10542187 0.33253813 -0.00487870
v 0.10922607 0.34075904 -0.00487870
v 0.11251495 0.34843260 -0.00487870
v 0.11538707 0.35578129 -0.00487870
v 0.11669765 0.35940340 -0.00487870
v 0.11793014 0.36304960 -0.00487870
v 0.11847068 0.36501980 -0.00487870
v 0.11890815 0.36725250 -0.00487870
v 0.11920153 0.36987621 -0.00487870
v 0.10074985 0.32367542 -0.00759882
v 0.10516523 0.33266076 -0.00759882
v 0.10896631 0.34087497 -0.00759882
v 0.11225174 0.34854048 -0.00759882
v 0.11512041 0.35588032 -0.00759882
v 0.11642934 0.35949793 -0.00759882
v 0.11765822 0.36313319 -0.00759882
v 0.11819397 0.36508575 -0.00759882
v 0.11862706 0.36729601 -0.00759882
v 0.11891782 0.36989674 -0.00759882
v 0.10038651 0.32385829 -0.01029536
v 0.10479821 0.33283615 -0.01029536
v 0.10859484 0.34104073 -0.01029536
v 0.11187539 0.34869480 -0.01029536
v 0.11473912 0.35602194 -0.01029536
v 0.11604572 0.35963309 -0.01029536
v 0.11726943 0.36325273 -0.01029536
v 0.11779831 0.36518005 -0.01029536
v 0.11822511 0.36735821 -0.01029536
v 0.11851212 0.36992612 -0.01029536
v 0.09939488 0.32435736 -0.01536220
v 0.10379659 0.33331475 -0.01536220
v 0.10758112 0.34149310 -0.01536220
v 0.11084827 0.34911588 -0.01536220
v 0.11369848 0.35640842 -0.01536220
v 0.11499871 0.36000195 -0.01536220
v 0.11620837 0.36357895 -0.01536220
v 0.11671849 0.36543742 -0.01536220
v 0.11712810 0.36752796 -0.01536220
v 0.11698409 0.37003687 -0.01687500
v 0.11671113 0.36759251 -0.01687500
v 0.11630804 0.36553523 -0.01687500
v 0.11580503 0.36370295 -0.01687500
v 0.11460073 0.36014220 -0.01687500
v 0.11330295 0.35655534 -0.01687500
v 0.11045785 0.34927592 -0.01687500
v 0.10719581 0.34166506 -0.01687500
v 0.10341585 0.33349666 -0.01687500
v 0.09901797 0.32454708 -0.01687500
v 0.09390368 0.31459537 -0.01687500
v 0.09050742 0.30815873 -0.01687500
v 0.09050741 0.30834067 -0.01715387
v 0.09050742 0.30916810 -0.01819843
v 0.09526208 0.31806988 -0.01801787
v 0.09050741 0.32675722 -0.02513845
v 0.09050741 0.32836735 -0.02529723
v 0.09194538 0.33122477 -0.02529608
v 0.09399093 0.33020821 -0.02462956
v 0.09050742 0.32333264 -0.02463235
v 0.09050741 0.32450005 -0.02483201
v 0.09050743 0.31957468 -0.02377227
v 0.09050743 0.32198361 -0.02436376
v 0.09591735 0.32925087 -0.02349679
v 0.09277694 0.31935540 -0.02214818
v 0.09050742 0.31511441 -0.02219878
v 0.09050742 0.31728148 -0.02305342
v 0.09353169 0.31896499 -0.02124150
v 0.09050743 0.31254667 -0.02088089
v 0.09050742 0.31415194 -0.02175052
v 0.09421723 0.31861037 -0.02022177
v 0.09050741 0.31108719 -0.01991198
v 0.09796818 0.33841121 -0.02462956
v 0.09991411 0.33749434 -0.02349679
v 0.09050743 0.31016049 -0.01916821
v 0.09479307 0.31831250 -0.01914559
v 0.09945557 0.32749254 -0.01914559
v 0.09992847 0.32725754 -0.01801787
v 0.10396589 0.33558530 -0.01801787
v 0.10770200 0.37080005 -0.02529608
v 0.10998075 0.37064299 -0.02462956
v 0.11212679 0.37049511 -0.02349679
v 0.11380391 0.37037954 -0.02214818
v 0.11442024 0.36813793 -0.02124150
v 0.11357957 0.36826152 -0.02214818
v 0.11408121 0.36631936 -0.02124150
v 0.11325264 0.36650771 -0.02214818
v 0.11365337 0.36469495 -0.02124150
v 0.11283878 0.36493680 -0.02214818
v 0.11255734 0.36140606 -0.02124150
v 0.11175525 0.36168662 -0.02214818
v 0.11134226 0.35801938 -0.02124150
v 0.11054479 0.35831276 -0.02214818
v 0.10869323 0.35116437 -0.02124150
v 0.10790555 0.35148317 -0.02214818
v 0.10567701 0.34402993 -0.02124150
v 0.10489921 0.34437212 -0.02214818
v 0.10143489 0.33677781 -0.02214818
v 0.10057981 0.33718070 -0.02296703
v 0.09657636 0.32892337 -0.02296703
v 0.09128374 0.32012784 -0.02349679
v 0.11465164 0.37032109 -0.02124150
v 0.09193736 0.31978971 -0.02296703
v 0.09742288 0.32850271 -0.02214818
v 0.09818382 0.32812452 -0.02124150
v 0.10220356 0.33641565 -0.02124150
v 0.10290173 0.33608669 -0.02022177
v 0.10638344 0.34371915 -0.02022177
v 0.10697686 0.34345809 -0.01914559
v 0.10940862 0.35087478 -0.02022177
v 0.11000957 0.35063156 -0.01914559
v 0.11206657 0.35775289 -0.02022177
v 0.11267500 0.35752904 -0.01914559
v 0.11328584 0.36115128 -0.02022177
v 0.11389780 0.36093721 -0.01914559
v 0.11439323 0.36447531 -0.02022177
v 0.11501473 0.36429080 -0.01914559
v 0.11483378 0.36614823 -0.02022177
v 0.11546595 0.36600450 -0.01914559
v 0.11518379 0.36802563 -0.02022177
v 0.11582520 0.36793134 -0.01914559
v 0.11542160 0.37026805 -0.02022177
v 0.11606837 0.37022346 -0.01914559
v 0.09887499 0.32778105 -0.02022177
v 0.10348821 0.33581036 -0.01914559
v 0.10746019 0.34324545 -0.01801787
v 0.11049902 0.35043344 -0.01801787
v 0.11317057 0.35734674 -0.01801787
v 0.11439623 0.36076289 -0.01801787
v 0.11552094 0.36414054 -0.01801787
v 0.11598084 0.36588743 -0.01801787
v 0.11634760 0.36785454 -0.01801787
v 0.11659515 0.37018716 -0.01801787
v 0.09050742 0.32999021 -0.02540991
v 0.09590191 0.33938476 -0.02529608
v 0.09930066 0.34683508 -0.02529608
v 0.10223601 0.35377800 -0.02529608
v 0.10480458 0.36042458 -0.02529608
v 0.10139143 0.34591529 -0.02462956
v 0.10435328 0.35292101 -0.02462956
v 0.10694826 0.35963595 -0.02462956
v 0.10813788 0.36295182 -0.02462956
v 0.10336044 0.34504908 -0.02349679
v 0.10634726 0.35211393 -0.02349679
v 0.10896707 0.35889322 -0.02349679
v 0.11016841 0.36224163 -0.02349679
v 0.11122718 0.36541519 -0.02349679
v 0.11286091 0.37044451 -0.02296703
v 0.11264441 0.36839902 -0.02296703
v 0.11191641 0.36850607 -0.02349679
v 0.10916501 0.36602741 -0.02462956
v 0.10598181 0.36370593 -0.02529608
v 0.11233095 0.36671728 -0.02296703
v 0.11193263 0.36520579 -0.02296703
v 0.11086302 0.36199868 -0.02296703
v 0.10965769 0.35863912 -0.02296703
v 0.10702937 0.35183781 -0.02296703
v 0.10403401 0.34475273 -0.02296703
v 0.10752842 0.36915126 -0.02529608
v 0.10697531 0.36667743 -0.02529608
v 0.10978819 0.36881900 -0.02462956
f 1 2 3
f 3 2 4
f 5 6 7
f 7 6 8
f 7 8 9
f 10 11 12
f 10 12 13
f 13 12 14
f 13 14 5
f 5 14 15
f 5 15 6
f 16 17 18
f 16 18 19
f 19 18 20
f 19 20 21
f 21 20 22
f 21 22 23
f 23 22 24
f 23 24 25
f 24 26 25
f 25 26 27
f 25 27 28
f 28 27 29
f 28 29 30
f 31 32 33
f 31 33 34
f 34 33 35
f 34 35 36
f 36 35 37
f 36 37 38
f 38 37 39
f 38 39 40
f 40 39 41
f 40 41 42
f 42 41 43
f 42 43 44
f 1 3 45
f 45 3 46
f 45 46 47
f 47 46 48
f 48 46 49
f 49 46 50
f 49 50 51
f 51 50 52
f 52 50 53
f 52 53 54
f 53 55 56
f 56 57 53
f 53 57 58
f 53 58 54
f 56 55 59
f 59 55 60
f 59 60 61
f 61 60 62
f 63 61 62
f 63 62 64
f 64 62 65
f 65 62 66
f 65 66 67
f 68 69 70
f 70 69 71
f 71 72 70
f 70 72 73
f 70 73 66
f 66 73 74
f 66 74 67
f 75 76 68
f 68 76 69
f 77 78 79
f 79 78 80
f 79 80 81
f 81 80 82
f 81 82 83
f 84 85 86
f 86 85 87
f 86 87 88
f 88 87 89
f 90 91 89
f 89 91 92
f 89 92 88
f 90 93 91
f 91 93 94
f 91 94 95
f 83 96 81
f 81 96 97
f 81 97 94
f 94 97 98
f 94 98 95
f 84 99 100
f 100 99 101
f 100 101 102
f 103 104 105
f 102 101 106
f 106 101 103
f 106 103 107
f 107 103 105
f 107 105 108
f 109 110 111
f 111 110 112
f 112 110 113
f 112 113 114
f 109 115 110
f 110 115 116
f 110 116 113
f 113 116 117
f 118 119 120
f 120 119 121
f 109 111 122
f 122 111 112
f 122 112 123
f 124 125 122
f 122 125 115
f 122 115 109
f 112 114 123
f 123 114 126
f 123 126 119
f 119 126 127
f 119 127 121
f 93 90 128
f 129 125 124
f 129 124 130
f 130 124 131
f 130 131 132
f 133 134 135
f 135 134 136
f 135 136 131
f 131 136 137
f 131 137 132
f 138 107 135
f 135 107 108
f 135 108 133
f 84 100 138
f 90 89 128
f 128 89 87
f 128 87 138
f 138 87 85
f 138 85 84
f 100 102 138
f 138 102 106
f 138 106 107
f 139 79 81
f 139 81 128
f 128 81 94
f 128 94 93
f 140 129 130
f 129 140 125
f 125 140 116
f 125 116 115
f 105 104 141
f 141 142 105
f 105 142 143
f 105 143 108
f 142 144 143
f 143 144 145
f 143 145 146
f 147 148 149
f 149 148 150
f 136 134 143
f 143 134 133
f 143 133 108
f 146 147 143
f 143 147 149
f 143 149 136
f 136 149 151
f 136 151 137
f 137 151 132
f 132 151 152
f 132 152 130
f 150 153 149
f 149 153 154
f 149 154 151
f 151 154 155
f 151 155 152
f 152 155 156
f 130 152 140
f 140 152 156
f 140 156 116
f 116 156 157
f 116 157 117
f 158 159 160
f 160 159 161
f 160 161 162
f 162 161 163
f 162 163 164
f 160 165 158
f 158 165 118
f 158 118 120
f 166 167 168
f 168 167 169
f 168 169 170
f 171 172 169
f 169 172 173
f 173 174 169
f 169 174 175
f 169 175 176
f 176 177 169
f 169 177 178
f 169 178 170
f 162 164 171
f 171 164 179
f 179 180 171
f 171 180 181
f 171 181 182
f 182 183 171
f 171 183 184
f 171 184 172
f 185 186 187
f 187 186 188
f 187 188 189
f 166 190 167
f 167 190 191
f 167 191 188
f 188 191 192
f 188 192 189
f 193 194 195
f 195 194 186
f 195 186 185
f 196 197 198
f 198 197 199
f 198 199 200
f 200 199 201
f 201 199 202
f 202 199 194
f 202 194 193
f 203 196 198
f 204 203 205
f 205 203 198
f 205 198 200
f 206 207 208
f 208 207 209
f 208 209 210
f 206 211 207
f 207 211 212
f 207 212 209
f 209 212 213
f 214 215 216
f 117 217 158
f 117 158 113
f 113 158 120
f 113 120 121
f 121 127 113
f 113 127 126
f 113 126 114
f 164 163 218
f 218 163 161
f 218 161 159
f 219 220 179
f 179 220 221
f 179 221 180
f 180 221 222
f 180 222 181
f 181 222 223
f 181 223 182
f 182 223 183
f 183 223 224
f 183 224 184
f 184 224 225
f 184 225 172
f 172 225 226
f 172 226 173
f 173 226 227
f 173 227 174
f 174 227 228
f 174 228 175
f 175 228 229
f 175 229 176
f 229 230 176
f 176 230 231
f 176 231 177
f 231 232 177
f 177 232 233
f 177 233 178
f 233 234 178
f 178 234 235
f 178 235 170
f 235 236 170
f 170 236 237
f 170 237 168
f 187 189 238
f 238 189 192
f 237 239 168
f 168 239 240
f 168 240 166
f 166 240 241
f 166 241 190
f 190 241 242
f 190 242 191
f 200 201 205
f 205 201 202
f 205 202 193
f 193 195 205
f 205 195 185
f 205 185 187
f 238 243 244
f 187 238 205
f 205 238 244
f 205 244 204
f 245 238 242
f 242 238 192
f 242 192 191
f 243 238 246
f 246 238 245
f 246 245 247
f 247 245 248
f 247 248 249
f 249 248 250
f 249 250 251
f 212 211 252
f 252 211 253
f 252 253 254
f 254 253 255
f 254 255 256
f 257 213 212
f 179 164 219
f 219 164 218
f 219 218 217
f 217 218 159
f 217 159 158
f 217 214 219
f 219 214 216
f 219 216 220
f 220 216 258
f 220 258 221
f 221 258 259
f 221 259 222
f 222 259 260
f 222 260 223
f 223 260 261
f 223 261 224
f 224 261 262
f 224 262 225
f 225 262 263
f 225 263 226
f 226 263 264
f 226 264 227
f 227 264 265
f 227 265 228
f 228 265 266
f 228 266 229
f 229 266 267
f 229 267 230
f 230 267 268
f 230 268 231
f 231 268 269
f 231 269 232
f 232 269 270
f 232 270 233
f 233 270 271
f 233 271 234
f 234 271 272
f 234 272 235
f 235 272 273
f 235 273 236
f 236 273 274
f 236 274 237
f 237 274 275
f 237 275 239
f 239 275 276
f 239 276 240
f 240 276 277
f 240 277 241
f 241 277 278
f 241 278 242
f 242 278 279
f 242 279 245
f 245 279 280
f 245 280 248
f 248 280 281
f 248 281 250
f 250 281 256
f 250 256 251
f 251 256 255
f 212 252 257
f 257 252 254
f 257 254 282
f 282 254 256
f 282 256 283
f 283 256 281
f 283 281 284
f 284 281 280
f 284 280 285
f 285 280 279
f 285 279 286
f 286 279 278
f 286 278 287
f 287 278 277
f 287 277 288
f 288 277 276
f 288 276 289
f 289 276 275
f 289 275 290
f 290 275 274
f 290 274 291
f 291 274 273
f 291 273 292
f 292 273 272
f 292 272 293
f 293 272 271
f 293 271 294
f 294 271 270
f 294 270 295
f 295 270 269
f 295 269 296
f 296 269 268
f 296 268 297
f 297 268 267
f 297 267 298
f 298 267 266
f 298 266 299
f 299 266 265
f 299 265 300
f 300 265 264
f 300 264 301
f 301 264 263
f 301 263 302
f 302 263 262
f 302 262 303
f 303 262 261
f 303 261 304
f 304 261 260
f 304 260 305
f 305 260 259
f 305 259 306
f 306 259 258
f 306 258 307
f 307 258 216
f 307 216 308
f 308 216 215
f 308 215 309
f 310 311 312
f 312 311 313
f 312 313 314
f 314 313 315
f 314 315 316
f 316 315 317
f 316 317 318
f 319 320 321
f 321 320 318
f 321 318 322
f 322 318 317
f 317 323 322
f 322 323 324
f 322 324 321
f 321 324 325
f 321 325 319
f 326 327 289
f 328 298 329
f 297 298 296
f 296 298 328
f 296 328 295
f 295 328 294
f 290 291 329
f 329 291 292
f 329 292 328
f 328 292 293
f 328 293 294
f 313 330 315
f 315 330 331
f 315 331 317
f 317 331 332
f 317 332 323
f 333 334 335
f 333 335 336
f 330 337 338
f 338 337 334
f 338 334 339
f 339 334 333
f 335 340 336
f 336 340 341
f 336 341 342
f 301 302 343
f 343 302 303
f 343 303 304
f 298 299 343
f 343 299 300
f 343 300 301
f 343 344 298
f 298 344 326
f 298 326 329
f 329 326 289
f 329 289 290
f 304 305 343
f 343 305 306
f 343 306 345
f 345 306 307
f 307 308 345
f 345 308 309
f 345 309 346
f 257 313 213
f 213 313 311
f 257 282 313
f 313 282 283
f 313 283 284
f 284 285 313
f 313 285 286
f 313 286 287
f 287 288 313
f 313 288 289
f 313 289 330
f 330 289 327
f 330 327 337
f 347 210 311
f 311 210 209
f 311 209 213
f 348 347 310
f 310 347 311
f 349 348 350
f 350 348 310
f 350 310 351
f 24 63 64
f 69 76 71
f 71 76 352
f 71 352 72
f 72 352 73
f 73 352 353
f 73 353 354
f 351 310 355
f 355 310 312
f 355 312 356
f 354 356 73
f 73 356 312
f 73 312 74
f 74 312 314
f 74 314 67
f 67 314 316
f 67 316 65
f 65 316 64
f 316 318 64
f 64 318 320
f 64 320 24
f 24 320 319
f 20 63 22
f 22 63 24
f 17 357 18
f 18 357 57
f 57 56 18
f 18 56 59
f 18 59 20
f 20 59 61
f 20 61 63
f 54 358 52
f 52 358 359
f 52 359 51
f 51 359 49
f 360 2 1
f 1 45 360
f 360 45 47
f 360 47 359
f 359 47 48
f 359 48 49
f 54 58 358
f 358 58 57
f 358 57 357
f 361 362 363
f 364 9 8
f 365 366 367
f 368 369 370
f 371 372 373
f 374 375 376
f 376 375 377
f 376 377 378
f 378 377 379
f 380 381 382
f 382 381 383
f 382 383 384
f 384 383 385
f 384 385 367
f 362 364 363
f 363 364 8
f 363 8 386
f 386 8 6
f 386 6 387
f 387 6 15
f 387 15 388
f 388 15 14
f 378 389 376
f 376 389 373
f 376 373 374
f 374 373 372
f 11 368 12
f 12 368 370
f 12 370 14
f 14 370 390
f 14 390 388
f 391 392 393
f 393 392 394
f 393 394 365
f 365 367 393
f 393 367 385
f 393 385 391
f 391 385 383
f 391 383 379
f 379 383 381
f 379 381 378
f 378 381 380
f 378 380 389
f 366 361 367
f 367 361 363
f 367 363 384
f 384 363 386
f 384 386 382
f 382 386 387
f 382 387 380
f 380 387 388
f 380 388 389
f 389 388 390
f 389 390 373
f 373 390 370
f 373 370 371
f 371 370 369
f 395 396 397
f 397 396 398
f 397 398 399
f 7 9 400
f 400 9 397
f 400 397 401
f 401 397 399
f 394 402 403
f 397 9 364
f 397 364 404
f 404 364 362
f 404 362 405
f 362 361 405
f 405 361 366
f 405 366 403
f 403 366 365
f 403 365 394
f 406 407 408
f 408 407 409
f 408 409 410
f 411 412 410
f 410 412 413
f 410 413 408
f 408 413 406
f 414 415 416
f 417 418 419
f 420 421 422
f 422 421 423
f 423 424 422
f 422 424 425
f 422 425 426
f 417 419 427
f 427 419 416
f 427 416 428
f 428 416 429
f 429 416 413
f 429 413 412
f 415 430 416
f 416 430 431
f 416 431 432
f 406 413 433
f 433 413 416
f 433 416 434
f 434 416 432
f 435 436 416
f 416 436 437
f 437 438 416
f 416 438 439
f 416 439 414
f 440 419 422
f 422 419 418
f 422 418 420
f 440 441 419
f 419 441 442
f 419 442 443
f 443 444 419
f 419 444 445
f 419 445 416
f 416 445 446
f 416 446 435
f 426 447 448
f 448 449 426
f 426 449 450
f 426 450 422
f 422 450 451
f 422 451 440
f 452 453 454
f 455 456 457
f 448 458 459
f 455 460 461
f 461 460 462
f 461 462 77
f 77 462 78
f 78 462 463
f 78 463 80
f 80 463 464
f 80 464 82
f 82 464 83
f 83 464 465
f 83 465 96
f 96 465 466
f 96 466 97
f 97 466 467
f 97 467 98
f 98 467 468
f 98 468 95
f 95 468 469
f 95 469 91
f 469 470 91
f 91 470 471
f 91 471 92
f 92 471 472
f 92 472 88
f 88 472 86
f 86 472 473
f 86 473 84
f 84 473 99
f 99 473 474
f 99 474 101
f 474 475 101
f 101 475 476
f 101 476 103
f 453 104 454
f 454 104 103
f 454 103 477
f 477 103 476
f 448 459 449
f 449 459 478
f 449 478 450
f 450 478 479
f 450 479 451
f 451 479 480
f 451 480 440
f 440 480 481
f 440 481 441
f 441 481 482
f 441 482 442
f 442 482 483
f 442 483 443
f 443 483 484
f 443 484 444
f 444 484 485
f 444 485 445
f 445 485 486
f 445 486 446
f 446 486 487
f 446 487 435
f 435 487 488
f 435 488 436
f 436 488 489
f 436 489 437
f 437 489 490
f 437 490 438
f 438 490 491
f 438 491 439
f 439 491 492
f 439 492 414
f 414 492 493
f 414 493 415
f 415 493 457
f 415 457 430
f 430 457 456
f 430 456 431
f 431 456 494
f 431 494 432
f 432 494 495
f 432 495 434
f 496 497 433
f 433 497 407
f 433 407 406
f 455 498 456
f 456 498 499
f 456 499 494
f 494 499 500
f 494 500 495
f 495 500 496
f 495 496 434
f 434 496 433
f 460 455 457
f 460 457 462
f 462 457 493
f 462 493 463
f 463 493 492
f 463 492 464
f 464 492 491
f 464 491 465
f 465 491 490
f 465 490 466
f 466 490 489
f 466 489 467
f 467 489 488
f 467 488 468
f 468 488 487
f 468 487 469
f 469 487 486
f 469 486 470
f 470 486 485
f 470 485 471
f 471 485 484
f 471 484 472
f 472 484 483
f 472 483 473
f 473 483 482
f 473 482 474
f 474 482 481
f 474 481 475
f 475 481 480
f 475 480 476
f 476 480 479
f 476 479 477
f 477 479 478
f 477 478 454
f 454 478 459
f 454 459 452
f 452 459 458
f 214 217 501
f 104 502 141
f 141 502 503
f 141 503 142
f 142 503 504
f 142 504 144
f 144 504 145
f 145 504 505
f 145 505 146
f 146 505 506
f 146 506 147
f 147 506 507
f 147 507 148
f 148 507 508
f 148 508 150
f 150 508 509
f 150 509 153
f 153 509 510
f 153 510 154
f 510 511 154
f 154 511 512
f 154 512 155
f 512 513 155
f 155 513 514
f 155 514 156
f 514 515 156
f 156 515 501
f 156 501 157
f 157 501 217
f 157 217 117
f 516 517 518
f 518 517 519
f 520 521 522
f 522 521 523
f 522 523 524
f 524 523 525
f 524 525 516
f 516 525 526
f 516 526 517
f 448 520 458
f 458 520 522
f 458 522 452
f 309 527 528
f 528 527 529
f 528 529 530
f 530 529 531
f 530 531 532
f 532 531 533
f 532 533 534
f 534 533 535
f 534 535 536
f 536 535 537
f 536 537 538
f 538 537 539
f 538 539 540
f 540 539 541
f 540 541 542
f 542 541 543
f 542 543 544
f 544 543 545
f 544 545 546
f 546 545 547
f 546 547 548
f 548 547 518
f 548 518 549
f 549 518 519
f 549 519 550
f 309 215 527
f 527 215 551
f 527 551 529
f 529 551 552
f 529 552 531
f 531 552 553
f 531 553 533
f 533 553 554
f 533 554 535
f 535 554 555
f 535 555 537
f 537 555 556
f 537 556 539
f 539 556 557
f 539 557 541
f 541 557 558
f 541 558 543
f 543 558 559
f 543 559 545
f 545 559 560
f 545 560 547
f 547 560 561
f 547 561 518
f 518 561 562
f 518 562 516
f 516 562 563
f 516 563 524
f 524 563 564
f 524 564 522
f 522 564 565
f 522 565 452
f 452 565 453
f 215 214 551
f 551 214 501
f 551 501 552
f 552 501 515
f 552 515 553
f 553 515 514
f 553 514 554
f 554 514 513
f 554 513 555
f 555 513 512
f 555 512 556
f 556 512 511
f 556 511 557
f 557 511 510
f 557 510 558
f 558 510 509
f 558 509 559
f 559 509 508
f 559 508 560
f 560 508 507
f 560 507 561
f 561 507 506
f 561 506 562
f 562 506 505
f 562 505 563
f 563 505 504
f 563 504 564
f 564 504 503
f 564 503 565
f 565 503 502
f 565 502 453
f 453 502 104
f 566 567 568
f 319 569 570
f 24 319 26
f 26 319 27
f 377 375 43
f 571 569 572
f 572 569 319
f 572 319 325
f 544 546 573
f 570 574 319
f 319 574 575
f 319 575 568
f 568 575 576
f 568 576 566
f 319 577 578
f 578 579 319
f 319 579 580
f 319 580 27
f 27 580 581
f 27 581 29
f 33 568 35
f 35 568 402
f 35 402 37
f 37 402 39
f 571 572 582
f 582 572 583
f 582 583 584
f 584 583 585
f 584 585 586
f 544 573 542
f 346 309 587
f 587 309 528
f 587 528 588
f 577 319 589
f 589 319 568
f 589 568 590
f 402 394 39
f 39 394 392
f 39 392 41
f 41 392 391
f 41 391 43
f 43 391 379
f 43 379 377
f 591 592 593
f 593 592 594
f 546 548 573
f 573 548 549
f 573 549 550
f 528 530 588
f 588 530 532
f 588 532 595
f 595 532 534
f 33 32 568
f 568 32 596
f 568 596 590
f 342 341 597
f 597 341 591
f 597 591 598
f 598 591 593
f 598 593 586
f 586 593 599
f 586 599 584
f 534 536 595
f 595 536 538
f 595 538 540
f 540 542 595
f 595 542 573
f 595 573 594
f 594 573 600
f 594 600 593
f 601 602 603
f 603 602 604
f 603 604 605
f 606 607 608
f 608 607 609
f 608 609 610
f 611 612 613
f 613 612 608
f 613 608 610
f 611 613 614
f 614 613 615
f 614 615 616
f 616 615 617
f 616 617 618
f 618 617 619
f 618 619 620
f 621 622 623
f 623 622 624
f 625 607 626
f 626 607 606
f 627 628 629
f 629 628 630
f 629 630 631
f 632 633 630
f 633 634 630
f 630 634 635
f 630 635 631
f 636 637 638
f 638 637 639
f 620 640 618
f 618 640 641
f 618 641 616
f 616 641 614
f 611 614 642
f 642 614 641
f 642 641 643
f 643 641 640
f 643 640 644
f 628 621 630
f 630 621 623
f 630 623 626
f 626 623 624
f 626 624 625
f 612 611 645
f 645 611 642
f 645 642 646
f 646 642 643
f 646 643 638
f 638 643 644
f 638 644 636
f 608 612 606
f 606 612 645
f 606 645 626
f 626 645 646
f 626 646 630
f 630 646 638
f 630 638 632
f 632 638 639
f 647 640 648
f 648 640 620
f 648 620 649
f 650 637 651
f 651 637 636
f 651 636 647
f 647 636 644
f 647 644 640
f 652 653 620
f 620 653 654
f 620 654 649
f 652 620 655
f 655 620 619
f 655 619 656
f 654 657 649
f 649 657 658
f 649 658 659
f 659 658 660
f 659 660 661
f 662 663 664
f 664 663 649
f 664 649 659
f 662 664 665
f 665 664 666
f 665 666 667
f 667 666 668
f 667 668 669
f 669 668 601
f 669 601 603
f 665 667 670
f 663 662 671
f 648 649 663
f 672 673 674
f 674 673 675
f 663 671 648
f 648 671 676
f 648 676 647
f 647 676 674
f 647 674 651
f 651 674 675
f 651 675 650
f 677 678 679
f 679 678 680
f 679 680 681
f 426 682 679
f 679 682 683
f 683 684 679
f 679 684 685
f 679 685 677
f 686 687 688
f 688 687 689
f 669 603 690
f 690 603 605
f 690 605 687
f 687 605 604
f 687 604 689
f 667 669 670
f 670 669 690
f 670 690 691
f 691 690 687
f 691 687 679
f 679 687 686
f 679 686 426
f 426 686 688
f 662 665 671
f 671 665 670
f 671 670 676
f 676 670 691
f 676 691 674
f 674 691 679
f 674 679 672
f 672 679 681
f 692 693 694
f 692 694 695
f 695 694 696
f 695 696 697
f 697 696 698
f 697 698 699
f 698 700 699
f 699 700 701
f 699 701 702
f 702 701 703
f 702 703 704
f 704 703 705
f 704 705 706
f 707 708 709
f 707 709 710
f 710 709 711
f 710 711 712
f 712 711 713
f 712 713 714
f 714 713 715
f 714 715 716
f 716 715 717
f 716 717 718
f 718 717 719
f 718 719 720
f 721 722 723
f 723 722 724
f 723 724 725
f 725 724 726
f 726 724 727
f 727 724 728
f 727 728 729
f 729 728 730
f 729 730 731
f 730 732 731
f 731 732 733
f 731 733 734
f 734 733 735
f 734 735 736
f 736 735 737
f 736 737 738
f 739 740 741
f 741 740 742
f 743 744 745
f 745 744 746
f 744 747 746
f 746 747 748
f 746 748 749
f 749 748 750
f 749 750 751
f 739 741 745
f 745 741 752
f 745 752 743
f 753 754 755
f 755 754 749
f 755 749 756
f 756 749 751
f 754 753 757
f 757 753 758
f 757 758 759
f 759 758 760
f 761 762 763
f 763 762 764
f 763 764 765
f 765 764 766
f 766 764 767
f 767 764 768
f 767 768 769
f 759 760 770
f 769 768 771
f 771 768 759
f 771 759 772
f 772 759 770
f 773 774 761
f 761 774 762
f 775 705 755
f 755 705 703
f 755 703 753
f 753 703 758
f 758 703 760
f 760 703 701
f 760 701 770
f 770 701 700
f 770 700 698
f 755 756 775
f 775 756 776
f 741 742 752
f 752 742 777
f 752 777 743
f 743 777 744
f 744 777 778
f 744 778 747
f 756 751 776
f 776 751 750
f 776 750 778
f 778 750 748
f 778 748 747
f 779 780 781
f 782 783 784
f 784 783 785
f 730 728 786
f 730 786 787
f 732 788 733
f 733 788 789
f 733 789 735
f 790 791 792
f 792 791 793
f 792 793 794
f 794 793 795
f 794 795 796
f 797 782 798
f 798 782 784
f 798 784 779
f 779 784 785
f 779 785 780
f 789 799 735
f 735 799 800
f 735 800 737
f 737 800 801
f 737 801 738
f 738 801 781
f 802 803 804
f 804 803 805
f 804 805 806
f 806 805 807
f 806 807 808
f 808 807 787
f 808 787 809
f 809 787 786
f 810 811 798
f 798 811 812
f 798 812 797
f 788 790 789
f 789 790 792
f 789 792 799
f 799 792 794
f 799 794 800
f 800 794 796
f 800 796 801
f 781 801 779
f 779 801 796
f 779 796 798
f 798 796 795
f 798 795 810
f 810 795 793
f 810 793 803
f 803 793 791
f 803 791 805
f 805 791 790
f 805 790 807
f 807 790 788
f 807 788 787
f 787 788 732
f 787 732 730
f 728 724 813
f 814 802 804
f 814 804 815
f 815 804 806
f 815 806 816
f 806 808 816
f 816 808 809
f 816 809 813
f 813 809 786
f 813 786 728
f 817 818 819
f 819 818 820
f 819 820 821
f 821 820 822
f 821 822 823
f 823 822 824
f 824 822 825
f 824 825 826
f 827 818 828
f 828 818 817
f 829 830 831
f 831 830 832
f 831 832 833
f 833 832 834
f 834 832 835
f 835 832 836
f 835 836 837
f 837 836 827
f 837 827 828
f 835 838 834
f 834 838 839
f 834 839 833
f 838 840 839
f 839 840 841
f 839 841 833
f 833 841 842
f 833 842 831
f 843 844 845
f 846 847 848
f 841 840 849
f 850 842 841
f 841 849 850
f 850 849 851
f 850 851 848
f 848 851 852
f 848 852 846
f 831 842 829
f 829 842 850
f 829 850 853
f 853 850 848
f 854 855 848
f 848 855 856
f 848 856 853
f 857 858 859
f 859 858 860
f 859 861 857
f 857 861 862
f 857 862 863
f 847 860 848
f 848 860 858
f 848 858 854
f 854 858 857
f 854 857 864
f 864 857 863
f 864 863 865
f 865 863 866
f 862 867 863
f 863 867 868
f 863 868 869
f 843 845 870
f 871 866 845
f 845 866 863
f 845 863 870
f 870 863 869
f 845 844 872
f 873 874 875
f 875 874 876
f 875 876 877
f 877 876 872
f 871 845 878
f 878 845 872
f 878 872 879
f 879 872 876
f 880 881 882
f 882 881 883
f 882 883 884
f 884 883 885
f 884 885 886
f 886 885 887
f 886 887 888
f 888 887 873
f 889 890 891
f 891 890 892
f 891 892 893
f 880 894 881
f 881 894 895
f 881 895 896
f 896 895 897
f 896 897 889
f 889 897 898
f 889 898 890
f 893 899 891
f 891 899 900
f 891 900 901
f 902 903 904
f 904 903 905
f 904 905 906
f 900 907 901
f 901 907 908
f 901 908 902
f 902 908 909
f 902 909 903
f 906 910 904
f 904 910 911
f 904 911 912
f 912 911 913
f 912 913 914
f 915 916 917
f 917 916 918
f 917 918 919
f 920 921 915
f 915 921 922
f 915 922 916
f 923 924 920
f 920 924 925
f 920 925 921
f 923 920 926
f 926 920 927
f 926 927 928
f 928 927 929
f 928 929 930
f 931 932 933
f 931 933 929
f 929 933 934
f 929 934 930
f 935 936 931
f 931 936 937
f 931 937 932
f 914 938 912
f 912 938 939
f 912 939 935
f 935 939 940
f 935 940 936
f 941 942 943
f 917 919 944
f 944 945 917
f 917 945 946
f 917 946 943
f 943 946 947
f 943 947 941
f 942 948 943
f 943 948 949
f 943 949 79
f 79 949 950
f 79 950 77
f 920 915 951
f 951 915 917
f 951 917 139
f 139 917 943
f 139 943 79
f 935 931 952
f 952 931 929
f 952 929 951
f 951 929 927
f 951 927 920
f 901 902 953
f 953 902 904
f 953 904 952
f 952 904 912
f 952 912 935
f 881 896 954
f 954 896 889
f 954 889 953
f 953 889 891
f 953 891 901
f 879 876 955
f 955 876 874
f 955 874 873
f 873 887 955
f 955 887 885
f 955 885 954
f 954 885 883
f 954 883 881
f 865 866 956
f 956 866 871
f 956 871 955
f 955 871 878
f 955 878 879
f 957 855 854
f 957 854 956
f 956 854 864
f 956 864 865
f 830 829 853
f 830 853 957
f 957 853 856
f 957 856 855
f 958 959 960
f 960 959 197
f 960 197 196
f 196 203 960
f 960 203 961
f 960 961 958
f 958 961 962
f 203 204 961
f 961 204 963
f 961 963 964
f 965 966 967
f 967 966 968
f 967 968 969
f 970 962 967
f 967 962 961
f 967 961 965
f 965 961 964
f 971 972 973
f 967 969 974
f 970 967 975
f 967 974 975
f 975 974 976
f 975 976 977
f 977 976 978
f 977 978 979
f 979 978 980
f 979 980 981
f 982 983 981
f 981 983 984
f 981 984 979
f 979 984 985
f 979 985 977
f 977 985 986
f 977 986 975
f 975 986 987
f 975 987 970
f 971 973 980
f 980 973 981
f 981 973 988
f 981 988 982
f 989 990 991
f 992 993 994
f 994 993 995
f 994 995 991
f 996 997 995
f 995 997 998
f 995 998 991
f 991 998 999
f 991 999 989
f 993 988 995
f 995 988 973
f 995 973 996
f 996 973 972
f 1000 982 988
f 1000 988 1001
f 1001 988 993
f 1001 993 992
f 985 984 1002
f 1002 984 1000
f 1000 984 983
f 1000 983 982
f 970 987 1002
f 1002 987 986
f 1002 986 985
f 970 1002 962
f 962 1002 959
f 962 959 958
f 1003 1004 991
f 1001 992 1004
f 1004 992 994
f 1004 994 991
f 991 990 1003
f 1003 990 1005
f 1003 1005 1006
f 1006 1005 1007
f 1006 1007 1008
f 1009 1006 1010
f 1010 1006 1008
f 1011 1012 1013
f 1014 1009 1010
f 1010 1015 1014
f 1014 1015 1016
f 1014 1016 1013
f 1013 1016 1017
f 1013 1017 1011
f 1018 1019 1020
f 1021 1022 1020
f 1020 1022 1023
f 1020 1023 1018
f 826 825 1024
f 1024 825 1020
f 1024 1020 1025
f 1025 1020 1019
f 1026 1027 1028
f 1029 1030 1028
f 1028 1030 1031
f 1028 1031 1032
f 1032 1033 1028
f 1028 1033 1034
f 1028 1034 1026
f 1027 1035 1028
f 1028 1035 1036
f 1028 1036 1020
f 1020 1036 1037
f 1020 1037 1021
f 1013 1012 1028
f 1028 1012 1038
f 1038 1039 1028
f 1028 1039 1040
f 1028 1040 1041
f 1041 1042 1028
f 1028 1042 1043
f 1028 1043 1029
f 1044 1045 1046
f 990 989 1005
f 1005 989 1007
f 1047 1015 1010
f 1038 1012 1048
f 1048 1012 1011
f 1048 1011 1017
f 1048 1049 1038
f 1038 1049 1050
f 1038 1050 1039
f 1039 1050 1051
f 1039 1051 1040
f 1040 1051 1052
f 1040 1052 1041
f 1041 1052 1053
f 1041 1053 1042
f 1042 1053 1054
f 1042 1054 1043
f 1043 1054 1055
f 1043 1055 1029
f 1029 1055 1056
f 1029 1056 1030
f 1030 1056 1057
f 1030 1057 1031
f 1031 1057 1058
f 1031 1058 1032
f 1032 1058 1033
f 1033 1058 1059
f 1033 1059 1034
f 1034 1059 1060
f 1034 1060 1026
f 1026 1060 1061
f 1026 1061 1027
f 1027 1061 1062
f 1027 1062 1035
f 1035 1062 1063
f 1035 1063 1036
f 1036 1063 1064
f 1036 1064 1037
f 1037 1064 1065
f 1037 1065 1021
f 1021 1065 1022
f 1022 1065 1066
f 1022 1066 1023
f 1023 1066 1067
f 1023 1067 1018
f 1018 1067 1068
f 1018 1068 1019
f 1019 1068 1069
f 1019 1069 1025
f 1025 1069 1024
f 1024 1069 1070
f 1024 1070 826
f 1071 1072 824
f 824 1072 823
f 819 821 840
f 840 821 1073
f 819 840 817
f 817 840 838
f 817 838 828
f 828 838 835
f 828 835 837
f 972 1074 996
f 996 1074 1075
f 996 1075 997
f 997 1075 1076
f 997 1076 998
f 998 1076 1047
f 998 1047 999
f 999 1047 1010
f 999 1010 989
f 989 1010 1008
f 989 1008 1007
f 821 823 1073
f 1073 823 1072
f 1073 1072 1077
f 824 826 1071
f 1071 826 1070
f 1071 1070 1072
f 1072 1070 1078
f 1072 1078 1077
f 1077 1078 1079
f 972 1080 1074
f 1074 1080 1081
f 1074 1081 1075
f 1075 1081 1082
f 1075 1082 1076
f 1076 1082 1083
f 1076 1083 1047
f 1047 1083 1084
f 1047 1084 1015
f 1015 1084 1048
f 1015 1048 1016
f 1016 1048 1017
f 1080 1044 1081
f 1081 1044 1046
f 1081 1046 1082
f 1082 1046 1085
f 1082 1085 1083
f 1083 1085 1086
f 1083 1086 1084
f 1084 1086 1087
f 1084 1087 1048
f 1048 1087 1088
f 1048 1088 1049
f 1049 1088 1089
f 1049 1089 1050
f 1050 1089 1090
f 1050 1090 1051
f 1051 1090 1091
f 1051 1091 1052
f 1052 1091 1092
f 1052 1092 1053
f 1053 1092 1093
f 1053 1093 1054
f 1054 1093 1094
f 1054 1094 1055
f 1055 1094 1095
f 1055 1095 1056
f 1056 1095 1096
f 1056 1096 1057
f 1057 1096 1097
f 1057 1097 1058
f 1058 1097 1098
f 1058 1098 1059
f 1059 1098 1099
f 1059 1099 1060
f 1060 1099 1100
f 1060 1100 1061
f 1061 1100 1101
f 1061 1101 1062
f 1062 1101 1102
f 1062 1102 1063
f 1063 1102 1103
f 1063 1103 1064
f 1064 1103 1104
f 1064 1104 1065
f 1065 1104 1105
f 1065 1105 1066
f 1066 1105 1106
f 1066 1106 1067
f 1067 1106 1107
f 1067 1107 1068
f 1068 1107 1108
f 1068 1108 1069
f 1069 1108 1109
f 1069 1109 1070
f 1070 1109 1110
f 1070 1110 1078
f 1078 1110 1111
f 1078 1111 1079
f 1079 1111 1112
f 1112 1111 1113
f 1113 1111 1110
f 1113 1110 1114
f 1114 1110 1109
f 1114 1109 1115
f 1115 1109 1108
f 1115 1108 1116
f 1116 1108 1107
f 1116 1107 1117
f 1117 1107 1106
f 1117 1106 1118
f 1118 1106 1105
f 1118 1105 1119
f 1119 1105 1104
f 1119 1104 1120
f 1120 1104 1103
f 1120 1103 1121
f 1121 1103 1102
f 1121 1102 1122
f 1122 1102 1101
f 1122 1101 1123
f 1123 1101 1100
f 1123 1100 1124
f 1124 1100 1099
f 1124 1099 1125
f 1125 1099 1098
f 1125 1098 1126
f 1126 1098 1097
f 1126 1097 1127
f 1127 1097 1096
f 1127 1096 1128
f 1128 1096 1095
f 1128 1095 1129
f 1129 1095 1094
f 1129 1094 1130
f 1130 1094 1093
f 1130 1093 1131
f 1131 1093 1092
f 1131 1092 1132
f 1132 1092 1091
f 1132 1091 1133
f 1133 1091 1090
f 1133 1090 1134
f 1134 1090 1089
f 1134 1089 1135
f 1135 1089 1088
f 1135 1088 1136
f 1136 1088 1087
f 1136 1087 1137
f 1137 1087 1086
f 1137 1086 1138
f 1138 1086 1085
f 1138 1085 1139
f 1139 1085 1046
f 1139 1046 1140
f 1140 1046 1045
f 1140 1045 1141
f 1142 1143 1144
f 253 211 1145
f 253 1146 255
f 255 1146 1147
f 255 1147 1148
f 1148 1147 1149
f 1148 1149 1150
f 1150 1149 1151
f 1143 1152 1144
f 1144 1152 1151
f 1144 1151 1153
f 1153 1151 1149
f 963 204 1142
f 253 1145 1146
f 1146 1145 1154
f 1146 1154 1155
f 1142 1144 963
f 963 1144 1153
f 963 1153 964
f 964 1153 1149
f 964 1149 965
f 965 1149 1147
f 965 1147 966
f 966 1147 1146
f 966 1146 968
f 968 1146 1155
f 968 1155 969
f 1044 1080 1156
f 1154 1145 1157
f 1155 1158 969
f 969 1158 974
f 1158 1159 974
f 974 1159 1160
f 974 1160 976
f 1160 1161 976
f 976 1161 1162
f 976 1162 978
f 1162 1163 978
f 978 1163 1164
f 978 1164 980
f 1164 1165 980
f 980 1165 1156
f 980 1156 971
f 971 1156 1080
f 971 1080 972
f 1166 1167 1168
f 1141 1169 1170
f 1170 1169 1171
f 1170 1171 1172
f 1172 1171 1173
f 1172 1173 1174
f 1174 1173 1175
f 1174 1175 1176
f 1176 1175 1177
f 1176 1177 1178
f 1178 1177 1179
f 1178 1179 1180
f 1180 1179 1181
f 1180 1181 1182
f 1182 1181 1166
f 1182 1166 1183
f 1183 1166 1168
f 1183 1168 210
f 1141 1045 1169
f 1169 1045 1184
f 1169 1184 1171
f 1171 1184 1185
f 1171 1185 1173
f 1173 1185 1186
f 1173 1186 1175
f 1175 1186 1187
f 1175 1187 1177
f 1177 1187 1188
f 1177 1188 1179
f 1179 1188 1189
f 1179 1189 1181
f 1181 1189 1190
f 1181 1190 1166
f 1166 1190 1191
f 1166 1191 1167
f 1167 1191 1157
f 1167 1157 211
f 211 1157 1145
f 1045 1044 1184
f 1184 1044 1156
f 1184 1156 1185
f 1185 1156 1165
f 1185 1165 1186
f 1186 1165 1164
f 1186 1164 1187
f 1187 1164 1163
f 1187 1163 1188
f 1188 1163 1162
f 1188 1162 1189
f 1189 1162 1161
f 1189 1161 1190
f 1190 1161 1160
f 1190 1160 1191
f 1191 1160 1159
f 1191 1159 1157
f 1157 1159 1158
f 1157 1158 1154
f 1154 1158 1155
f 1192 1193 348
f 348 1193 347
f 1194 1195 1192
f 1194 1192 1196
f 1196 1192 1197
f 1197 1192 348
f 1197 348 349
f 1193 1192 1198
f 1198 1192 1199
f 1198 1199 1200
f 1200 1199 1201
f 1200 1201 1202
f 1202 1201 1203
f 1202 1203 1204
f 1204 1203 1205
f 1204 1205 1206
f 1206 1205 1207
f 1206 1207 1208
f 1138 1139 1198
f 1138 1198 1137
f 1134 1135 1198
f 1198 1135 1136
f 1198 1136 1137
f 1139 1140 1198
f 1198 1140 1141
f 1198 1141 1193
f 1200 1132 1198
f 1198 1132 1133
f 1198 1133 1134
f 1130 1209 1129
f 1129 1209 1127
f 1129 1127 1128
f 1200 1202 1132
f 1132 1202 1209
f 1132 1209 1131
f 1131 1209 1130
f 1204 1117 1118
f 1118 1119 1204
f 1204 1119 1120
f 1204 1120 1121
f 1126 1127 1125
f 1125 1127 1209
f 1125 1209 1124
f 1124 1209 1202
f 1124 1202 1123
f 1123 1202 1204
f 1123 1204 1122
f 1122 1204 1121
f 1113 1206 1112
f 1112 1206 1208
f 1113 1114 1206
f 1206 1114 1115
f 1206 1115 1204
f 1204 1115 1116
f 1204 1116 1117
f 1172 1193 1170
f 1170 1193 1141
f 1180 1182 347
f 347 1182 1183
f 347 1183 210
f 1172 1174 1193
f 1193 1174 1176
f 1193 1176 347
f 347 1176 1178
f 347 1178 1180
f 769 771 1203
f 698 1208 1207
f 1199 1192 1195
f 1210 767 1211
f 1211 767 1199
f 1211 1199 1212
f 1212 1199 1195
f 1210 1213 767
f 767 1213 1214
f 767 1214 766
f 766 1214 765
f 773 761 1214
f 1214 761 763
f 1214 763 765
f 770 698 772
f 772 698 1207
f 772 1207 771
f 771 1207 1205
f 771 1205 1203
f 769 1203 767
f 767 1203 1201
f 767 1201 1199
f 1215 1112 1208
f 1216 719 717
f 1217 1218 1219
f 708 797 709
f 709 797 812
f 812 811 709
f 709 811 810
f 709 810 711
f 1220 1221 1222
f 814 713 802
f 802 713 711
f 802 711 803
f 803 711 810
f 1223 696 1224
f 1224 696 694
f 1223 1225 696
f 696 1225 1208
f 696 1208 698
f 1222 1226 1220
f 1220 1226 1227
f 1220 1227 1228
f 1219 1216 1217
f 1217 1216 717
f 1217 717 814
f 814 717 715
f 814 715 713
f 1229 1230 1231
f 1225 1232 1208
f 1208 1232 1233
f 1208 1233 1234
f 1234 1233 1229
f 1234 1229 1235
f 1235 1229 1231
f 1228 1236 1220
f 1220 1236 1208
f 1220 1208 1237
f 1237 1208 1234
f 694 693 1238
f 1239 1240 1217
f 1217 1240 1241
f 1217 1241 1218
f 1236 1242 1208
f 1208 1242 1243
f 1208 1243 1244
f 1238 1245 694
f 694 1245 1246
f 694 1246 1224
f 1224 1246 1240
f 1224 1240 1247
f 1247 1240 1239
f 1244 1248 1208
f 1208 1248 1249
f 1208 1249 1215
f 1250 1251 1252
f 840 1253 849
f 849 1253 1254
f 849 1254 851
f 851 1254 1255
f 851 1255 852
f 852 1255 1256
f 852 1256 846
f 846 1256 1257
f 846 1257 847
f 847 1257 1258
f 847 1258 860
f 860 1258 1259
f 860 1259 859
f 859 1259 1260
f 859 1260 861
f 861 1260 1261
f 861 1261 862
f 862 1261 1262
f 862 1262 867
f 867 1262 1263
f 867 1263 868
f 868 1263 1264
f 868 1264 869
f 869 1264 1265
f 869 1265 870
f 870 1265 1252
f 870 1252 843
f 843 1252 1251
f 843 1251 844
f 1266 1267 1268
f 1268 1267 1269
f 1270 1271 1272
f 1272 1271 1273
f 1272 1273 1268
f 1268 1273 1274
f 1268 1274 1266
f 1079 1112 1215
f 1077 1079 1275
f 1079 1215 1275
f 1275 1215 1249
f 1275 1249 1276
f 1276 1249 1248
f 1276 1248 1277
f 1277 1248 1244
f 1277 1244 1278
f 1278 1244 1243
f 1278 1243 1279
f 1279 1243 1242
f 1279 1242 1280
f 1280 1242 1236
f 1280 1236 1281
f 1281 1236 1228
f 1281 1228 1282
f 1282 1228 1227
f 1282 1227 1283
f 1283 1227 1226
f 1283 1226 1284
f 1284 1226 1222
f 1284 1222 1285
f 1285 1222 1221
f 1285 1221 1270
f 1270 1221 1286
f 1270 1286 1271
f 1269 1287 1268
f 1268 1287 1288
f 1268 1288 1272
f 1272 1288 1289
f 1272 1289 1270
f 1270 1289 1290
f 1270 1290 1285
f 1285 1290 1291
f 1285 1291 1284
f 1284 1291 1292
f 1284 1292 1283
f 1283 1292 1293
f 1283 1293 1282
f 1282 1293 1294
f 1282 1294 1281
f 1281 1294 1295
f 1281 1295 1280
f 1280 1295 1296
f 1280 1296 1279
f 1279 1296 1297
f 1279 1297 1278
f 1278 1297 1298
f 1278 1298 1277
f 1277 1298 1299
f 1277 1299 1276
f 1276 1299 1300
f 1276 1300 1275
f 1275 1300 1301
f 1275 1301 1077
f 1077 1301 1073
f 1287 1250 1288
f 1288 1250 1252
f 1288 1252 1289
f 1289 1252 1265
f 1289 1265 1290
f 1290 1265 1264
f 1290 1264 1291
f 1291 1264 1263
f 1291 1263 1292
f 1292 1263 1262
f 1292 1262 1293
f 1293 1262 1261
f 1293 1261 1294
f 1294 1261 1260
f 1294 1260 1295
f 1295 1260 1259
f 1295 1259 1296
f 1296 1259 1258
f 1296 1258 1297
f 1297 1258 1257
f 1297 1257 1298
f 1298 1257 1256
f 1298 1256 1299
f 1299 1256 1255
f 1299 1255 1300
f 1300 1255 1254
f 1300 1254 1301
f 1301 1254 1253
f 1301 1253 1073
f 1073 1253 840
f 1250 1287 1302
f 1303 1304 1305
f 1305 1304 1306
f 1305 1306 1307
f 1308 1309 1310
f 1310 1309 1311
f 1310 1311 1312
f 1312 1311 1313
f 1312 1313 1314
f 1314 1313 1315
f 1314 1315 1316
f 1316 1315 1317
f 1316 1317 1318
f 1318 1317 1319
f 1318 1319 1320
f 1320 1319 1321
f 1320 1321 1322
f 1322 1321 1323
f 1322 1323 1324
f 1324 1323 1325
f 1324 1325 1326
f 1326 1325 1327
f 1326 1327 1328
f 1328 1327 1329
f 1328 1329 1330
f 1330 1329 1331
f 1330 1331 1332
f 1332 1331 1333
f 1332 1333 1334
f 1334 1333 1335
f 1334 1335 1336
f 1336 1335 1337
f 1336 1337 1338
f 1338 1337 1339
f 1338 1339 1340
f 1340 1339 1341
f 1340 1341 1342
f 1342 1341 1343
f 1342 1343 1344
f 1344 1343 1345
f 1344 1345 1346
f 1346 1345 1347
f 1346 1347 1348
f 1348 1347 1349
f 1348 1349 1350
f 1350 1349 1351
f 1350 1351 1352
f 1352 1351 1302
f 1352 1302 1353
f 1353 1302 1287
f 1353 1287 1269
f 1251 1354 844
f 844 1354 1355
f 844 1355 872
f 1355 1356 872
f 872 1356 1357
f 872 1357 877
f 877 1357 1358
f 877 1358 875
f 875 1358 873
f 882 884 1359
f 1359 884 886
f 1359 886 1358
f 1358 886 888
f 1358 888 873
f 1360 890 1361
f 1361 890 898
f 1361 898 1362
f 1362 898 897
f 1362 897 1363
f 1363 897 895
f 1363 895 1364
f 1364 895 894
f 1364 894 1365
f 1365 894 880
f 1365 880 1366
f 1366 880 882
f 1366 882 1367
f 1367 882 1359
f 899 893 1360
f 1360 893 892
f 1360 892 890
f 1360 1368 899
f 899 1368 1369
f 899 1369 900
f 900 1369 1370
f 900 1370 907
f 907 1370 908
f 908 1370 1371
f 908 1371 909
f 909 1371 1372
f 909 1372 903
f 903 1372 1373
f 903 1373 905
f 905 1373 1374
f 905 1374 906
f 906 1374 1375
f 906 1375 910
f 910 1375 1307
f 910 1307 911
f 911 1307 1306
f 911 1306 913
f 913 1306 1304
f 913 1304 914
f 1251 1250 1354
f 1354 1250 1302
f 1354 1302 1355
f 1355 1302 1351
f 1355 1351 1356
f 1356 1351 1349
f 1356 1349 1357
f 1357 1349 1347
f 1357 1347 1358
f 1358 1347 1345
f 1358 1345 1359
f 1359 1345 1343
f 1359 1343 1367
f 1367 1343 1341
f 1367 1341 1366
f 1366 1341 1339
f 1366 1339 1365
f 1365 1339 1337
f 1365 1337 1364
f 1364 1337 1335
f 1364 1335 1363
f 1363 1335 1333
f 1363 1333 1362
f 1362 1333 1331
f 1362 1331 1361
f 1361 1331 1329
f 1361 1329 1360
f 1360 1329 1327
f 1360 1327 1368
f 1368 1327 1325
f 1368 1325 1369
f 1369 1325 1323
f 1369 1323 1370
f 1370 1323 1321
f 1370 1321 1371
f 1371 1321 1319
f 1371 1319 1372
f 1372 1319 1317
f 1372 1317 1373
f 1373 1317 1315
f 1373 1315 1374
f 1374 1315 1313
f 1374 1313 1375
f 1375 1313 1311
f 1375 1311 1307
f 1307 1311 1309
f 1307 1309 1305
f 1305 1309 1308
f 1305 1308 1303
f 1376 1377 1378
f 1352 1353 622
f 622 1353 1269
f 622 1269 1379
f 1336 1338 1380
f 1380 1338 1340
f 1380 1340 1342
f 1342 1344 1380
f 1380 1344 1346
f 1380 1346 1381
f 1381 1346 1348
f 1381 1348 1350
f 1332 1334 1378
f 1378 1324 1326
f 1326 1328 1378
f 1378 1328 1330
f 1378 1330 1332
f 1303 1308 1378
f 1378 1308 1310
f 1378 1310 1312
f 1312 1314 1378
f 1378 1314 1316
f 1378 1316 1318
f 1318 1320 1378
f 1378 1320 1322
f 1378 1322 1324
f 1377 1382 1378
f 1378 1382 1383
f 1378 1383 1303
f 1384 1376 1380
f 1380 1376 1378
f 1380 1378 1336
f 1336 1378 1334
f 1385 1381 622
f 622 1381 1350
f 622 1350 1352
f 1385 1386 1381
f 1381 1386 1387
f 1381 1387 1380
f 1380 1387 1388
f 1380 1388 1384
f 950 1389 77
f 1390 947 1391
f 1391 947 946
f 1391 946 1392
f 1392 946 945
f 1392 945 1393
f 1393 945 944
f 1393 944 1394
f 1394 944 919
f 1394 919 1395
f 948 942 1390
f 1390 942 941
f 1390 941 947
f 1390 1396 948
f 948 1396 1397
f 948 1397 949
f 950 949 1389
f 1389 949 1397
f 1389 1397 1398
f 1398 1397 1396
f 1398 1396 1399
f 1399 1396 1390
f 1399 1390 1400
f 1400 1390 1391
f 1400 1391 1401
f 1401 1391 1392
f 1401 1392 1402
f 1402 1392 1393
f 1402 1393 1403
f 1403 1393 1394
f 1403 1394 1404
f 1404 1394 1395
f 1404 1395 407
f 914 1304 1405
f 914 1405 938
f 938 1405 1406
f 938 1406 939
f 939 1406 1407
f 939 1407 940
f 940 1407 1408
f 940 1408 936
f 936 1408 937
f 937 1408 1409
f 937 1409 932
f 932 1409 1410
f 932 1410 933
f 933 1410 1411
f 933 1411 934
f 934 1411 1412
f 934 1412 930
f 930 1412 1413
f 930 1413 928
f 928 1413 1414
f 928 1414 926
f 926 1414 1415
f 926 1415 923
f 923 1415 1416
f 923 1416 924
f 924 1416 925
f 925 1416 1417
f 925 1417 921
f 921 1417 1418
f 921 1418 922
f 922 1418 1419
f 922 1419 916
f 916 1419 1420
f 916 1420 918
f 918 1420 1395
f 918 1395 919
f 1304 1303 1421
f 1304 1421 1405
f 1405 1421 1422
f 1405 1422 1406
f 1406 1422 1423
f 1406 1423 1407
f 1407 1423 1424
f 1407 1424 1408
f 1408 1424 1425
f 1408 1425 1409
f 1409 1425 1426
f 1409 1426 1410
f 1410 1426 1427
f 1410 1427 1411
f 1411 1427 1428
f 1411 1428 1412
f 1412 1428 1429
f 1412 1429 1413
f 1413 1429 1430
f 1413 1430 1414
f 1414 1430 1431
f 1414 1431 1415
f 1415 1431 1432
f 1415 1432 1416
f 1416 1432 1433
f 1416 1433 1417
f 1417 1433 1434
f 1417 1434 1418
f 1418 1434 1435
f 1418 1435 1419
f 1419 1435 410
f 1419 410 1420
f 1420 410 407
f 1420 407 1395
f 410 1435 411
f 411 1435 1434
f 411 1434 1433
f 1425 1424 1382
f 1425 1382 1426
f 1433 1432 411
f 411 1432 1431
f 411 1431 1430
f 1430 1429 411
f 411 1429 1428
f 411 1428 1382
f 1382 1428 1427
f 1382 1427 1426
f 1424 1423 1382
f 1382 1423 1422
f 1382 1422 1383
f 1383 1422 1421
f 1383 1421 1303
f 825 1436 1437
f 825 1437 1438
f 1438 1437 1439
f 1438 1439 1440
f 1440 1439 1441
f 1440 1441 1442
f 1442 1441 1443
f 1442 1443 1013
f 830 1444 1445
f 830 1445 1446
f 1446 1445 1447
f 1446 1447 1448
f 1448 1447 1449
f 1448 1449 827
f 1449 1450 827
f 827 1450 818
f 818 1450 820
f 820 1450 1451
f 820 1451 822
f 822 1451 1452
f 822 1452 825
f 825 1452 1436
f 1453 1454 1455
f 1453 1455 1456
f 1456 1455 1457
f 1456 1457 1458
f 1458 1457 1459
f 1458 1459 1460
f 1460 1459 1461
f 1460 1461 1462
f 1462 1461 1463
f 1462 1463 1464
f 1464 1463 1465
f 1464 1465 1466
f 1466 1465 1467
f 1466 1467 1468
f 1468 1467 1469
f 1468 1469 1470
f 1470 1469 1471
f 1470 1471 1472
f 1472 1471 1473
f 1472 1473 1474
f 1474 1473 1475
f 1474 1475 1476
f 1476 1475 1477
f 1476 1477 1478
f 1478 1477 1444
f 1478 1444 830
f 1006 1479 1480
f 1006 1480 1003
f 1003 1480 1481
f 1003 1481 1004
f 1004 1481 1482
f 1004 1482 1001
f 1483 1479 1009
f 1009 1479 1006
f 1013 1443 1014
f 1014 1443 1484
f 1014 1484 1009
f 1009 1484 1483
f 1001 1482 1485
f 1001 1485 1486
f 1486 1485 1487
f 1486 1487 1000
f 1000 1487 1488
f 1000 1488 1489
f 1490 1491 1492
f 1492 1491 1493
f 1493 1494 1495
f 1495 1496 1493
f 1493 1496 1497
f 1493 1497 1492
f 1492 1497 1498
f 1492 1498 1499
f 1500 1501 1502
f 1502 1501 1499
f 1502 1499 1503
f 1503 1499 1498
f 1504 1505 1506
f 1507 1508 1509
f 1509 1508 1510
f 1492 1511 1490
f 1490 1511 1512
f 1490 1512 1513
f 1510 1514 1509
f 1509 1514 1515
f 1509 1515 1516
f 1516 1515 1517
f 1516 1517 1518
f 1513 1504 1490
f 1490 1504 1506
f 1490 1506 1509
f 1509 1506 1519
f 1509 1519 1507
f 1520 1521 1522
f 1522 1521 1523
f 1505 1524 1506
f 1506 1524 1523
f 1506 1523 1525
f 1525 1523 1521
f 1526 1527 1528
f 1528 1527 1529
f 1529 1530 1528
f 1528 1530 1531
f 1528 1531 1532
f 1528 1533 1526
f 1526 1533 1534
f 1526 1534 1535
f 1518 1536 1516
f 1516 1536 1526
f 1516 1526 1537
f 1537 1526 1535
f 1538 1539 1540
f 1541 1505 1542
f 1542 1505 1504
f 1542 1504 1540
f 1540 1504 1513
f 1540 1513 1538
f 1538 1513 1512
f 1538 1512 1543
f 1544 1543 1512
f 1545 1546 1547
f 1544 1512 1546
f 1546 1512 1511
f 1546 1511 1547
f 1548 1549 1547
f 1547 1549 1550
f 1547 1550 1545
f 1511 1492 1499
f 1511 1499 1547
f 1547 1499 1501
f 1547 1501 1548
f 1548 1501 1500
f 1548 1500 1549
f 1549 1500 1502
f 1549 1502 1550
f 1550 1502 1503
f 1550 1503 1545
f 1545 1503 1498
f 1545 1498 1546
f 1551 1544 1546
f 1498 1497 1546
f 1546 1497 1552
f 1546 1552 1551
f 1552 1497 1553
f 1553 1497 1496
f 1553 1496 1554
f 1554 1496 1495
f 1554 1495 1555
f 1555 1495 1494
f 1556 1539 1557
f 1557 1539 1538
f 1557 1538 1558
f 1558 1538 1543
f 1558 1543 1551
f 1551 1543 1544
f 1559 1554 1560
f 1560 1554 1555
f 1559 1556 1554
f 1554 1556 1557
f 1554 1557 1553
f 1553 1557 1558
f 1553 1558 1552
f 1552 1558 1551
f 1561 1562 1563
f 1563 1562 1564
f 1563 1564 1565
f 1565 1564 1566
f 1565 1566 1567
f 1567 1566 1568
f 1567 1568 1569
f 1569 1568 1570
f 1569 1570 1571
f 1571 1570 1572
f 1571 1572 1573
f 1573 1572 1574
f 1573 1574 1575
f 1575 1574 1576
f 1575 1576 1577
f 1577 1576 1578
f 1577 1578 1579
f 1579 1578 1580
f 1579 1580 1581
f 1581 1580 1582
f 1581 1582 1583
f 1583 1582 1584
f 1583 1584 1585
f 1585 1584 1586
f 1585 1586 1587
f 1587 1586 1588
f 1587 1588 1561
f 1561 1588 1562
f 1589 1590 1575
f 1575 1590 1591
f 1575 1591 1573
f 1573 1591 1592
f 1573 1592 1571
f 1571 1592 1593
f 1571 1593 1569
f 1569 1593 1594
f 1569 1594 1567
f 1567 1594 1595
f 1567 1595 1565
f 1565 1595 1596
f 1565 1596 1563
f 1563 1596 1597
f 1563 1597 1561
f 1561 1597 1598
f 1561 1598 1587
f 1587 1598 1599
f 1587 1599 1585
f 1585 1599 1600
f 1585 1600 1583
f 1583 1600 1601
f 1583 1601 1581
f 1581 1601 1602
f 1581 1602 1579
f 1579 1602 1603
f 1579 1603 1577
f 1577 1603 1589
f 1577 1589 1575
f 1604 1597 1605
f 1605 1597 1596
f 1605 1596 1606
f 1606 1596 1595
f 1606 1595 1607
f 1607 1595 1594
f 1607 1594 1608
f 1608 1594 1593
f 1608 1593 1609
f 1609 1593 1592
f 1609 1592 1610
f 1610 1592 1591
f 1610 1591 1611
f 1611 1591 1590
f 1611 1590 1612
f 1612 1590 1589
f 1612 1589 1613
f 1613 1589 1603
f 1613 1603 1614
f 1614 1603 1602
f 1614 1602 1615
f 1615 1602 1601
f 1615 1601 1616
f 1616 1601 1600
f 1616 1600 1617
f 1617 1600 1599
f 1617 1599 1618
f 1618 1599 1598
f 1618 1598 1604
f 1604 1598 1597
f 1619 1620 1621
f 1621 1620 1622
f 1623 1624 1625
f 1625 1624 1626
f 1619 1627 1620
f 1620 1627 1628
f 1620 1628 1623
f 1623 1628 1629
f 1623 1629 1624
f 1620 1623 1630
f 1630 1623 1631
f 1632 1633 1634
f 1632 1634 1631
f 1631 1634 1635
f 1631 1635 1630
f 1630 1635 1636
f 1630 1636 1637
f 1542 1540 1541
f 1541 1540 1630
f 1541 1630 1638
f 1638 1630 1637
f 1632 1625 1633
f 1633 1625 1626
f 1616 1617 1632
f 1604 1605 1625
f 1625 1605 1606
f 1625 1606 1623
f 1623 1606 1607
f 1623 1607 1608
f 1632 1617 1625
f 1625 1617 1618
f 1625 1618 1604
f 1608 1609 1623
f 1623 1609 1610
f 1623 1610 1631
f 1631 1610 1611
f 1631 1611 1612
f 1612 1613 1631
f 1631 1613 1614
f 1631 1614 1632
f 1632 1614 1615
f 1632 1615 1616
f 1639 1640 1641
f 1641 1640 1642
f 1494 1493 1642
f 1559 1560 1622
f 1560 1555 1622
f 1622 1555 1494
f 1622 1494 1640
f 1640 1494 1642
f 1630 1540 1620
f 1620 1540 1539
f 1620 1539 1622
f 1622 1539 1556
f 1622 1556 1559
f 1643 1644 1642
f 1642 1644 1641
f 1644 1645 1641
f 1641 1645 1646
f 1641 1646 1647
f 1647 1646 1648
f 1643 1642 1649
f 1649 1642 1493
f 1649 1493 1491
f 1650 1651 1652
f 1652 1651 1653
f 1652 1653 1654
f 1654 1653 1655
f 1654 1655 1656
f 1656 1655 1657
f 1656 1657 1658
f 1658 1657 1659
f 1658 1659 1660
f 1660 1659 1661
f 1660 1661 1662
f 1662 1661 1663
f 1662 1663 1664
f 1664 1663 1665
f 1664 1665 1666
f 1666 1665 1667
f 1666 1667 1668
f 1668 1667 1669
f 1668 1669 1670
f 1670 1669 1671
f 1670 1671 1672
f 1672 1671 1673
f 1672 1673 1674
f 1674 1673 1675
f 1674 1675 1676
f 1676 1675 1677
f 1676 1677 1678
f 1678 1677 1679
f 1678 1679 1680
f 1680 1679 1650
f 1680 1650 1652
f 1678 1680 1681
f 1681 1680 1652
f 1681 1652 1682
f 1682 1652 1654
f 1682 1654 1683
f 1683 1654 1656
f 1683 1656 1684
f 1684 1656 1658
f 1684 1658 1685
f 1685 1658 1660
f 1685 1660 1686
f 1686 1660 1662
f 1686 1662 1687
f 1687 1662 1664
f 1687 1664 1688
f 1688 1664 1666
f 1688 1666 1689
f 1689 1666 1668
f 1689 1668 1690
f 1690 1668 1670
f 1690 1670 1691
f 1691 1670 1672
f 1691 1672 1692
f 1692 1672 1674
f 1692 1674 1693
f 1693 1674 1676
f 1693 1676 1694
f 1694 1676 1678
f 1694 1678 1681
f 1688 1695 1687
f 1687 1695 1696
f 1687 1696 1686
f 1686 1696 1697
f 1686 1697 1685
f 1685 1697 1698
f 1685 1698 1684
f 1684 1698 1699
f 1684 1699 1683
f 1683 1699 1700
f 1683 1700 1682
f 1682 1700 1701
f 1682 1701 1681
f 1681 1701 1702
f 1681 1702 1694
f 1694 1702 1703
f 1694 1703 1693
f 1693 1703 1704
f 1693 1704 1692
f 1692 1704 1705
f 1692 1705 1691
f 1691 1705 1706
f 1691 1706 1690
f 1690 1706 1707
f 1690 1707 1689
f 1689 1707 1708
f 1689 1708 1688
f 1688 1708 1695
f 1648 1709 1647
f 1647 1709 1710
f 1651 1650 1641
f 1650 1679 1641
f 1641 1679 1677
f 1641 1677 1639
f 1639 1677 1675
f 1639 1675 1673
f 1673 1671 1639
f 1639 1671 1669
f 1639 1669 1710
f 1710 1669 1667
f 1667 1665 1710
f 1710 1665 1663
f 1710 1663 1647
f 1647 1663 1661
f 1647 1661 1659
f 1659 1657 1647
f 1647 1657 1655
f 1647 1655 1641
f 1641 1655 1653
f 1641 1653 1651
f 1710 1709 1711
f 1710 1711 1639
f 1639 1711 1712
f 1639 1712 1640
f 1640 1712 1713
f 1640 1713 1714
f 1714 1715 1640
f 1640 1715 1716
f 1640 1716 1622
f 1450 1717 1451
f 1451 1717 1718
f 1451 1718 1452
f 1452 1718 1719
f 1452 1719 1436
f 1436 1719 1720
f 1721 1717 1449
f 1449 1717 1450
f 1444 1722 1723
f 1444 1723 1445
f 1445 1723 1724
f 1445 1724 1447
f 1447 1724 1721
f 1447 1721 1449
f 1725 1726 1727
f 1725 1727 1728
f 1728 1727 1729
f 1728 1729 1730
f 1731 1732 1733
f 1733 1732 1734
f 1733 1734 1735
f 1735 1734 1736
f 1737 1734 1738
f 1738 1734 1739
f 1738 1739 1740
f 1740 1739 1730
f 1740 1730 1741
f 1741 1730 1742
f 1743 1736 1744
f 1744 1736 1734
f 1744 1734 1745
f 1745 1734 1737
f 1746 1742 1747
f 1747 1742 1730
f 1747 1730 1748
f 1748 1730 1729
f 1749 1750 1751
f 1752 1753 1754
f 1755 1756 1757
f 1757 1756 1751
f 1751 1756 1758
f 1751 1758 1749
f 1754 1753 1759
f 1759 1753 1760
f 1759 1760 1761
f 1761 1760 1762
f 1761 1762 1763
f 1763 1762 1764
f 1763 1764 1765
f 1765 1764 1766
f 1765 1766 1767
f 1767 1766 1768
f 1767 1768 1769
f 1769 1768 1770
f 1769 1770 1771
f 1771 1770 1772
f 1771 1772 1757
f 1757 1772 1773
f 1757 1773 1774
f 1752 1754 1775
f 1775 1754 1776
f 1775 1776 1777
f 1777 1776 1778
f 1777 1778 1779
f 1779 1778 1780
f 1779 1780 1781
f 1781 1780 1782
f 1781 1782 1783
f 1783 1782 1784
f 1783 1784 1785
f 1785 1784 1786
f 1785 1786 1787
f 1787 1786 1788
f 1787 1788 1789
f 1789 1788 1790
f 1789 1790 1722
f 1720 1719 1791
f 1791 1719 1718
f 1791 1718 1790
f 1790 1718 1717
f 1790 1717 1721
f 1774 1792 1757
f 1757 1792 1793
f 1757 1793 1755
f 1721 1724 1790
f 1790 1724 1723
f 1790 1723 1722
f 1794 1750 1795
f 1795 1750 1749
f 1795 1749 1796
f 1796 1749 1758
f 1796 1758 1797
f 1797 1758 1756
f 1756 1755 1797
f 1797 1755 1798
f 1798 1755 1793
f 1798 1793 1799
f 1799 1793 1792
f 1799 1792 1800
f 1800 1792 1774
f 1800 1774 1801
f 1722 1444 1802
f 1722 1802 1789
f 1789 1802 1803
f 1789 1803 1787
f 1787 1803 1804
f 1787 1804 1785
f 1785 1804 1805
f 1785 1805 1783
f 1783 1805 1806
f 1783 1806 1781
f 1781 1806 1807
f 1781 1807 1779
f 1779 1807 1808
f 1779 1808 1777
f 1777 1808 1809
f 1777 1809 1775
f 1775 1809 1810
f 1775 1810 1752
f 1752 1810 1811
f 1752 1811 1753
f 1753 1811 1812
f 1753 1812 1760
f 1760 1812 1813
f 1760 1813 1762
f 1762 1813 1814
f 1762 1814 1764
f 1764 1814 1815
f 1764 1815 1766
f 1766 1815 1816
f 1766 1816 1768
f 1768 1816 1817
f 1768 1817 1770
f 1770 1817 1818
f 1770 1818 1772
f 1772 1818 1819
f 1772 1819 1773
f 1773 1819 1801
f 1773 1801 1774
f 1491 1490 1509
f 1491 1509 1649
f 1649 1509 1516
f 1649 1516 1643
f 1643 1516 1537
f 1643 1537 1644
f 1644 1537 1535
f 1644 1535 1645
f 1645 1535 1534
f 1645 1534 1646
f 1750 1794 1820
f 1709 1751 1711
f 1711 1751 1750
f 1646 1534 1648
f 1648 1534 1533
f 1648 1533 1709
f 1821 1822 1726
f 1750 1820 1711
f 1711 1820 1823
f 1711 1823 1712
f 1712 1823 1821
f 1712 1821 1713
f 1713 1821 1726
f 1713 1726 1714
f 1730 1715 1728
f 1728 1715 1714
f 1728 1714 1725
f 1725 1714 1726
f 1732 1619 1734
f 1734 1619 1621
f 1734 1621 1739
f 1739 1621 1622
f 1739 1622 1730
f 1730 1622 1716
f 1730 1716 1715
f 1731 1628 1732
f 1732 1628 1627
f 1732 1627 1619
f 1634 1633 1525
f 1525 1633 1626
f 1824 1436 1720
f 1525 1521 1634
f 1634 1521 1520
f 1634 1520 1635
f 1635 1520 1522
f 1635 1522 1636
f 1636 1522 1523
f 1636 1523 1637
f 1637 1523 1524
f 1637 1524 1638
f 1638 1524 1505
f 1638 1505 1541
f 1709 1533 1751
f 1751 1533 1528
f 1751 1528 1757
f 1757 1528 1532
f 1757 1532 1771
f 1771 1532 1531
f 1771 1531 1769
f 1769 1531 1530
f 1769 1530 1767
f 1767 1530 1529
f 1767 1529 1765
f 1765 1529 1527
f 1765 1527 1763
f 1763 1527 1526
f 1763 1526 1761
f 1761 1526 1536
f 1761 1536 1759
f 1759 1536 1518
f 1759 1518 1754
f 1754 1518 1517
f 1754 1517 1776
f 1776 1517 1515
f 1776 1515 1778
f 1778 1515 1514
f 1778 1514 1780
f 1780 1514 1510
f 1780 1510 1782
f 1782 1510 1508
f 1782 1508 1784
f 1784 1508 1507
f 1784 1507 1786
f 1786 1507 1519
f 1786 1519 1788
f 1788 1519 1506
f 1788 1506 1790
f 1790 1506 1525
f 1790 1525 1791
f 1791 1525 1626
f 1791 1626 1720
f 1720 1626 1624
f 1720 1624 1824
f 1824 1624 1629
f 1824 1629 1825
f 1825 1629 1628
f 1825 1628 1826
f 1826 1628 1731
f 1826 1731 1443
f 1827 1729 1828
f 1828 1729 1727
f 1828 1727 1822
f 1822 1727 1726
f 1829 1742 1746
f 1829 1746 1830
f 1830 1746 1747
f 1830 1747 1831
f 1831 1747 1748
f 1831 1748 1832
f 1748 1729 1832
f 1832 1729 1827
f 1443 1731 1484
f 1484 1731 1733
f 1484 1733 1483
f 1483 1733 1735
f 1735 1736 1483
f 1483 1736 1479
f 1479 1736 1743
f 1479 1743 1480
f 1480 1743 1744
f 1480 1744 1481
f 1481 1744 1745
f 1481 1745 1482
f 1742 1829 1833
f 1742 1833 1741
f 1741 1833 1834
f 1741 1834 1740
f 1740 1834 1835
f 1740 1835 1738
f 1738 1835 1836
f 1738 1836 1737
f 1737 1836 1482
f 1737 1482 1745
f 119 1798 1799
f 119 1799 1837
f 1837 1799 1800
f 1837 1800 1838
f 1838 1800 1801
f 1838 1801 124
f 1797 1798 118
f 118 1798 119
f 162 1794 160
f 160 1794 1795
f 160 1795 165
f 165 1795 1796
f 165 1796 118
f 118 1796 1797
f 124 1801 1839
f 124 1839 1840
f 1840 1839 1841
f 1840 1841 1842
f 1842 1841 1843
f 1842 1843 1844
f 1844 1843 1845
f 1844 1845 1846
f 1846 1845 1847
f 1846 1847 1848
f 1848 1847 1849
f 1848 1849 1850
f 1850 1849 1851
f 1850 1851 1852
f 1852 1851 1853
f 1852 1853 1854
f 1854 1853 1855
f 1854 1855 1856
f 1856 1855 1857
f 1856 1857 1858
f 1858 1857 1859
f 1858 1859 1860
f 1860 1859 1861
f 1860 1861 1862
f 1862 1861 1454
f 1862 1454 1453
f 167 1822 1863
f 167 1863 1864
f 1864 1863 1865
f 1864 1865 1866
f 1866 1865 1867
f 1866 1867 1868
f 1868 1867 1794
f 1868 1794 162
f 186 1827 188
f 188 1827 1828
f 188 1828 167
f 167 1828 1822
f 959 1829 1830
f 959 1830 1869
f 1869 1830 1831
f 1869 1831 1870
f 1870 1831 1832
f 1870 1832 194
f 1832 1827 194
f 194 1827 186
f 1489 1488 1871
f 1489 1871 1002
f 1002 1871 1872
f 1002 1872 1873
f 1873 1872 1829
f 1873 1829 959
f 1874 1875 1876
f 1877 1878 1876
f 1878 1879 1876
f 1876 1879 1880
f 1876 1880 1874
f 1881 1882 1876
f 1876 1882 1883
f 1876 1883 1884
f 1884 1885 1886
f 1886 1885 1887
f 1886 1887 1888
f 1888 1887 1889
f 1888 1889 1890
f 1884 1886 1876
f 1876 1886 1891
f 1876 1891 1877
f 1892 1893 1894
f 1895 1896 1897
f 1897 1896 1898
f 1892 1894 1899
f 1900 1901 1902
f 1902 1901 1903
f 1904 1902 1905
f 1905 1902 1906
f 1907 1908 1902
f 1903 1909 1902
f 1902 1909 1910
f 1902 1910 1906
f 1904 1911 1902
f 1902 1911 1912
f 1902 1912 1913
f 1913 1912 1890
f 1913 1890 1914
f 1914 1890 1889
f 1914 1889 1915
f 1908 1916 1902
f 1902 1916 1917
f 1902 1917 1900
f 1918 1919 1920
f 1920 1919 1921
f 1920 1921 1922
f 1918 1923 1919
f 1919 1923 1924
f 1919 1924 1902
f 1902 1924 1925
f 1902 1925 1907
f 1926 1927 1898
f 1898 1927 1928
f 1928 1929 1898
f 1898 1929 1930
f 1898 1930 1931
f 1894 1932 1899
f 1899 1932 1933
f 1899 1933 1898
f 1898 1933 1934
f 1898 1934 1935
f 1931 1936 1898
f 1898 1936 1937
f 1898 1937 1897
f 1935 1938 1898
f 1898 1938 1939
f 1898 1939 1926
f 1922 1921 1940
f 1940 1921 1941
f 1940 1941 1942
f 1895 1943 1896
f 1896 1943 1944
f 1896 1944 1941
f 1941 1944 1945
f 1941 1945 1942
f 1932 1894 1946
f 1946 1894 1947
f 1946 1947 1948
f 1949 1950 1951
f 1951 1950 1952
f 1953 1954 1955
f 1955 1954 1951
f 1955 1951 1956
f 1956 1951 1957
f 1952 1958 1951
f 1951 1958 1959
f 1951 1959 1960
f 1947 1957 1948
f 1948 1957 1951
f 1948 1951 1961
f 1961 1951 1960
f 1962 1963 1964
f 1965 1966 1967
f 1968 1969 1970
f 1971 1972 1973
f 1974 1975 1976
f 1977 1978 1979
f 1980 1981 1982
f 1980 1982 1983
f 1978 1984 1968
f 1977 1979 1975
f 1974 1976 1985
f 1964 1986 1987
f 1963 1988 1964
f 1964 1988 1989
f 1964 1989 1986
f 1970 1990 1965
f 1991 1985 1992
f 1992 1985 1976
f 1992 1976 1993
f 1971 1988 1972
f 1972 1988 1963
f 1972 1963 1994
f 1994 1963 1962
f 1994 1962 1995
f 1937 1936 1996
f 1996 1936 1931
f 1930 1929 1997
f 1997 1929 1928
f 1998 1927 1926
f 1975 1979 1976
f 1976 1979 1999
f 1976 1999 1993
f 1993 1999 2000
f 1993 2000 2001
f 2001 2000 2002
f 2001 2002 2003
f 2003 2002 2004
f 2003 2004 2005
f 2005 2004 2006
f 2005 2006 2007
f 2007 2006 2008
f 2007 2008 2009
f 2009 2008 2010
f 2009 2010 2011
f 2011 2010 2012
f 2011 2012 2013
f 2013 2012 2014
f 2013 2014 2015
f 2015 2014 1938
f 2015 1938 1935
f 1987 2016 1964
f 1964 2016 2017
f 1964 2017 1962
f 1962 2017 2018
f 1962 2018 1995
f 1995 2018 2019
f 1995 2019 2020
f 2020 2019 2021
f 2020 2021 2022
f 2022 2021 2023
f 2022 2023 2024
f 2024 2023 2025
f 2024 2025 2026
f 2026 2025 2027
f 2026 2027 2028
f 2028 2027 2029
f 2028 2029 2030
f 1933 2030 1934
f 1934 2030 2029
f 1934 2029 1935
f 1984 1983 1968
f 1968 1983 1982
f 1968 1982 1969
f 1969 1982 2031
f 1969 2031 2032
f 2032 2031 2033
f 2032 2033 2034
f 2034 2033 2035
f 2034 2035 2036
f 2036 2035 2037
f 2036 2037 2038
f 1970 1969 1990
f 1990 1969 2032
f 1990 2032 2039
f 2039 2032 2034
f 2039 2034 2040
f 2040 2034 2036
f 2040 2036 2041
f 2041 2036 2038
f 2041 2038 2042
f 1965 1990 1966
f 1966 1990 2039
f 1966 2039 2043
f 2043 2039 2040
f 2043 2040 2044
f 2044 2040 2041
f 2044 2041 2045
f 2045 2041 2042
f 2045 2042 2046
f 1967 1966 2047
f 2047 1966 2043
f 2047 2043 2048
f 2048 2043 2044
f 2048 2044 2049
f 2049 2044 2045
f 2049 2045 2050
f 2050 2045 2046
f 2050 2046 2051
f 2052 2053 2054
f 2054 2053 2055
f 2054 2055 2056
f 2056 2055 2057
f 2056 2057 2058
f 2058 2057 2059
f 2058 2059 2060
f 2060 2059 2061
f 1978 1968 1979
f 1979 1968 1970
f 1979 1970 1999
f 1999 1970 1965
f 1999 1965 2000
f 2000 1965 1967
f 2000 1967 2002
f 2002 1967 2047
f 2002 2047 2004
f 2004 2047 2048
f 2004 2048 2006
f 2006 2048 2049
f 2006 2049 2008
f 2008 2049 2050
f 2008 2050 2010
f 2010 2050 2051
f 2010 2051 2012
f 1897 1937 2062
f 2062 1937 1996
f 2062 1996 2063
f 2064 2063 2065
f 2065 2063 1996
f 2065 1996 1997
f 1997 1996 1931
f 1997 1931 1930
f 2066 2064 2067
f 2067 2064 2065
f 2067 2065 2068
f 2068 2065 1997
f 2068 1997 1998
f 1998 1997 1928
f 1998 1928 1927
f 2060 2066 2058
f 2058 2066 2067
f 2058 2067 2056
f 2056 2067 2068
f 2056 2068 2054
f 2054 2068 1998
f 2054 1998 2052
f 2052 1998 1926
f 2052 1926 1939
f 2037 2061 2038
f 2038 2061 2059
f 2038 2059 2042
f 2042 2059 2057
f 2042 2057 2046
f 2046 2057 2055
f 2046 2055 2051
f 2051 2055 2053
f 2051 2053 2012
f 2012 2053 2052
f 2012 2052 2014
f 2014 2052 1939
f 2014 1939 1938
f 1935 2029 2015
f 2015 2029 2027
f 2015 2027 2013
f 2013 2027 2025
f 2013 2025 2011
f 2011 2025 2023
f 2011 2023 2009
f 2009 2023 2021
f 2009 2021 2007
f 2007 2021 2019
f 2007 2019 2005
f 2005 2019 2018
f 2005 2018 2003
f 2003 2018 2017
f 2003 2017 2001
f 2001 2017 2016
f 2001 2016 1993
f 1993 2016 1987
f 1993 1987 1992
f 1992 1987 2069
f 1992 2069 1991
f 1933 1932 2030
f 2030 1932 1946
f 2030 1946 2028
f 2028 1946 1948
f 2028 1948 2026
f 2026 1948 1961
f 2026 1961 2024
f 2024 1961 1960
f 2024 1960 2022
f 2022 1960 1959
f 2022 1959 2020
f 2020 1959 1958
f 2020 1958 1995
f 1995 1958 1952
f 1995 1952 1994
f 1994 1952 1950
f 1994 1950 1972
f 1972 1950 1949
f 1972 1949 1973
f 2070 1924 1923
f 2071 2072 2073
f 2074 2075 2071
f 2076 2077 2078
f 2078 2077 2075
f 2079 2080 2076
f 2081 2082 2080
f 2083 2084 2082
f 2085 2086 2087
f 2087 2086 2084
f 2088 2089 2085
f 2090 2091 2089
f 2092 2093 2091
f 2094 2095 2096
f 2096 2095 2093
f 1981 2094 1982
f 1982 2094 2096
f 1982 2096 2031
f 2031 2096 2097
f 2031 2097 2033
f 2033 2097 2098
f 2033 2098 2035
f 2035 2098 2099
f 2035 2099 2037
f 2037 2099 2100
f 2037 2100 2061
f 2061 2100 2101
f 2061 2101 2060
f 2060 2101 2102
f 2060 2102 2066
f 2066 2102 2103
f 2066 2103 2064
f 2064 2103 2104
f 2064 2104 2063
f 2063 2104 2105
f 2063 2105 2062
f 2062 2105 2106
f 2062 2106 1897
f 2093 2092 2096
f 2096 2092 2107
f 2096 2107 2097
f 2097 2107 2108
f 2097 2108 2098
f 2098 2108 2109
f 2098 2109 2099
f 2099 2109 2110
f 2099 2110 2100
f 2100 2110 2111
f 2100 2111 2101
f 2101 2111 2112
f 2101 2112 2102
f 2102 2112 2113
f 2102 2113 2103
f 2103 2113 2114
f 2103 2114 2104
f 2104 2114 2115
f 2104 2115 2105
f 2105 2115 2116
f 2105 2116 2106
f 2106 2116 1895
f 2106 1895 1897
f 2091 2090 2092
f 2092 2090 2117
f 2092 2117 2107
f 2107 2117 2118
f 2107 2118 2108
f 2108 2118 2119
f 2108 2119 2109
f 2109 2119 2120
f 2109 2120 2110
f 2110 2120 2121
f 2110 2121 2111
f 2111 2121 2122
f 2111 2122 2112
f 2112 2122 2123
f 2112 2123 2113
f 2113 2123 2124
f 2113 2124 2114
f 2114 2124 2125
f 2114 2125 2115
f 2115 2125 2126
f 2115 2126 2116
f 2116 2126 1943
f 2116 1943 1895
f 2089 2088 2090
f 2090 2088 2127
f 2090 2127 2117
f 2117 2127 2128
f 2117 2128 2118
f 2118 2128 2129
f 2118 2129 2119
f 2119 2129 2130
f 2119 2130 2120
f 2120 2130 2131
f 2120 2131 2121
f 2121 2131 2132
f 2121 2132 2122
f 2122 2132 2133
f 2122 2133 2123
f 2123 2133 2134
f 2123 2134 2124
f 2124 2134 2135
f 2124 2135 2125
f 2125 2135 2136
f 2125 2136 2126
f 2126 2136 1944
f 2126 1944 1943
f 2085 2087 2088
f 2088 2087 2137
f 2088 2137 2127
f 2127 2137 2138
f 2127 2138 2128
f 2128 2138 2139
f 2128 2139 2129
f 2129 2139 2140
f 2129 2140 2130
f 2130 2140 2141
f 2130 2141 2131
f 2131 2141 2142
f 2131 2142 2132
f 2132 2142 2143
f 2132 2143 2133
f 2133 2143 2144
f 2133 2144 2134
f 2134 2144 2145
f 2134 2145 2135
f 2135 2145 2146
f 2135 2146 2136
f 2136 2146 1945
f 2136 1945 1944
f 2084 2083 2087
f 2087 2083 2147
f 2087 2147 2137
f 2137 2147 2148
f 2137 2148 2138
f 2138 2148 2149
f 2138 2149 2139
f 2139 2149 2150
f 2139 2150 2140
f 2140 2150 2151
f 2140 2151 2141
f 2141 2151 2152
f 2141 2152 2142
f 2142 2152 2153
f 2142 2153 2143
f 2143 2153 2154
f 2143 2154 2144
f 2144 2154 2155
f 2144 2155 2145
f 2145 2155 2156
f 2145 2156 2146
f 2146 2156 1942
f 2146 1942 1945
f 2082 2081 2083
f 2083 2081 2157
f 2083 2157 2147
f 2147 2157 2158
f 2147 2158 2148
f 2148 2158 2159
f 2148 2159 2149
f 2149 2159 2160
f 2149 2160 2150
f 2150 2160 2161
f 2150 2161 2151
f 2151 2161 2162
f 2151 2162 2152
f 2152 2162 2163
f 2152 2163 2153
f 2153 2163 2164
f 2153 2164 2154
f 2154 2164 2165
f 2154 2165 2155
f 2155 2165 2166
f 2155 2166 2156
f 2156 2166 1940
f 2156 1940 1942
f 2080 2079 2081
f 2081 2079 2167
f 2081 2167 2157
f 2157 2167 2168
f 2157 2168 2158
f 2158 2168 2169
f 2158 2169 2159
f 2159 2169 2170
f 2159 2170 2160
f 2160 2170 2171
f 2160 2171 2161
f 2161 2171 2172
f 2161 2172 2162
f 2162 2172 2173
f 2162 2173 2163
f 2163 2173 2174
f 2163 2174 2164
f 2164 2174 2175
f 2164 2175 2165
f 2165 2175 2176
f 2165 2176 2166
f 2166 2176 1922
f 2166 1922 1940
f 2076 2078 2079
f 2079 2078 2177
f 2079 2177 2167
f 2167 2177 2178
f 2167 2178 2168
f 2168 2178 2179
f 2168 2179 2169
f 2169 2179 2180
f 2169 2180 2170
f 2170 2180 2181
f 2170 2181 2171
f 2171 2181 2182
f 2171 2182 2172
f 2172 2182 2183
f 2172 2183 2173
f 2173 2183 2184
f 2173 2184 2174
f 2174 2184 2185
f 2174 2185 2175
f 2175 2185 2186
f 2175 2186 2176
f 2176 2186 1920
f 2176 1920 1922
f 2075 2074 2078
f 2078 2074 2187
f 2078 2187 2177
f 2177 2187 2188
f 2177 2188 2178
f 2178 2188 2189
f 2178 2189 2179
f 2179 2189 2190
f 2179 2190 2180
f 2180 2190 2191
f 2180 2191 2181
f 2181 2191 2192
f 2181 2192 2182
f 2182 2192 2193
f 2182 2193 2183
f 2183 2193 2194
f 2183 2194 2184
f 2184 2194 2195
f 2184 2195 2185
f 2185 2195 2196
f 2185 2196 2186
f 2186 2196 1918
f 2186 1918 1920
f 2071 2073 2074
f 2074 2073 2197
f 2074 2197 2187
f 2187 2197 2198
f 2187 2198 2188
f 2188 2198 2199
f 2188 2199 2189
f 2189 2199 2200
f 2189 2200 2190
f 2190 2200 2201
f 2190 2201 2191
f 2191 2201 2202
f 2191 2202 2192
f 2192 2202 2203
f 2192 2203 2193
f 2193 2203 2204
f 2193 2204 2194
f 2194 2204 2205
f 2194 2205 2195
f 2195 2205 2070
f 2195 2070 2196
f 2196 2070 1923
f 2196 1923 1918
f 1925 1924 2206
f 2206 1924 2070
f 2206 2070 2207
f 2207 2070 2205
f 2207 2205 2208
f 2208 2205 2204
f 2208 2204 2209
f 2209 2204 2203
f 2209 2203 2210
f 2210 2203 2202
f 2210 2202 2211
f 2211 2202 2201
f 2211 2201 2212
f 2212 2201 2200
f 2212 2200 2213
f 2213 2200 2199
f 2213 2199 2214
f 2214 2199 2198
f 2214 2198 2215
f 2215 2198 2197
f 2215 2197 2216
f 2216 2197 2073
f 2216 2073 2217
f 2217 2073 2072
f 2218 2219 2220
f 2221 2222 2223
f 2224 2225 2226
f 2227 2228 2229
f 2230 2231 2232
f 2233 2234 2235
f 2236 2237 2234
f 2224 2238 2239
f 2240 2237 2241
f 2241 2237 2236
f 2241 2236 2242
f 2217 2218 2216
f 2216 2218 2220
f 2216 2220 2215
f 2215 2220 2243
f 2215 2243 2214
f 2214 2243 2244
f 2214 2244 2213
f 2219 2240 2220
f 2220 2240 2241
f 2220 2241 2243
f 2243 2241 2242
f 2243 2242 2244
f 1888 1890 1912
f 1911 1904 2245
f 2245 1904 1905
f 1906 1910 2246
f 2246 1910 1909
f 2247 1903 1901
f 2248 2249 2250
f 2250 2249 2251
f 2250 2251 2252
f 2252 2251 2253
f 2252 2253 2254
f 2254 2253 2255
f 2254 2255 2256
f 2256 2255 2257
f 2256 2257 2258
f 2258 2257 2259
f 2258 2259 2260
f 2260 2259 2261
f 2260 2261 2262
f 2262 2261 2263
f 2262 2263 2264
f 2264 2263 2265
f 2264 2265 2229
f 2229 2265 2266
f 2229 2266 2227
f 1900 1917 2248
f 2248 1917 2267
f 2248 2267 2249
f 2232 2268 2230
f 2230 2268 2269
f 2230 2269 2270
f 2270 2269 2271
f 2270 2271 2272
f 2272 2271 2273
f 2272 2273 2274
f 2274 2273 2275
f 2274 2275 2276
f 2276 2275 2277
f 2276 2277 2278
f 2278 2277 2279
f 2278 2279 2280
f 2280 2279 2281
f 2280 2281 2282
f 2282 2281 2283
f 2282 2283 2284
f 2284 2283 2285
f 2284 2285 2286
f 2286 2285 2287
f 2286 2287 2288
f 1908 2288 1916
f 1916 2288 2287
f 1916 2287 1917
f 2234 2233 2236
f 2236 2233 2289
f 2236 2289 2242
f 2242 2289 2290
f 2242 2290 2244
f 2244 2290 2291
f 2244 2291 2213
f 2213 2291 2292
f 2213 2292 2212
f 2212 2292 2293
f 2212 2293 2211
f 2211 2293 2294
f 2211 2294 2210
f 2210 2294 2295
f 2210 2295 2209
f 2209 2295 2296
f 2209 2296 2208
f 2208 2296 2297
f 2208 2297 2207
f 2207 2297 2298
f 2207 2298 2206
f 1925 2206 1907
f 1907 2206 2298
f 1907 2298 1908
f 2222 2299 2223
f 2223 2299 1875
f 2223 1875 2300
f 2300 1875 1874
f 2300 1874 2301
f 2301 1874 1880
f 2301 1880 2302
f 2302 1880 1879
f 2302 1879 2303
f 2226 2221 2224
f 2224 2221 2223
f 2224 2223 2238
f 2238 2223 2300
f 2238 2300 2304
f 2304 2300 2301
f 2304 2301 2305
f 2305 2301 2302
f 2305 2302 2306
f 2306 2302 2303
f 2306 2303 2307
f 2239 2238 2308
f 2308 2238 2304
f 2308 2304 2309
f 2309 2304 2305
f 2309 2305 2310
f 2310 2305 2306
f 2310 2306 2311
f 2311 2306 2307
f 2311 2307 2312
f 2313 2314 2315
f 2315 2314 2312
f 2315 2312 2316
f 2316 2312 2307
f 2316 2307 2317
f 2317 2307 2303
f 2317 2303 1878
f 1878 2303 1879
f 2314 2318 2312
f 2312 2318 2319
f 2312 2319 2311
f 2311 2319 2320
f 2311 2320 2310
f 2310 2320 2321
f 2310 2321 2309
f 2309 2321 2322
f 2309 2322 2308
f 2308 2322 2323
f 2308 2323 2239
f 1912 1911 1888
f 1888 1911 2245
f 1888 2245 1886
f 1891 1886 2324
f 2324 1886 2245
f 2324 2245 2246
f 2246 2245 1905
f 2246 1905 1906
f 1877 1891 2325
f 2325 1891 2324
f 2325 2324 2326
f 2326 2324 2246
f 2326 2246 2247
f 2247 2246 1909
f 2247 1909 1903
f 1878 1877 2317
f 2317 1877 2325
f 2317 2325 2316
f 2316 2325 2326
f 2316 2326 2315
f 2315 2326 2247
f 2315 2247 2313
f 2313 2247 1901
f 2313 1901 1900
f 1900 2248 2313
f 2313 2248 2250
f 2313 2250 2314
f 2314 2250 2252
f 2314 2252 2318
f 2318 2252 2254
f 2318 2254 2319
f 2319 2254 2256
f 2319 2256 2320
f 2320 2256 2258
f 2320 2258 2321
f 2321 2258 2260
f 2321 2260 2322
f 2322 2260 2262
f 2322 2262 2323
f 2323 2262 2264
f 2323 2264 2239
f 2239 2264 2229
f 2239 2229 2224
f 2224 2229 2228
f 2224 2228 2225
f 1917 2287 2267
f 2267 2287 2285
f 2267 2285 2249
f 2249 2285 2283
f 2249 2283 2251
f 2251 2283 2281
f 2251 2281 2253
f 2253 2281 2279
f 2253 2279 2255
f 2255 2279 2277
f 2255 2277 2257
f 2257 2277 2275
f 2257 2275 2259
f 2259 2275 2273
f 2259 2273 2261
f 2261 2273 2271
f 2261 2271 2263
f 2263 2271 2269
f 2263 2269 2265
f 2265 2269 2268
f 2265 2268 2266
f 2266 2268 2232
f 2266 2232 2227
f 1908 2298 2288
f 2288 2298 2297
f 2288 2297 2286
f 2286 2297 2296
f 2286 2296 2284
f 2284 2296 2295
f 2284 2295 2282
f 2282 2295 2294
f 2282 2294 2280
f 2280 2294 2293
f 2280 2293 2278
f 2278 2293 2292
f 2278 2292 2276
f 2276 2292 2291
f 2276 2291 2274
f 2274 2291 2290
f 2274 2290 2272
f 2272 2290 2289
f 2272 2289 2270
f 2270 2289 2233
f 2270 2233 2230
f 2230 2233 2235
f 2230 2235 2231

